frecuencia_compra,engagement,valor_historico,satisfaccion,dias_desde_ultima_compra,presupuesto_empresa,canal_preferido_Instagram,canal_preferido_Llamada,canal_preferido_Web,canal_preferido_WhatsApp,tamaño_empresa_Grande,tamaño_empresa_Mediana,tamaño_empresa_Micro,tamaño_empresa_Pequeña,industria_empresa_Comercio,industria_empresa_Construcción,industria_empresa_Educación,industria_empresa_Manufactura,industria_empresa_Salud,industria_empresa_Servicios Profesionales,industria_empresa_Tecnología,industria_empresa_Turismo
-0.4988509476821572,1.6254357030210451,-0.9632180877428433,-0.0068550250150934385,-0.0598665297101595,-0.45912704425701417,1.0,0.0,0.0,0.0,0.0,0.0,1.0,0.0,0.0,0.0,0.0,0.0,0.0,0.0,0.0,1.0
-0.4988509476821572,-0.2554782653728563,0.44005024824557054,-0.7070023526930482,-1.4946950999742148,-0.48511919195338205,0.0,0.0,1.0,0.0,0.0,0.0,1.0,0.0,0.0,0.0,0.0,1.0,0.0,0.0,0.0,0.0
1.3462816933743154,0.8872275326298903,-0.42886279187466214,0.6932923026628613,0.5887546047927696,-0.3946419035460783,0.0,0.0,0.0,1.0,0.0,0.0,0.0,1.0,0.0,1.0,0.0,0.0,0.0,0.0,0.0,0.0
1.3462816933743154,0.8872275326298903,-0.42886279187466214,0.6932923026628613,0.5887546047927696,-0.49410739765399353,0.0,0.0,0.0,1.0,0.0,0.0,0.0,1.0,0.0,1.0,0.0,0.0,0.0,0.0,0.0,0.0
1.3462816933743154,0.8872275326298903,-0.42886279187466214,0.6932923026628613,0.5887546047927696,-0.006131424674109931,0.0,0.0,0.0,1.0,0.0,0.0,0.0,1.0,0.0,1.0,0.0,0.0,0.0,0.0,0.0,0.0
-0.4988509476821572,0.9681270581522088,-1.1632047756571673,1.393439630340816,-0.0598665297101595,-0.5663744351515559,0.0,0.0,1.0,0.0,0.0,0.0,1.0,0.0,0.0,1.0,0.0,0.0,0.0,0.0,0.0,0.0
-0.4988509476821572,-0.04985863800363049,-1.5174582225199242,0.6932923026628613,-0.5905565488489197,-0.5340407414929849,0.0,0.0,0.0,1.0,0.0,0.0,1.0,0.0,0.0,0.0,0.0,1.0,0.0,0.0,0.0,0.0
-0.4988509476821572,1.4636366519764086,1.579197286051078,-0.0068550250150934385,-0.4922806193787789,-0.4587280251945096,0.0,0.0,0.0,1.0,0.0,0.0,1.0,0.0,0.0,0.0,0.0,1.0,0.0,0.0,0.0,0.0
-0.4988509476821572,0.37149305742511085,-1.3504868419216374,-0.7070023526930482,-0.9050395231533702,-0.010745920756785519,0.0,0.0,0.0,1.0,0.0,0.0,0.0,1.0,0.0,0.0,0.0,0.0,0.0,1.0,0.0,0.0
1.3462816933743154,1.440040957032399,-1.2014474389447622,-1.407149680371003,-0.9246947090473984,-0.4522310019122911,0.0,1.0,0.0,0.0,0.0,0.0,1.0,0.0,0.0,0.0,0.0,1.0,0.0,0.0,0.0,0.0
1.3462816933743154,1.440040957032399,-1.2014474389447622,-1.407149680371003,-0.9246947090473984,-0.6139449714625766,0.0,1.0,0.0,0.0,0.0,0.0,1.0,0.0,0.0,0.0,0.0,1.0,0.0,0.0,0.0,0.0
1.3462816933743154,1.440040957032399,-1.2014474389447622,-1.407149680371003,-0.9246947090473984,-0.5681778493167635,0.0,1.0,0.0,0.0,0.0,0.0,1.0,0.0,0.0,0.0,0.0,1.0,0.0,0.0,0.0,0.0
-0.4988509476821572,1.2849835331146222,-1.01542898880749,1.393439630340816,-1.6519365871264402,0.8182175918807119,1.0,0.0,0.0,0.0,0.0,1.0,0.0,0.0,0.0,0.0,0.0,0.0,0.0,1.0,0.0,0.0
-0.4988509476821572,1.2849835331146222,-1.01542898880749,1.393439630340816,-1.6519365871264402,1.1321151884734588,1.0,0.0,0.0,0.0,0.0,1.0,0.0,0.0,0.0,0.0,0.0,0.0,0.0,1.0,0.0,0.0
-0.4988509476821572,1.7029644149799337,-0.567469529470787,-1.407149680371003,0.41185793174651625,-0.6229283391043912,0.0,0.0,0.0,1.0,0.0,0.0,1.0,0.0,1.0,0.0,0.0,0.0,0.0,0.0,0.0,0.0
-0.4988509476821572,-0.8352581982828043,0.33895979772434465,-0.7070023526930482,-0.5905565488489197,-0.5142607526991995,0.0,0.0,1.0,0.0,0.0,0.0,1.0,0.0,1.0,0.0,0.0,0.0,0.0,0.0,0.0,0.0
-0.4988509476821572,-0.8352581982828043,0.33895979772434465,-0.7070023526930482,-0.5905565488489197,-0.5327622860881684,0.0,0.0,1.0,0.0,0.0,0.0,1.0,0.0,1.0,0.0,0.0,0.0,0.0,0.0,0.0,0.0
-0.4988509476821572,1.1771174990848643,-1.072692033690153,0.6932923026628613,-1.4160743563981022,-0.4584436831424091,1.0,0.0,0.0,0.0,0.0,0.0,0.0,1.0,0.0,0.0,0.0,0.0,0.0,0.0,0.0,1.0
-0.4988509476821572,-0.8824495881708232,0.6395182617715954,-1.407149680371003,0.17599570101817838,-0.5618933284632411,1.0,0.0,0.0,0.0,0.0,0.0,1.0,0.0,0.0,0.0,0.0,0.0,0.0,0.0,1.0,0.0
-0.4988509476821572,-1.330767792107004,1.253035801024375,0.6932923026628613,-1.6912469589144965,-0.2448613030922174,0.0,0.0,0.0,1.0,0.0,0.0,0.0,1.0,0.0,1.0,0.0,0.0,0.0,0.0,0.0,0.0
-0.4988509476821572,-1.330767792107004,1.253035801024375,0.6932923026628613,-1.6912469589144965,-0.4986141114497328,0.0,0.0,0.0,1.0,0.0,0.0,0.0,1.0,0.0,1.0,0.0,0.0,0.0,0.0,0.0,0.0
-0.4988509476821572,1.6389189572747649,1.6362038946030608,0.6932923026628613,-0.1581424591803003,-0.5965686686959052,1.0,0.0,0.0,0.0,0.0,0.0,1.0,0.0,1.0,0.0,0.0,0.0,0.0,0.0,0.0,0.0
-0.4988509476821572,1.6389189572747649,1.6362038946030608,0.6932923026628613,-0.1581424591803003,-0.49738034116557256,1.0,0.0,0.0,0.0,0.0,0.0,1.0,0.0,1.0,0.0,0.0,0.0,0.0,0.0,0.0,0.0
-0.4988509476821572,1.6389189572747649,1.6362038946030608,0.6932923026628613,-0.1581424591803003,-0.5170953328266676,1.0,0.0,0.0,0.0,0.0,0.0,1.0,0.0,1.0,0.0,0.0,0.0,0.0,0.0,0.0,0.0
0.42371537284607913,1.2748710924243323,-0.6326101591904999,-0.0068550250150934385,1.276686111083755,2.8675170004143404,0.0,1.0,0.0,0.0,1.0,0.0,0.0,0.0,0.0,1.0,0.0,0.0,0.0,0.0,0.0,0.0
-0.4988509476821572,-1.6476242670694177,0.8993056699314675,-1.407149680371003,-1.7305573307025528,-0.5707997899045575,0.0,1.0,0.0,0.0,0.0,0.0,1.0,0.0,0.0,1.0,0.0,0.0,0.0,0.0,0.0,0.0
-0.4988509476821572,-1.5903204364911088,1.0369504812011947,-0.7070023526930482,-0.41365987580266633,-0.34272256611146756,0.0,0.0,0.0,1.0,0.0,0.0,0.0,1.0,1.0,0.0,0.0,0.0,0.0,0.0,0.0,0.0
-0.4988509476821572,-0.0903084007647895,0.9995908407536344,0.6932923026628613,1.5518587136001494,-0.20700138410878086,0.0,0.0,0.0,1.0,0.0,0.0,0.0,1.0,0.0,0.0,0.0,1.0,0.0,0.0,0.0,0.0
0.42371537284607913,-0.8554830796633839,-1.1070220123304464,-0.7070023526930482,-0.1581424591803003,-0.5446876374569243,0.0,0.0,0.0,1.0,0.0,0.0,1.0,0.0,0.0,0.0,0.0,0.0,0.0,0.0,0.0,1.0
0.42371537284607913,-0.8554830796633839,-1.1070220123304464,-0.7070023526930482,-0.1581424591803003,-0.5606534208305396,0.0,0.0,0.0,1.0,0.0,0.0,1.0,0.0,0.0,0.0,0.0,0.0,0.0,0.0,0.0,1.0
-0.4988509476821572,0.2467729555782033,-0.5521460082809097,0.6932923026628613,0.1563405151241502,-0.3980022128670525,0.0,0.0,0.0,1.0,0.0,0.0,0.0,1.0,0.0,0.0,0.0,0.0,0.0,0.0,0.0,1.0
-0.4988509476821572,-1.4015548769390327,1.4556181815709686,-0.0068550250150934385,-0.41365987580266633,-0.6234375562186834,0.0,0.0,0.0,1.0,0.0,0.0,1.0,0.0,0.0,0.0,1.0,0.0,0.0,0.0,0.0,0.0
-0.4988509476821572,-1.1116649104840586,0.10725854967358824,-1.407149680371003,-1.1605569397757363,3.888674638239368,1.0,0.0,0.0,0.0,1.0,0.0,0.0,0.0,1.0,0.0,0.0,0.0,0.0,0.0,0.0,0.0
-0.4988509476821572,-0.35323185871232415,1.3694184434100105,1.393439630340816,1.001513508567361,-0.21008042005192518,1.0,0.0,0.0,0.0,0.0,0.0,0.0,1.0,0.0,0.0,1.0,0.0,0.0,0.0,0.0,0.0
-0.4988509476821572,-1.0341361985251702,-1.215335612890063,-0.7070023526930482,0.5494442330047133,-0.5016248726549021,0.0,1.0,0.0,0.0,0.0,0.0,1.0,0.0,0.0,0.0,0.0,0.0,0.0,0.0,0.0,1.0
-0.4988509476821572,-1.0341361985251702,-1.215335612890063,-0.7070023526930482,0.5494442330047133,-0.5345493056978577,0.0,1.0,0.0,0.0,0.0,0.0,1.0,0.0,0.0,0.0,0.0,0.0,0.0,0.0,0.0,1.0
-0.4988509476821572,-1.0341361985251702,-1.215335612890063,-0.7070023526930482,0.5494442330047133,-0.5841292490958719,0.0,1.0,0.0,0.0,0.0,0.0,1.0,0.0,0.0,0.0,0.0,0.0,0.0,0.0,0.0,1.0
-0.4988509476821572,-0.25884907893628617,0.1516475624797945,-0.0068550250150934385,0.01875421386595312,-0.5594378928355543,0.0,0.0,0.0,1.0,0.0,0.0,1.0,0.0,1.0,0.0,0.0,0.0,0.0,0.0,0.0,0.0
-0.4988509476821572,-0.25884907893628617,0.1516475624797945,-0.0068550250150934385,0.01875421386595312,-0.559027539265531,0.0,0.0,0.0,1.0,0.0,0.0,1.0,0.0,1.0,0.0,0.0,0.0,0.0,0.0,0.0,0.0
-0.4988509476821572,-0.25884907893628617,0.1516475624797945,-0.0068550250150934385,0.01875421386595312,-0.5315371407374371,0.0,0.0,0.0,1.0,0.0,0.0,1.0,0.0,1.0,0.0,0.0,0.0,0.0,0.0,0.0,0.0
2.2688480139025518,-1.3476218599241536,1.3797188294165639,-1.407149680371003,0.8049616496270794,-0.6300704695383386,0.0,0.0,0.0,1.0,0.0,0.0,1.0,0.0,0.0,1.0,0.0,0.0,0.0,0.0,0.0,0.0
2.2688480139025518,-1.3476218599241536,1.3797188294165639,-1.407149680371003,0.8049616496270794,-0.5912381203240008,0.0,0.0,0.0,1.0,0.0,0.0,1.0,0.0,0.0,1.0,0.0,0.0,0.0,0.0,0.0,0.0
-0.4988509476821572,-0.029633756623050886,-0.03295410593910413,1.393439630340816,1.6894450148583464,-0.1294335643797394,0.0,0.0,0.0,1.0,0.0,0.0,0.0,1.0,0.0,0.0,0.0,1.0,0.0,0.0,0.0,0.0
-0.4988509476821572,-1.3543634870510135,0.8482957263430835,-0.7070023526930482,0.13668532923012205,-0.6276058735914991,0.0,0.0,0.0,1.0,0.0,0.0,1.0,0.0,0.0,0.0,0.0,0.0,0.0,1.0,0.0,0.0
-0.4988509476821572,1.237792143226603,1.2781085441616513,1.393439630340816,1.6108242712822338,-0.5950310866007613,0.0,0.0,0.0,1.0,0.0,0.0,1.0,0.0,0.0,0.0,1.0,0.0,0.0,0.0,0.0,0.0
2.2688480139025518,1.4568950248495487,1.5889465079984768,-0.7070023526930482,-0.2367632027564129,-0.04476649730740945,0.0,0.0,0.0,1.0,0.0,0.0,0.0,1.0,0.0,0.0,1.0,0.0,0.0,0.0,0.0,0.0
4.1139806549590245,1.1231844820699852,1.6384305974020443,-1.407149680371003,0.9228927649912483,-0.5971203379806397,0.0,1.0,0.0,0.0,0.0,0.0,1.0,0.0,0.0,0.0,0.0,0.0,0.0,1.0,0.0,0.0
4.1139806549590245,1.1231844820699852,1.6384305974020443,-1.407149680371003,0.9228927649912483,-0.5015360508575019,0.0,1.0,0.0,0.0,0.0,0.0,1.0,0.0,0.0,0.0,0.0,0.0,0.0,1.0,0.0,0.0
4.1139806549590245,1.1231844820699852,1.6384305974020443,-1.407149680371003,0.9228927649912483,-0.5794056714365157,0.0,1.0,0.0,0.0,0.0,0.0,1.0,0.0,0.0,0.0,0.0,0.0,0.0,1.0,0.0,0.0
2.73013117416667,-0.5352557911375404,0.8836410071976083,-0.0068550250150934385,0.6280649765808259,-0.5106989032986791,0.0,0.0,0.0,1.0,0.0,0.0,0.0,1.0,0.0,0.0,0.0,0.0,0.0,1.0,0.0,0.0
2.73013117416667,-0.5352557911375404,0.8836410071976083,-0.0068550250150934385,0.6280649765808259,-0.4265462766159956,0.0,0.0,0.0,1.0,0.0,0.0,0.0,1.0,0.0,0.0,0.0,0.0,0.0,1.0,0.0,0.0
2.73013117416667,-0.5352557911375404,0.8836410071976083,-0.0068550250150934385,0.6280649765808259,-0.045753820402164684,0.0,0.0,0.0,1.0,0.0,0.0,0.0,1.0,0.0,0.0,0.0,0.0,0.0,1.0,0.0,0.0
-0.4988509476821572,-0.7442462320701961,-0.9541499885380205,-0.0068550250150934385,1.6697898289643183,-0.5365895431676301,0.0,0.0,0.0,1.0,0.0,0.0,1.0,0.0,0.0,0.0,1.0,0.0,0.0,0.0,0.0,0.0
-0.4988509476821572,-0.7442462320701961,-0.9541499885380205,-0.0068550250150934385,1.6697898289643183,-0.5040725713059703,0.0,0.0,0.0,1.0,0.0,0.0,1.0,0.0,0.0,0.0,1.0,0.0,0.0,0.0,0.0,0.0
-0.4988509476821572,-0.7442462320701961,-0.9541499885380205,-0.0068550250150934385,1.6697898289643183,-0.6016153385813968,0.0,0.0,0.0,1.0,0.0,0.0,1.0,0.0,0.0,0.0,1.0,0.0,0.0,0.0,0.0,0.0
0.42371537284607913,0.7726198714732726,-1.3144267883082934,1.393439630340816,-0.7281428501071168,0.9270158515770801,1.0,0.0,0.0,0.0,0.0,1.0,0.0,0.0,0.0,0.0,1.0,0.0,0.0,0.0,0.0,0.0
-0.4988509476821572,1.6861103471627836,0.06759562363145669,-0.7070023526930482,-1.7109021448085246,-0.48535306410737156,1.0,0.0,0.0,0.0,0.0,0.0,1.0,0.0,1.0,0.0,0.0,0.0,0.0,0.0,0.0,0.0
1.3462816933743154,-1.2161601309503864,1.049736327028187,1.393439630340816,-1.12124656798768,-0.03982889594041011,0.0,0.0,0.0,1.0,0.0,0.0,0.0,1.0,0.0,0.0,0.0,1.0,0.0,0.0,0.0,0.0
-0.4988509476821572,1.1434093634505649,-0.5743097655312389,-0.7070023526930482,-0.7477980360011449,-0.6149079149196156,1.0,0.0,0.0,0.0,0.0,0.0,1.0,0.0,0.0,0.0,0.0,0.0,0.0,1.0,0.0,0.0
2.73013117416667,1.190600753338584,-0.19992548653739114,1.393439630340816,-1.750212516596581,-0.5561896097127418,1.0,0.0,0.0,0.0,0.0,0.0,1.0,0.0,0.0,0.0,0.0,0.0,0.0,0.0,1.0,0.0
2.73013117416667,1.190600753338584,-0.19992548653739114,1.393439630340816,-1.750212516596581,-0.6163802648346783,1.0,0.0,0.0,0.0,0.0,0.0,1.0,0.0,0.0,0.0,0.0,0.0,0.0,0.0,1.0,0.0
2.73013117416667,1.190600753338584,-0.19992548653739114,1.393439630340816,-1.750212516596581,-0.47595630686673396,1.0,0.0,0.0,0.0,0.0,0.0,1.0,0.0,0.0,0.0,0.0,0.0,0.0,0.0,1.0,0.0
-0.4988509476821572,1.5546486181890165,-1.0255495212789507,-1.407149680371003,-0.09917690149821581,1.7897021357208753,1.0,0.0,0.0,0.0,1.0,0.0,0.0,0.0,0.0,0.0,0.0,0.0,0.0,0.0,0.0,1.0
-0.4988509476821572,1.5546486181890165,-1.0255495212789507,-1.407149680371003,-0.09917690149821581,4.208035970196461,1.0,0.0,0.0,0.0,1.0,0.0,0.0,0.0,0.0,0.0,0.0,0.0,0.0,0.0,0.0,1.0
-0.4988509476821572,0.06137820958955732,0.8605478132917368,0.6932923026628613,0.35289237406443175,-0.5208949914249759,0.0,0.0,0.0,1.0,0.0,0.0,1.0,0.0,0.0,0.0,1.0,0.0,0.0,0.0,0.0,0.0
-0.4988509476821572,0.06137820958955732,0.8605478132917368,0.6932923026628613,0.35289237406443175,-0.47741593810630895,0.0,0.0,0.0,1.0,0.0,0.0,1.0,0.0,0.0,0.0,1.0,0.0,0.0,0.0,0.0,0.0
-0.4988509476821572,0.06137820958955732,0.8605478132917368,0.6932923026628613,0.35289237406443175,-0.48740282752557124,0.0,0.0,0.0,1.0,0.0,0.0,1.0,0.0,0.0,0.0,1.0,0.0,0.0,0.0,0.0,0.0
-0.4988509476821572,1.4198160756518194,1.0462111977403747,-0.7070023526930482,-0.7084876642130886,-0.0036401769647750933,0.0,0.0,0.0,1.0,0.0,0.0,0.0,1.0,0.0,0.0,0.0,1.0,0.0,0.0,0.0,0.0
-0.4988509476821572,1.4198160756518194,1.0462111977403747,-0.7070023526930482,-0.7084876642130886,-0.29088015446463755,0.0,0.0,0.0,1.0,0.0,0.0,0.0,1.0,0.0,0.0,0.0,1.0,0.0,0.0,0.0,0.0
-0.4988509476821572,1.4198160756518194,1.0462111977403747,-0.7070023526930482,-0.7084876642130886,-0.5001922261616263,0.0,0.0,0.0,1.0,0.0,0.0,0.0,1.0,0.0,0.0,0.0,1.0,0.0,0.0,0.0,0.0
-0.4988509476821572,1.6018400080770356,0.763342199128508,-1.407149680371003,-1.769867702490609,-0.46917197079455714,1.0,0.0,0.0,0.0,0.0,0.0,1.0,0.0,1.0,0.0,0.0,0.0,0.0,0.0,0.0,0.0
-0.4988509476821572,1.6018400080770356,0.763342199128508,-1.407149680371003,-1.769867702490609,-0.514025424557205,1.0,0.0,0.0,0.0,0.0,0.0,1.0,0.0,1.0,0.0,0.0,0.0,0.0,0.0,0.0,0.0
0.42371537284607913,1.193971566902014,0.5131241593809422,-0.0068550250150934385,-0.19745283096835659,-0.5141867911201824,0.0,0.0,0.0,1.0,0.0,0.0,0.0,1.0,0.0,0.0,0.0,0.0,0.0,0.0,0.0,1.0
-0.4988509476821572,-0.6161553166598588,1.6004107204288864,-0.7070023526930482,0.038409399759981276,-0.5173124774413349,1.0,0.0,0.0,0.0,0.0,0.0,1.0,0.0,0.0,1.0,0.0,0.0,0.0,0.0,0.0,0.0
-0.4988509476821572,-1.0004280628908708,1.4772052471636143,0.6932923026628613,1.4535827841300084,-0.4845616595420625,1.0,0.0,0.0,0.0,0.0,0.0,1.0,0.0,0.0,0.0,0.0,0.0,0.0,0.0,1.0,0.0
-0.4988509476821572,-1.0004280628908708,1.4772052471636143,0.6932923026628613,1.4535827841300084,-0.6316662715664005,1.0,0.0,0.0,0.0,0.0,0.0,1.0,0.0,0.0,0.0,0.0,0.0,0.0,0.0,1.0,0.0
-0.4988509476821572,0.18609831143646488,0.4815720475987867,-0.7070023526930482,-1.7109021448085246,4.1307678750654375,0.0,0.0,0.0,1.0,1.0,0.0,0.0,0.0,0.0,0.0,0.0,1.0,0.0,0.0,0.0,0.0
-0.4988509476821572,0.18609831143646488,0.4815720475987867,-0.7070023526930482,-1.7109021448085246,3.1579331994244084,0.0,0.0,0.0,1.0,1.0,0.0,0.0,0.0,0.0,0.0,0.0,1.0,0.0,0.0,0.0,0.0
-0.4988509476821572,1.298466787368342,-0.859534265280123,-1.407149680371003,0.9228927649912483,-0.45843487539434286,0.0,0.0,0.0,1.0,0.0,0.0,1.0,0.0,0.0,0.0,0.0,1.0,0.0,0.0,0.0,0.0
-0.4988509476821572,1.298466787368342,-0.859534265280123,-1.407149680371003,0.9228927649912483,-0.5879360570523214,0.0,0.0,0.0,1.0,0.0,0.0,1.0,0.0,0.0,0.0,0.0,1.0,0.0,0.0,0.0,0.0
-0.4988509476821572,-0.7914376219582152,-0.4437662680341946,1.393439630340816,-1.003315452623511,-0.5880977435409143,1.0,0.0,0.0,0.0,0.0,0.0,1.0,0.0,0.0,0.0,0.0,0.0,1.0,0.0,0.0,0.0
2.2688480139025518,0.8737442783761706,-1.110084163808569,-0.7070023526930482,0.4708234894286007,-0.5480014988018101,1.0,0.0,0.0,0.0,0.0,0.0,1.0,0.0,0.0,0.0,0.0,1.0,0.0,0.0,0.0,0.0
2.2688480139025518,0.8737442783761706,-1.110084163808569,-0.7070023526930482,0.4708234894286007,-0.5014106857199041,1.0,0.0,0.0,0.0,0.0,0.0,1.0,0.0,0.0,0.0,0.0,1.0,0.0,0.0,0.0,0.0
1.8075648536384334,-1.3408802327972937,1.4019371229001147,0.6932923026628613,-0.9443498949414265,-0.17982498930770582,1.0,0.0,0.0,0.0,0.0,0.0,0.0,1.0,0.0,0.0,0.0,0.0,0.0,0.0,1.0,0.0
-0.4988509476821572,0.4389093286937095,0.017566171895673402,-0.7070023526930482,-0.7084876642130886,-0.21013816989006132,1.0,0.0,0.0,0.0,0.0,0.0,0.0,1.0,0.0,0.0,1.0,0.0,0.0,0.0,0.0,0.0
-0.4988509476821572,1.241162956790033,1.0959366389845824,1.393439630340816,-1.769867702490609,-0.4979254552397373,1.0,0.0,0.0,0.0,0.0,0.0,1.0,0.0,0.0,0.0,0.0,0.0,0.0,0.0,1.0,0.0
-0.4988509476821572,-0.1509830449065283,-0.5239136446529445,-1.407149680371003,-1.7895228883846372,2.2903984229911587,1.0,0.0,0.0,0.0,1.0,0.0,0.0,0.0,0.0,0.0,0.0,0.0,0.0,0.0,1.0,0.0
-0.4988509476821572,-0.1509830449065283,-0.5239136446529445,-1.407149680371003,-1.7895228883846372,1.8666877691789248,1.0,0.0,0.0,0.0,1.0,0.0,0.0,0.0,0.0,0.0,0.0,0.0,0.0,0.0,1.0,0.0
-0.4988509476821572,-0.1509830449065283,-0.5239136446529445,-1.407149680371003,-1.7895228883846372,1.2990440565502102,1.0,0.0,0.0,0.0,1.0,0.0,0.0,0.0,0.0,0.0,0.0,0.0,0.0,0.0,1.0,0.0
0.8849985331101973,-0.08356677363792964,1.5811292611215872,0.6932923026628613,0.6477201624748541,-0.02858410470485064,0.0,0.0,0.0,1.0,0.0,0.0,0.0,1.0,0.0,0.0,1.0,0.0,0.0,0.0,0.0,0.0
-0.4988509476821572,-0.7341337913799063,-0.0767234943082822,0.6932923026628613,-1.1605569397757363,-0.5135373029462501,0.0,0.0,0.0,1.0,0.0,0.0,1.0,0.0,0.0,1.0,0.0,0.0,0.0,0.0,0.0,0.0
-0.4988509476821572,-1.6476242670694177,0.9302961745459796,-1.407149680371003,-1.1015913820936518,-0.6233074770750783,0.0,0.0,0.0,1.0,0.0,0.0,1.0,0.0,0.0,0.0,0.0,1.0,0.0,0.0,0.0,0.0
-0.4988509476821572,-1.3004304700361349,1.4427603943299394,0.6932923026628613,-0.1581424591803003,-0.2779706727281869,0.0,0.0,0.0,1.0,0.0,0.0,0.0,1.0,1.0,0.0,0.0,0.0,0.0,0.0,0.0,0.0
-0.4988509476821572,-1.3004304700361349,1.4427603943299394,0.6932923026628613,-0.1581424591803003,-0.13982131406606862,0.0,0.0,0.0,1.0,0.0,0.0,0.0,1.0,1.0,0.0,0.0,0.0,0.0,0.0,0.0,0.0
-0.4988509476821572,-0.33974860445860444,-1.0566595414683952,-1.407149680371003,1.4142724123419521,-0.21115194234539197,0.0,0.0,0.0,1.0,0.0,0.0,0.0,1.0,0.0,0.0,0.0,0.0,1.0,0.0,0.0,0.0
-0.4988509476821572,-0.33974860445860444,-1.0566595414683952,-1.407149680371003,1.4142724123419521,-0.11640900082904475,0.0,0.0,0.0,1.0,0.0,0.0,0.0,1.0,0.0,0.0,0.0,0.0,1.0,0.0,0.0,0.0
-0.4988509476821572,-0.33974860445860444,-1.0566595414683952,-1.407149680371003,1.4142724123419521,-0.2976655090755085,0.0,0.0,0.0,1.0,0.0,0.0,0.0,1.0,0.0,0.0,0.0,0.0,1.0,0.0,0.0,0.0
-0.4988509476821572,0.3243016675370918,1.455866495483935,-0.0068550250150934385,-1.2981432410339333,-0.23293785821896595,0.0,1.0,0.0,0.0,0.0,0.0,0.0,1.0,0.0,0.0,0.0,0.0,1.0,0.0,0.0,0.0
-0.4988509476821572,-0.7307629778164764,1.3617984552490288,-0.7070023526930482,1.630479457176262,-0.5565149805927505,1.0,0.0,0.0,0.0,0.0,0.0,1.0,0.0,0.0,0.0,0.0,0.0,0.0,1.0,0.0,0.0
-0.4988509476821572,0.9512729903350591,-0.39456414255983663,0.6932923026628613,1.4535827841300084,0.7357359497457217,1.0,0.0,0.0,0.0,0.0,1.0,0.0,0.0,0.0,0.0,0.0,0.0,0.0,0.0,0.0,1.0
-0.4988509476821572,-1.3240261649801441,0.9595682076413179,-0.0068550250150934385,-0.04021134381613135,-0.3847187707316096,1.0,0.0,0.0,0.0,0.0,0.0,0.0,1.0,0.0,1.0,0.0,0.0,0.0,0.0,0.0,0.0
-0.4988509476821572,-1.3240261649801441,0.9595682076413179,-0.0068550250150934385,-0.04021134381613135,-0.30156922184796886,1.0,0.0,0.0,0.0,0.0,0.0,0.0,1.0,0.0,1.0,0.0,0.0,0.0,0.0,0.0,0.0
-0.4988509476821572,1.574873499569596,-1.363372477451971,-1.407149680371003,-0.9836602667294828,-0.6334363285893767,0.0,0.0,0.0,1.0,0.0,0.0,1.0,0.0,0.0,0.0,0.0,0.0,1.0,0.0,0.0,0.0
-0.4988509476821572,-1.5330166059128,-1.1298448457609855,-0.7070023526930482,0.8442720214151357,-0.4086629505106808,0.0,0.0,0.0,1.0,0.0,0.0,0.0,1.0,0.0,1.0,0.0,0.0,0.0,0.0,0.0,0.0
0.8849985331101973,1.6355481437113348,-1.2875845184547847,-1.407149680371003,-0.7281428501071168,-0.5519876870921152,0.0,1.0,0.0,0.0,0.0,0.0,1.0,0.0,1.0,0.0,0.0,0.0,0.0,0.0,0.0,0.0
0.8849985331101973,1.6355481437113348,-1.2875845184547847,-1.407149680371003,-0.7281428501071168,-0.5572651604573257,0.0,1.0,0.0,0.0,0.0,0.0,1.0,0.0,1.0,0.0,0.0,0.0,0.0,0.0,0.0,0.0
0.8849985331101973,1.6355481437113348,-1.2875845184547847,-1.407149680371003,-0.7281428501071168,-0.6029433106365721,0.0,1.0,0.0,0.0,0.0,0.0,1.0,0.0,1.0,0.0,0.0,0.0,0.0,0.0,0.0,0.0
-0.4988509476821572,-1.6442534535059876,-1.1536771796788177,-0.0068550250150934385,-0.7084876642130886,-0.45852865277423543,0.0,0.0,0.0,1.0,0.0,0.0,1.0,0.0,0.0,1.0,0.0,0.0,0.0,0.0,0.0,0.0
1.8075648536384334,1.2849835331146222,-1.4823194831444089,0.6932923026628613,0.510133861216657,0.9102113472925398,1.0,0.0,0.0,0.0,0.0,1.0,0.0,0.0,0.0,0.0,0.0,0.0,0.0,0.0,1.0,0.0
-0.4988509476821572,1.5040864147375674,0.843319004975267,-1.407149680371003,-0.5709013629548916,-0.5375537467398482,0.0,0.0,0.0,1.0,0.0,0.0,1.0,0.0,0.0,0.0,0.0,1.0,0.0,0.0,0.0,0.0
-0.4988509476821572,-1.3914424362487428,-0.8901058852096778,-0.7070023526930482,0.13668532923012205,-0.17879672879236114,0.0,0.0,0.0,1.0,0.0,0.0,0.0,1.0,0.0,0.0,0.0,0.0,0.0,0.0,0.0,1.0
-0.4988509476821572,-1.3914424362487428,-0.8901058852096778,-0.7070023526930482,0.13668532923012205,-0.010507530469614572,0.0,0.0,0.0,1.0,0.0,0.0,0.0,1.0,0.0,0.0,0.0,0.0,0.0,0.0,0.0,1.0
-0.4988509476821572,-0.8453706389730941,1.694446270992937,-0.0068550250150934385,0.7853064637330512,-0.5842335448465092,0.0,0.0,0.0,1.0,0.0,0.0,1.0,0.0,0.0,0.0,0.0,0.0,0.0,0.0,0.0,1.0
-0.4988509476821572,-0.8453706389730941,1.694446270992937,-0.0068550250150934385,0.7853064637330512,-0.46948404843878905,0.0,0.0,0.0,1.0,0.0,0.0,1.0,0.0,0.0,0.0,0.0,0.0,0.0,0.0,0.0,1.0
-0.4988509476821572,0.9479021767716291,-0.15324131055432758,-0.7070023526930482,-0.9836602667294828,-0.21028391885972927,0.0,0.0,0.0,1.0,0.0,0.0,0.0,1.0,0.0,0.0,0.0,0.0,0.0,0.0,0.0,1.0
-0.4988509476821572,0.9479021767716291,-0.15324131055432758,-0.7070023526930482,-0.9836602667294828,-0.4201917638727254,0.0,0.0,0.0,1.0,0.0,0.0,0.0,1.0,0.0,0.0,0.0,0.0,0.0,0.0,0.0,1.0
-0.4988509476821572,0.12205285373129614,-0.6411862719509409,-1.407149680371003,0.0777197715480376,-0.4637318119893423,1.0,0.0,0.0,0.0,0.0,0.0,1.0,0.0,0.0,0.0,0.0,1.0,0.0,0.0,0.0,0.0
1.8075648536384334,1.4670074655398386,-1.5920649499124389,1.393439630340816,0.35289237406443175,-0.4905121192912055,1.0,0.0,0.0,0.0,0.0,0.0,0.0,1.0,0.0,0.0,0.0,0.0,1.0,0.0,0.0,0.0
1.8075648536384334,1.4670074655398386,-1.5920649499124389,1.393439630340816,0.35289237406443175,-0.3162528869949256,1.0,0.0,0.0,0.0,0.0,0.0,0.0,1.0,0.0,0.0,0.0,0.0,1.0,0.0,0.0,0.0
-0.4988509476821572,-0.21502850261169706,-0.9130064617811923,-0.0068550250150934385,-0.4333150616966945,-0.5171752424104945,1.0,0.0,0.0,0.0,0.0,0.0,1.0,0.0,0.0,0.0,1.0,0.0,0.0,0.0,0.0,0.0
-0.4988509476821572,-0.21502850261169706,-0.9130064617811923,-0.0068550250150934385,-0.4333150616966945,-0.6013886876055847,1.0,0.0,0.0,0.0,0.0,0.0,1.0,0.0,0.0,0.0,1.0,0.0,0.0,0.0,0.0,0.0
1.3462816933743154,-0.1476122313430984,1.5195659762321327,0.6932923026628613,0.6673753483688822,-0.2367249940146122,0.0,1.0,0.0,0.0,0.0,0.0,0.0,1.0,0.0,0.0,0.0,0.0,0.0,1.0,0.0,0.0
0.42371537284607913,1.6389189572747649,-0.8982480287951214,0.6932923026628613,-0.0009009720280750351,-0.2860675591350554,1.0,0.0,0.0,0.0,0.0,0.0,0.0,1.0,0.0,0.0,0.0,0.0,0.0,1.0,0.0,0.0
-0.4988509476821572,1.574873499569596,-0.0464721297057308,-0.7070023526930482,-1.0229706385175392,-0.5964057351503216,1.0,0.0,0.0,0.0,0.0,0.0,1.0,0.0,1.0,0.0,0.0,0.0,0.0,0.0,0.0,0.0
-0.4988509476821572,1.574873499569596,-0.0464721297057308,-0.7070023526930482,-1.0229706385175392,-0.49738411498201607,1.0,0.0,0.0,0.0,0.0,0.0,1.0,0.0,1.0,0.0,0.0,0.0,0.0,0.0,0.0,0.0
-0.4988509476821572,-0.55210985895469,-1.333903185640725,0.6932923026628613,1.7091002007523746,-0.5728812716623464,0.0,0.0,0.0,1.0,0.0,0.0,1.0,0.0,0.0,0.0,0.0,0.0,0.0,1.0,0.0,0.0
-0.4988509476821572,-0.55210985895469,-1.333903185640725,0.6932923026628613,1.7091002007523746,-0.45467611504205896,0.0,0.0,0.0,1.0,0.0,0.0,1.0,0.0,0.0,0.0,0.0,0.0,0.0,1.0,0.0,0.0
-0.4988509476821572,-0.55210985895469,-1.333903185640725,0.6932923026628613,1.7091002007523746,-0.5639738504441836,0.0,0.0,0.0,1.0,0.0,0.0,1.0,0.0,0.0,0.0,0.0,0.0,0.0,1.0,0.0,0.0
1.3462816933743154,1.3254332958757813,-1.0086224027632813,1.393439630340816,1.276686111083755,-0.0348312726104955,1.0,0.0,0.0,0.0,0.0,1.0,0.0,0.0,0.0,0.0,0.0,1.0,0.0,0.0,0.0,0.0
1.3462816933743154,1.3254332958757813,-1.0086224027632813,1.393439630340816,1.276686111083755,0.2818073878935947,1.0,0.0,0.0,0.0,0.0,1.0,0.0,0.0,0.0,0.0,0.0,1.0,0.0,0.0,0.0,0.0
1.8075648536384334,1.197342380465444,-0.9217775125667658,-0.0068550250150934385,-0.9836602667294828,0.516811464826904,1.0,0.0,0.0,0.0,0.0,1.0,0.0,0.0,1.0,0.0,0.0,0.0,0.0,0.0,0.0,0.0
-0.03756778741803903,-0.9498658594394218,0.3588515987055705,-0.7070023526930482,0.510133861216657,-0.47531765698916184,0.0,0.0,0.0,1.0,0.0,0.0,1.0,0.0,0.0,0.0,0.0,0.0,0.0,1.0,0.0,0.0
-0.4988509476821572,-1.0712151477228995,-1.2032030415163422,0.6932923026628613,-0.6102117347429479,-0.5425941029912553,0.0,0.0,0.0,1.0,0.0,0.0,1.0,0.0,0.0,0.0,0.0,0.0,0.0,0.0,1.0,0.0
-0.4988509476821572,-1.4217797583196121,-0.9180516435268826,-0.0068550250150934385,1.257030925189727,-0.3665918506510521,0.0,0.0,0.0,1.0,0.0,0.0,0.0,1.0,0.0,0.0,0.0,0.0,0.0,0.0,1.0,0.0
-0.4988509476821572,-0.31278209595116496,0.8656034381459163,1.393439630340816,-1.003315452623511,1.2253573981022867,0.0,0.0,0.0,1.0,0.0,1.0,0.0,0.0,0.0,0.0,0.0,0.0,0.0,0.0,1.0,0.0
-0.4988509476821572,-0.31278209595116496,0.8656034381459163,1.393439630340816,-1.003315452623511,1.1442155065083957,0.0,0.0,0.0,1.0,0.0,1.0,0.0,0.0,0.0,0.0,0.0,0.0,0.0,0.0,1.0,0.0
2.2688480139025518,1.2209380754094534,0.9012388053473646,0.6932923026628613,-1.632281401232412,-0.5650198243920735,1.0,0.0,0.0,0.0,0.0,0.0,1.0,0.0,0.0,0.0,0.0,0.0,0.0,1.0,0.0,0.0
-0.4988509476821572,-0.18132036697739773,1.4872689227110782,-0.7070023526930482,1.4535827841300084,-0.10079253052384342,1.0,0.0,0.0,0.0,0.0,0.0,0.0,1.0,0.0,0.0,0.0,0.0,0.0,0.0,1.0,0.0
-0.4988509476821572,-0.18132036697739773,1.4872689227110782,-0.7070023526930482,1.4535827841300084,-0.19862946613813087,1.0,0.0,0.0,0.0,0.0,0.0,0.0,1.0,0.0,0.0,0.0,0.0,0.0,0.0,1.0,0.0
-0.4988509476821572,0.8636318376858808,1.0159482296839464,-0.7070023526930482,-0.7477980360011449,-0.5903002747050393,0.0,1.0,0.0,0.0,0.0,0.0,1.0,0.0,0.0,0.0,0.0,0.0,0.0,0.0,1.0,0.0
-0.4988509476821572,0.8636318376858808,1.0159482296839464,-0.7070023526930482,-0.7477980360011449,-0.577890000981483,0.0,1.0,0.0,0.0,0.0,0.0,1.0,0.0,0.0,0.0,0.0,0.0,0.0,0.0,1.0,0.0
-0.4988509476821572,0.8636318376858808,1.0159482296839464,-0.7070023526930482,-0.7477980360011449,-0.5083405814180173,0.0,1.0,0.0,0.0,0.0,0.0,1.0,0.0,0.0,0.0,0.0,0.0,0.0,0.0,1.0,0.0
-0.4988509476821572,0.24340214201477336,-0.3742430137851643,0.6932923026628613,1.7287553866464027,-0.6057316451898721,0.0,0.0,0.0,1.0,0.0,0.0,1.0,0.0,1.0,0.0,0.0,0.0,0.0,0.0,0.0,0.0
-0.4988509476821572,0.24340214201477336,-0.3742430137851643,0.6932923026628613,1.7287553866464027,-0.6314930285810864,0.0,0.0,0.0,1.0,0.0,0.0,1.0,0.0,1.0,0.0,0.0,0.0,0.0,0.0,0.0,0.0
-0.4988509476821572,-0.1509830449065283,-0.02862021591606975,-0.0068550250150934385,0.23496125870026283,-0.5118344629479897,1.0,0.0,0.0,0.0,0.0,0.0,1.0,0.0,0.0,0.0,0.0,0.0,1.0,0.0,0.0,0.0
-0.4988509476821572,-0.6195261302232887,1.3908836727369485,-1.407149680371003,0.6673753483688822,-0.47884998835483616,0.0,0.0,0.0,1.0,0.0,0.0,1.0,0.0,0.0,0.0,0.0,1.0,0.0,0.0,0.0,0.0
-0.4988509476821572,-0.5184017233203907,-0.46628044959160725,-1.407149680371003,1.4339275982359803,-0.03285772983790362,1.0,0.0,0.0,0.0,0.0,0.0,0.0,1.0,1.0,0.0,0.0,0.0,0.0,0.0,0.0,0.0
-0.4988509476821572,-0.5184017233203907,-0.46628044959160725,-1.407149680371003,1.4339275982359803,-0.35645745593578393,1.0,0.0,0.0,0.0,0.0,0.0,0.0,1.0,1.0,0.0,0.0,0.0,0.0,0.0,0.0,0.0
-0.4988509476821572,0.8905983461933202,-0.2683545350858267,1.393439630340816,1.6697898289643183,-0.5470898805542216,1.0,0.0,0.0,0.0,0.0,0.0,1.0,0.0,0.0,0.0,0.0,0.0,0.0,0.0,1.0,0.0
-0.4988509476821572,1.295095973804912,0.8244251010274574,1.393439630340816,-1.534005471762271,-0.5951397699026962,1.0,0.0,0.0,0.0,0.0,0.0,1.0,0.0,1.0,0.0,0.0,0.0,0.0,0.0,0.0,0.0
0.8849985331101973,-0.8588538932268138,0.5208996338238749,-0.0068550250150934385,0.510133861216657,-0.6315902924972778,0.0,0.0,0.0,1.0,0.0,0.0,1.0,0.0,0.0,0.0,1.0,0.0,0.0,0.0,0.0,0.0
1.3462816933743154,1.2074548211557337,1.0907580175193072,-0.7070023526930482,0.1170301433360939,-0.42687896008150034,1.0,0.0,0.0,0.0,0.0,0.0,0.0,1.0,0.0,0.0,0.0,0.0,0.0,0.0,0.0,1.0
-0.4988509476821572,0.44228014225713946,-0.14558651203171505,-0.0068550250150934385,-0.09917690149821581,-0.5386582474880833,0.0,0.0,0.0,1.0,0.0,0.0,1.0,0.0,0.0,0.0,0.0,0.0,0.0,0.0,1.0,0.0
-0.4988509476821572,-0.13412897708937865,1.305377821117831,0.6932923026628613,-1.1802121256697644,-0.5773771275744428,1.0,0.0,0.0,0.0,0.0,0.0,1.0,0.0,0.0,0.0,1.0,0.0,0.0,0.0,0.0,0.0
-0.4988509476821572,0.7861031257269924,1.3355978563949147,-0.0068550250150934385,0.17599570101817838,-0.2759132963861582,1.0,0.0,0.0,0.0,0.0,0.0,0.0,1.0,0.0,0.0,0.0,0.0,0.0,1.0,0.0,0.0
-0.4988509476821572,-1.337509419233864,0.7722652551598692,-0.0068550250150934385,-1.0426258244115674,-0.5359839239775798,0.0,0.0,0.0,1.0,0.0,0.0,1.0,0.0,0.0,0.0,0.0,1.0,0.0,0.0,0.0,0.0
-0.4988509476821572,-1.337509419233864,0.7722652551598692,-0.0068550250150934385,-1.0426258244115674,-0.586343558745921,0.0,0.0,0.0,1.0,0.0,0.0,1.0,0.0,0.0,0.0,0.0,1.0,0.0,0.0,0.0,0.0
-0.4988509476821572,-0.3262653502048847,0.15747017563523938,-1.407149680371003,0.038409399759981276,2.7640594026567817,0.0,0.0,0.0,1.0,1.0,0.0,0.0,0.0,0.0,0.0,0.0,0.0,1.0,0.0,0.0,0.0
-0.4988509476821572,-0.3262653502048847,0.15747017563523938,-1.407149680371003,0.038409399759981276,2.7961839367828834,0.0,0.0,0.0,1.0,1.0,0.0,0.0,0.0,0.0,0.0,0.0,0.0,1.0,0.0,0.0,0.0
-0.4988509476821572,-0.3262653502048847,0.15747017563523938,-1.407149680371003,0.038409399759981276,2.94613796956579,0.0,0.0,0.0,1.0,1.0,0.0,0.0,0.0,0.0,0.0,0.0,0.0,1.0,0.0,0.0,0.0
-0.4988509476821572,1.6524022115284847,-0.83559169855046,-0.7070023526930482,-1.612626215338384,-0.37663823970569427,0.0,0.0,0.0,1.0,0.0,0.0,0.0,1.0,0.0,0.0,0.0,0.0,0.0,0.0,0.0,1.0
-0.4988509476821572,1.6524022115284847,-0.83559169855046,-0.7070023526930482,-1.612626215338384,-0.16398794661338595,0.0,0.0,0.0,1.0,0.0,0.0,0.0,1.0,0.0,0.0,0.0,0.0,0.0,0.0,0.0,1.0
-0.4988509476821572,1.062509837928247,-0.445440646428636,0.6932923026628613,1.1784101816136143,-0.48573408245718624,0.0,0.0,0.0,1.0,0.0,0.0,1.0,0.0,0.0,0.0,0.0,1.0,0.0,0.0,0.0,0.0
-0.4988509476821572,1.062509837928247,-0.445440646428636,0.6932923026628613,1.1784101816136143,-0.5029062792102936,0.0,0.0,0.0,1.0,0.0,0.0,1.0,0.0,0.0,0.0,0.0,1.0,0.0,0.0,0.0,0.0
-0.4988509476821572,1.062509837928247,-0.445440646428636,0.6932923026628613,1.1784101816136143,-0.45676126615078416,0.0,0.0,0.0,1.0,0.0,0.0,1.0,0.0,0.0,0.0,0.0,1.0,0.0,0.0,0.0,0.0
-0.4988509476821572,-1.1217773511743485,0.2688691345807323,-1.407149680371003,0.1563405151241502,-0.22136095807819073,1.0,0.0,0.0,0.0,0.0,0.0,0.0,1.0,0.0,1.0,0.0,0.0,0.0,0.0,0.0,0.0
-0.4988509476821572,-0.7240213506896165,1.62948897584448,-0.7070023526930482,-0.6691772924250323,-0.42341948687792447,0.0,0.0,0.0,1.0,0.0,0.0,0.0,1.0,0.0,0.0,0.0,0.0,1.0,0.0,0.0,0.0
-0.4988509476821572,0.5299212949063178,-1.7101254517286788,-1.407149680371003,-0.5512461770608634,-0.5788013123616447,1.0,0.0,0.0,0.0,0.0,0.0,1.0,0.0,0.0,0.0,0.0,0.0,0.0,0.0,1.0,0.0
-0.4988509476821572,0.8905983461933202,-1.0024087532121837,1.393439630340816,-1.4357295422921303,-0.33600886830936366,0.0,0.0,0.0,1.0,0.0,0.0,0.0,1.0,0.0,0.0,0.0,1.0,0.0,0.0,0.0,0.0
-0.4988509476821572,0.8905983461933202,-1.0024087532121837,1.393439630340816,-1.4357295422921303,-0.4361679611515784,0.0,0.0,0.0,1.0,0.0,0.0,0.0,1.0,0.0,0.0,0.0,1.0,0.0,0.0,0.0,0.0
-0.4988509476821572,0.8905983461933202,-1.0024087532121837,1.393439630340816,-1.4357295422921303,-0.08561461947557877,0.0,0.0,0.0,1.0,0.0,0.0,0.0,1.0,0.0,0.0,0.0,1.0,0.0,0.0,0.0,0.0
-0.03756778741803903,0.8670026512493108,-0.8933652954037082,1.393439630340816,0.17599570101817838,-0.5262052734885057,0.0,0.0,0.0,1.0,0.0,0.0,1.0,0.0,0.0,0.0,1.0,0.0,0.0,0.0,0.0,0.0
-0.4988509476821572,0.05800739602612739,0.5201941438281574,0.6932923026628613,0.49047867532262884,-0.38992328146921446,1.0,0.0,0.0,0.0,0.0,0.0,0.0,1.0,0.0,0.0,0.0,0.0,1.0,0.0,0.0,0.0
-0.4988509476821572,1.0726222786185367,-1.5692409561365122,-1.407149680371003,0.8639272073091638,0.7307928639396002,1.0,0.0,0.0,0.0,0.0,1.0,0.0,0.0,0.0,0.0,0.0,1.0,0.0,0.0,0.0,0.0
-0.4988509476821572,-1.243126639457826,1.198457795368834,-0.7070023526930482,-1.0229706385175392,0.9479807403849918,1.0,0.0,0.0,0.0,0.0,1.0,0.0,0.0,1.0,0.0,0.0,0.0,0.0,0.0,0.0,0.0
-0.4988509476821572,-1.243126639457826,1.198457795368834,-0.7070023526930482,-1.0229706385175392,0.7913836807155251,1.0,0.0,0.0,0.0,0.0,1.0,0.0,0.0,1.0,0.0,0.0,0.0,0.0,0.0,0.0,0.0
-0.4988509476821572,-1.243126639457826,1.198457795368834,-0.7070023526930482,-1.0229706385175392,0.07764775740802256,1.0,0.0,0.0,0.0,0.0,1.0,0.0,0.0,1.0,0.0,0.0,0.0,0.0,0.0,0.0,0.0
-0.4988509476821572,0.24003132845134345,0.44472411946719903,-1.407149680371003,-1.5536606576562992,-0.42493250652071474,0.0,0.0,0.0,1.0,0.0,0.0,0.0,1.0,0.0,0.0,0.0,1.0,0.0,0.0,0.0,0.0
-0.4988509476821572,1.5479069910621566,1.4108694616945774,1.393439630340816,0.17599570101817838,-0.550950507834103,0.0,0.0,0.0,1.0,0.0,0.0,1.0,0.0,1.0,0.0,0.0,0.0,0.0,0.0,0.0,0.0
-0.4988509476821572,1.5479069910621566,1.4108694616945774,1.393439630340816,0.17599570101817838,-0.4876115691960123,0.0,0.0,0.0,1.0,0.0,0.0,1.0,0.0,1.0,0.0,0.0,0.0,0.0,0.0,0.0,0.0
-0.4988509476821572,1.011947634476798,-1.3909921787152342,-1.407149680371003,0.6280649765808259,-0.5046842103208664,0.0,0.0,0.0,1.0,0.0,0.0,1.0,0.0,1.0,0.0,0.0,0.0,0.0,0.0,0.0,0.0
-0.4988509476821572,1.011947634476798,-1.3909921787152342,-1.407149680371003,0.6280649765808259,-0.4575004249043617,0.0,0.0,0.0,1.0,0.0,0.0,1.0,0.0,1.0,0.0,0.0,0.0,0.0,0.0,0.0,0.0
-0.4988509476821572,0.29059353190279247,0.7825958101465025,1.393439630340816,1.2373757392956988,-0.5813777973956678,0.0,0.0,0.0,1.0,0.0,0.0,1.0,0.0,0.0,0.0,0.0,0.0,1.0,0.0,0.0,0.0
-0.4988509476821572,0.29059353190279247,0.7825958101465025,1.393439630340816,1.2373757392956988,-0.5488000788416373,0.0,0.0,0.0,1.0,0.0,0.0,1.0,0.0,0.0,0.0,0.0,0.0,1.0,0.0,0.0,0.0
-0.4988509476821572,0.519808854216028,0.6765959382899464,1.393439630340816,-0.19745283096835659,0.3830468173064367,1.0,0.0,0.0,0.0,0.0,1.0,0.0,0.0,1.0,0.0,0.0,0.0,0.0,0.0,0.0,0.0
-0.4988509476821572,0.519808854216028,0.6765959382899464,1.393439630340816,-0.19745283096835659,0.9838979273913327,1.0,0.0,0.0,0.0,0.0,1.0,0.0,0.0,1.0,0.0,0.0,0.0,0.0,0.0,0.0,0.0
-0.4988509476821572,1.4771199062301283,-1.3115630558914664,-0.7070023526930482,-0.07952171560418766,-0.31479593268396966,0.0,0.0,0.0,1.0,0.0,0.0,0.0,1.0,1.0,0.0,0.0,0.0,0.0,0.0,0.0,0.0
-0.4988509476821572,-0.21839931617512698,-1.2745573207871523,0.6932923026628613,0.254616444594291,1.021272995840005,0.0,0.0,1.0,0.0,1.0,0.0,0.0,0.0,0.0,0.0,0.0,1.0,0.0,0.0,0.0,0.0
-0.4988509476821572,1.632177330147905,-0.7804230770925832,-1.407149680371003,-1.4946950999742148,-0.6286852765016567,1.0,0.0,0.0,0.0,0.0,0.0,1.0,0.0,0.0,0.0,1.0,0.0,0.0,0.0,0.0,0.0
-0.4988509476821572,1.632177330147905,-0.7804230770925832,-1.407149680371003,-1.4946950999742148,-0.5842078724481428,1.0,0.0,0.0,0.0,0.0,0.0,1.0,0.0,0.0,0.0,1.0,0.0,0.0,0.0,0.0,0.0
-0.4988509476821572,1.247904583916893,0.16613099360898198,1.393439630340816,-1.534005471762271,-0.07227303575634816,1.0,0.0,0.0,0.0,0.0,1.0,0.0,0.0,0.0,0.0,0.0,0.0,1.0,0.0,0.0,0.0
-0.4988509476821572,-0.5723347403352697,-1.2082981181137034,-1.407149680371003,0.7066857201569385,-0.6067597490069562,0.0,0.0,1.0,0.0,0.0,0.0,1.0,0.0,0.0,0.0,0.0,0.0,0.0,0.0,1.0,0.0
-0.4988509476821572,-0.09705002789164938,0.9335961968285793,0.6932923026628613,1.0408238803554173,-0.47909337992815887,0.0,0.0,0.0,1.0,0.0,0.0,1.0,0.0,0.0,1.0,0.0,0.0,0.0,0.0,0.0,0.0
-0.4988509476821572,-0.2622198924997161,-1.7053076976789765,0.6932923026628613,-0.629866920636976,0.127676602148175,0.0,0.0,0.0,1.0,0.0,1.0,0.0,0.0,0.0,0.0,0.0,0.0,1.0,0.0,0.0,0.0
-0.4988509476821572,-1.1588563003720778,-1.1372861407322625,-0.0068550250150934385,-1.4750399140801866,-0.5777997558415489,1.0,0.0,0.0,0.0,0.0,0.0,1.0,0.0,0.0,0.0,0.0,1.0,0.0,0.0,0.0,0.0
-0.4988509476821572,-1.1588563003720778,-1.1372861407322625,-0.0068550250150934385,-1.4750399140801866,-0.48877257925448686,1.0,0.0,0.0,0.0,0.0,0.0,1.0,0.0,0.0,0.0,0.0,1.0,0.0,0.0,0.0,0.0
-0.4988509476821572,1.5681318724427362,-0.38453991875555443,-0.0068550250150934385,-0.9246947090473984,0.30445008415263125,0.0,0.0,0.0,1.0,0.0,1.0,0.0,0.0,0.0,0.0,0.0,0.0,0.0,0.0,1.0,0.0
-0.4988509476821572,-0.2992988416974452,-1.3303943011883406,1.393439630340816,-1.0622810103055955,-0.2649658531583315,0.0,1.0,0.0,0.0,0.0,0.0,0.0,1.0,0.0,0.0,0.0,0.0,0.0,0.0,1.0,0.0
-0.4988509476821572,-0.2992988416974452,-1.3303943011883406,1.393439630340816,-1.0622810103055955,-0.4712890491738856,0.0,1.0,0.0,0.0,0.0,0.0,0.0,1.0,0.0,0.0,0.0,0.0,0.0,0.0,1.0,0.0
-0.4988509476821572,1.288354346678052,1.0391493357108734,-0.0068550250150934385,0.6280649765808259,-0.557603517705684,0.0,0.0,1.0,0.0,0.0,0.0,1.0,0.0,0.0,0.0,0.0,1.0,0.0,0.0,0.0,0.0
-0.4988509476821572,0.18609831143646488,-0.887661037477808,-0.7070023526930482,-0.5512461770608634,1.9338262162461572,0.0,1.0,0.0,0.0,1.0,0.0,0.0,0.0,0.0,0.0,0.0,0.0,0.0,0.0,0.0,1.0
-0.4988509476821572,0.9141940411373298,1.2086177795834765,-0.0068550250150934385,-1.6912469589144965,2.151524987783049,0.0,1.0,0.0,0.0,1.0,0.0,0.0,0.0,0.0,0.0,0.0,0.0,1.0,0.0,0.0,0.0
-0.4988509476821572,0.2973351590296523,-0.79772382682309,-1.407149680371003,0.3922027458524881,-0.5830604951383429,1.0,0.0,0.0,0.0,0.0,0.0,1.0,0.0,0.0,0.0,0.0,0.0,0.0,0.0,1.0,0.0
-0.4988509476821572,0.2973351590296523,-0.79772382682309,-1.407149680371003,0.3922027458524881,-0.5149235014634376,1.0,0.0,0.0,0.0,0.0,0.0,1.0,0.0,0.0,0.0,0.0,0.0,0.0,0.0,1.0,0.0
-0.4988509476821572,0.44902176938399935,-1.4593191168695527,-0.0068550250150934385,0.19565088691220653,-0.5338584948867786,1.0,0.0,0.0,0.0,0.0,0.0,1.0,0.0,0.0,0.0,0.0,1.0,0.0,0.0,0.0,0.0
-0.4988509476821572,0.44902176938399935,-1.4593191168695527,-0.0068550250150934385,0.19565088691220653,-0.5708752662334274,1.0,0.0,0.0,0.0,0.0,0.0,1.0,0.0,0.0,0.0,0.0,1.0,0.0,0.0,0.0,0.0
0.42371537284607913,-0.9498658594394218,-1.4762856871284038,-0.0068550250150934385,-1.396419170504074,1.1169950272633302,0.0,0.0,0.0,1.0,0.0,1.0,0.0,0.0,1.0,0.0,0.0,0.0,0.0,0.0,0.0,0.0
-0.4988509476821572,-1.4116673176293224,0.3007345396175651,-0.7070023526930482,-1.3571087987160178,0.7026376665116917,1.0,0.0,0.0,0.0,0.0,1.0,0.0,0.0,0.0,0.0,0.0,1.0,0.0,0.0,0.0,0.0
2.73013117416667,-0.6869424014918875,-0.00768990581285844,1.393439630340816,-0.31538394633252553,0.5206289543814531,0.0,0.0,0.0,1.0,0.0,1.0,0.0,0.0,1.0,0.0,0.0,0.0,0.0,0.0,0.0,0.0
-0.4988509476821572,0.4523925829474293,0.12296730553217981,0.6932923026628613,-0.5512461770608634,-0.5794719286843851,1.0,0.0,0.0,0.0,0.0,0.0,1.0,0.0,0.0,0.0,0.0,1.0,0.0,0.0,0.0,0.0
-0.4988509476821572,0.40183037949598027,-0.0006292041287448559,1.393439630340816,-1.2784880551399052,0.9878770512017211,0.0,1.0,0.0,0.0,0.0,1.0,0.0,0.0,0.0,0.0,0.0,1.0,0.0,0.0,0.0,0.0
1.8075648536384334,0.1894691249998948,1.6222901930592308,-0.0068550250150934385,0.8246168355211075,-0.3512958739924974,0.0,0.0,0.0,1.0,0.0,0.0,0.0,1.0,0.0,0.0,0.0,0.0,1.0,0.0,0.0,0.0
2.73013117416667,-0.7408754185067662,1.572830470908805,-1.407149680371003,1.1194446239315299,-0.5818932171494432,0.0,0.0,0.0,1.0,0.0,0.0,1.0,0.0,0.0,0.0,0.0,0.0,0.0,0.0,1.0,0.0
-0.4988509476821572,-0.8352581982828043,-0.9649388799527925,0.6932923026628613,-0.41365987580266633,-0.018722665301410587,0.0,0.0,0.0,1.0,0.0,0.0,0.0,1.0,0.0,0.0,0.0,0.0,0.0,0.0,0.0,1.0
-0.4988509476821572,-0.8352581982828043,-0.9649388799527925,0.6932923026628613,-0.41365987580266633,-0.3141036593557913,0.0,0.0,0.0,1.0,0.0,0.0,0.0,1.0,0.0,0.0,0.0,0.0,0.0,0.0,0.0,1.0
-0.4988509476821572,-1.1993060631332368,0.2844664972821053,-0.7070023526930482,0.2939268163823473,-0.4843466434121021,1.0,0.0,0.0,0.0,0.0,0.0,1.0,0.0,0.0,0.0,0.0,0.0,0.0,1.0,0.0,0.0
-0.4988509476821572,-1.1993060631332368,0.2844664972821053,-0.7070023526930482,0.2939268163823473,-0.47391574294225197,1.0,0.0,0.0,0.0,0.0,0.0,1.0,0.0,0.0,0.0,0.0,0.0,0.0,1.0,0.0,0.0
-0.4988509476821572,1.2007131940288738,-0.7831905008422316,-0.7070023526930482,1.5125483418120929,-0.2825363768899589,1.0,0.0,0.0,0.0,0.0,0.0,0.0,1.0,0.0,0.0,0.0,0.0,0.0,1.0,0.0,0.0
-0.4988509476821572,1.2007131940288738,-0.7831905008422316,-0.7070023526930482,1.5125483418120929,-0.2270145529725712,1.0,0.0,0.0,0.0,0.0,0.0,0.0,1.0,0.0,0.0,0.0,0.0,0.0,1.0,0.0,0.0
4.1139806549590245,0.4153136337497,-1.3991250395375763,-1.407149680371003,0.8049616496270794,-0.4730874228783763,1.0,0.0,0.0,0.0,0.0,0.0,1.0,0.0,0.0,0.0,0.0,0.0,0.0,0.0,0.0,1.0
-0.4988509476821572,-1.0307653849617402,0.9574030031478822,-1.407149680371003,1.001513508567361,-0.5129389702253191,1.0,0.0,0.0,0.0,0.0,0.0,1.0,0.0,0.0,0.0,0.0,0.0,0.0,0.0,1.0,0.0
-0.4988509476821572,-1.0307653849617402,0.9574030031478822,-1.407149680371003,1.001513508567361,-0.5968053091858325,1.0,0.0,0.0,0.0,0.0,0.0,1.0,0.0,0.0,0.0,0.0,0.0,0.0,0.0,1.0,0.0
-0.4988509476821572,-1.0307653849617402,0.9574030031478822,-1.407149680371003,1.001513508567361,-0.4912214074388505,1.0,0.0,0.0,0.0,0.0,0.0,1.0,0.0,0.0,0.0,0.0,0.0,0.0,0.0,1.0,0.0
-0.4988509476821572,-1.0644735205960396,0.4734275833225676,-0.0068550250150934385,1.1194446239315299,-0.5920365110200962,0.0,0.0,0.0,1.0,0.0,0.0,1.0,0.0,0.0,0.0,0.0,0.0,0.0,1.0,0.0,0.0
-0.4988509476821572,-1.0644735205960396,0.4734275833225676,-0.0068550250150934385,1.1194446239315299,-0.6222711661865938,0.0,0.0,0.0,1.0,0.0,0.0,1.0,0.0,0.0,0.0,0.0,0.0,0.0,1.0,0.0,0.0
-0.4988509476821572,-1.0644735205960396,0.4734275833225676,-0.0068550250150934385,1.1194446239315299,-0.5193619078757308,0.0,0.0,0.0,1.0,0.0,0.0,1.0,0.0,0.0,0.0,0.0,0.0,0.0,1.0,0.0,0.0
-0.4988509476821572,0.8434069563053012,-1.6257404937540731,0.6932923026628613,0.7853064637330512,-0.49141000685370645,1.0,0.0,0.0,0.0,0.0,0.0,1.0,0.0,1.0,0.0,0.0,0.0,0.0,0.0,0.0,0.0
-0.4988509476821572,0.8434069563053012,-1.6257404937540731,0.6932923026628613,0.7853064637330512,-0.5265583864897398,1.0,0.0,0.0,0.0,0.0,0.0,1.0,0.0,1.0,0.0,0.0,0.0,0.0,0.0,0.0,0.0
-0.4988509476821572,0.8434069563053012,-1.6257404937540731,0.6932923026628613,0.7853064637330512,-0.4550224639017094,1.0,0.0,0.0,0.0,0.0,0.0,1.0,0.0,1.0,0.0,0.0,0.0,0.0,0.0,0.0,0.0
-0.4988509476821572,0.5602586169771872,1.231336181929123,-1.407149680371003,0.8442720214151357,-0.49048427270447276,1.0,0.0,0.0,0.0,0.0,0.0,1.0,0.0,0.0,0.0,0.0,1.0,0.0,0.0,0.0,0.0
-0.4988509476821572,0.5602586169771872,1.231336181929123,-1.407149680371003,0.8442720214151357,-0.5682646275076813,1.0,0.0,0.0,0.0,0.0,0.0,1.0,0.0,0.0,0.0,0.0,1.0,0.0,0.0,0.0,0.0
-0.4988509476821572,-0.2891864010071556,0.5864637896100958,-1.407149680371003,-1.12124656798768,0.046261572427818476,0.0,0.0,0.0,1.0,0.0,1.0,0.0,0.0,0.0,0.0,0.0,0.0,0.0,0.0,1.0,0.0
-0.4988509476821572,-0.2891864010071556,0.5864637896100958,-1.407149680371003,-1.12124656798768,1.1115028772810576,0.0,0.0,0.0,1.0,0.0,1.0,0.0,0.0,0.0,0.0,0.0,0.0,0.0,0.0,1.0,0.0
-0.4988509476821572,-0.7779543677044954,0.5854090356526825,-1.407149680371003,1.4142724123419521,-0.6248283512181827,0.0,0.0,0.0,1.0,0.0,0.0,1.0,0.0,0.0,0.0,0.0,1.0,0.0,0.0,0.0,0.0
-0.4988509476821572,-0.6431218251672983,0.1568772391421281,0.6932923026628613,0.7459960919449948,-0.48253722900933116,1.0,0.0,0.0,0.0,0.0,0.0,1.0,0.0,0.0,0.0,0.0,0.0,1.0,0.0,0.0,0.0
-0.4988509476821572,-0.6431218251672983,0.1568772391421281,0.6932923026628613,0.7459960919449948,-0.49415407414837853,1.0,0.0,0.0,0.0,0.0,0.0,1.0,0.0,0.0,0.0,0.0,0.0,1.0,0.0,0.0,0.0
-0.4988509476821572,1.197342380465444,1.2864943602785106,0.6932923026628613,0.5494442330047133,-0.155688024964401,0.0,1.0,0.0,0.0,0.0,0.0,0.0,1.0,0.0,0.0,0.0,0.0,0.0,1.0,0.0,0.0
-0.4988509476821572,-0.6599758929844479,0.4450977506820363,-1.407149680371003,-0.41365987580266633,-0.5729213211261256,1.0,0.0,0.0,0.0,0.0,0.0,1.0,0.0,0.0,0.0,0.0,0.0,0.0,1.0,0.0,0.0
-0.4988509476821572,-0.22177012973855692,0.28417292989901893,-0.7070023526930482,-0.11883208739224398,1.2074224138037177,0.0,1.0,0.0,0.0,1.0,0.0,0.0,0.0,0.0,0.0,0.0,0.0,1.0,0.0,0.0,0.0
3.6526974946949062,-1.0341361985251702,-1.404210833371836,-0.0068550250150934385,0.05806458565400943,0.0776988867446471,0.0,0.0,0.0,1.0,0.0,1.0,0.0,0.0,0.0,0.0,0.0,0.0,1.0,0.0,0.0,0.0
3.6526974946949062,-1.0341361985251702,-1.404210833371836,-0.0068550250150934385,0.05806458565400943,1.0865193571137963,0.0,0.0,0.0,1.0,0.0,1.0,0.0,0.0,0.0,0.0,0.0,0.0,1.0,0.0,0.0,0.0
-0.03756778741803903,-1.286947215782415,-0.257030724447328,-0.0068550250150934385,1.3356516687658395,-0.5680509237256537,0.0,1.0,0.0,0.0,0.0,0.0,1.0,0.0,0.0,0.0,0.0,0.0,0.0,0.0,0.0,1.0
-0.4988509476821572,-0.7577294863239158,0.9304400573740536,-1.407149680371003,1.5322035277061212,-0.33749546470795533,0.0,0.0,0.0,1.0,0.0,0.0,0.0,1.0,1.0,0.0,0.0,0.0,0.0,0.0,0.0,0.0
-0.4988509476821572,-0.7577294863239158,0.9304400573740536,-1.407149680371003,1.5322035277061212,-0.18325777157422113,0.0,0.0,0.0,1.0,0.0,0.0,0.0,1.0,1.0,0.0,0.0,0.0,0.0,0.0,0.0,0.0
-0.4988509476821572,1.1029596006894058,-0.7705218498993964,-0.7070023526930482,-0.3350391322265537,-0.07389815994643045,0.0,0.0,0.0,1.0,0.0,0.0,0.0,1.0,0.0,0.0,0.0,0.0,0.0,0.0,1.0,0.0
-0.4988509476821572,1.1029596006894058,-0.7705218498993964,-0.7070023526930482,-0.3350391322265537,-0.36096918407586337,0.0,0.0,0.0,1.0,0.0,0.0,0.0,1.0,0.0,0.0,0.0,0.0,0.0,0.0,1.0,0.0
-0.4988509476821572,1.1029596006894058,-0.7705218498993964,-0.7070023526930482,-0.3350391322265537,-0.33549371624845015,0.0,0.0,0.0,1.0,0.0,0.0,0.0,1.0,0.0,0.0,0.0,0.0,0.0,0.0,1.0,0.0
-0.4988509476821572,1.6962227878530738,-1.1611115125777685,-0.7070023526930482,1.4928931559180647,-0.48287860922830084,0.0,0.0,0.0,1.0,0.0,0.0,1.0,0.0,0.0,0.0,0.0,0.0,0.0,0.0,0.0,1.0
-0.4988509476821572,1.6962227878530738,-1.1611115125777685,-0.7070023526930482,1.4928931559180647,-0.5279198919726898,0.0,0.0,0.0,1.0,0.0,0.0,1.0,0.0,0.0,0.0,0.0,0.0,0.0,0.0,0.0,1.0
-0.4988509476821572,-1.4015548769390327,1.3718540083787787,-0.7070023526930482,-0.17779764507432844,-0.48779791607337164,1.0,0.0,0.0,0.0,0.0,0.0,1.0,0.0,1.0,0.0,0.0,0.0,0.0,0.0,0.0,0.0
-0.4988509476821572,-1.4015548769390327,1.3718540083787787,-0.7070023526930482,-0.17779764507432844,-0.5938352438247676,1.0,0.0,0.0,0.0,0.0,0.0,1.0,0.0,1.0,0.0,0.0,0.0,0.0,0.0,0.0,0.0
-0.4988509476821572,-0.06671270582078016,-0.3868733733302056,-1.407149680371003,-1.0622810103055955,-0.4874362434296505,0.0,0.0,0.0,1.0,0.0,0.0,1.0,0.0,0.0,0.0,0.0,0.0,0.0,0.0,1.0,0.0
-0.4988509476821572,1.0422849565476673,0.12035420771909455,-0.7070023526930482,-0.9836602667294828,-0.5275058429353533,0.0,0.0,0.0,1.0,0.0,0.0,1.0,0.0,1.0,0.0,0.0,0.0,0.0,0.0,0.0,0.0
-0.4988509476821572,1.0422849565476673,0.12035420771909455,-0.7070023526930482,-0.9836602667294828,-0.4996049602553522,0.0,0.0,0.0,1.0,0.0,0.0,1.0,0.0,1.0,0.0,0.0,0.0,0.0,0.0,0.0,0.0
-0.4988509476821572,0.9984643802230782,0.9229767158404104,0.6932923026628613,1.4339275982359803,2.167895509705682,0.0,0.0,0.0,1.0,1.0,0.0,0.0,0.0,0.0,0.0,0.0,0.0,0.0,0.0,0.0,1.0
-0.4988509476821572,0.9007107868836101,1.3775826335578205,0.6932923026628613,-0.7084876642130886,-0.4537039133294545,0.0,0.0,0.0,1.0,0.0,0.0,1.0,0.0,0.0,0.0,0.0,0.0,0.0,1.0,0.0,0.0
-0.4988509476821572,-0.48469358768609155,0.4496486252925693,-1.407149680371003,-0.41365987580266633,-0.6005890302652158,0.0,0.0,0.0,1.0,0.0,0.0,1.0,0.0,0.0,0.0,0.0,0.0,0.0,0.0,1.0,0.0
-0.4988509476821572,-0.1307581635259487,-0.3697861271510344,-0.7070023526930482,-0.7281428501071168,3.831846460097678,1.0,0.0,0.0,0.0,1.0,0.0,0.0,0.0,0.0,0.0,0.0,0.0,0.0,0.0,0.0,1.0
-0.4988509476821572,-0.1307581635259487,-0.3697861271510344,-0.7070023526930482,-0.7281428501071168,1.6427201727309506,1.0,0.0,0.0,0.0,1.0,0.0,0.0,0.0,0.0,0.0,0.0,0.0,0.0,0.0,0.0,1.0
-0.4988509476821572,0.34452654891767137,0.6808311989550269,1.393439630340816,-1.376763984610046,-0.5866617933259768,0.0,0.0,0.0,1.0,0.0,0.0,1.0,0.0,0.0,0.0,0.0,0.0,0.0,0.0,0.0,1.0
-0.4988509476821572,0.34452654891767137,0.6808311989550269,1.393439630340816,-1.376763984610046,-0.6065377206298326,0.0,0.0,0.0,1.0,0.0,0.0,1.0,0.0,0.0,0.0,0.0,0.0,0.0,0.0,0.0,1.0
-0.4988509476821572,-0.55548067251812,-0.1696636788263505,1.393439630340816,0.254616444594291,-0.06337907100131696,0.0,0.0,0.0,1.0,0.0,0.0,0.0,1.0,1.0,0.0,0.0,0.0,0.0,0.0,0.0,0.0
1.8075648536384334,1.4501533977226888,-1.1961643863945948,0.6932923026628613,1.630479457176262,0.7944187105638093,0.0,0.0,0.0,1.0,0.0,1.0,0.0,0.0,0.0,1.0,0.0,0.0,0.0,0.0,0.0,0.0
1.8075648536384334,1.4501533977226888,-1.1961643863945948,0.6932923026628613,1.630479457176262,0.5342601099572327,0.0,0.0,0.0,1.0,0.0,1.0,0.0,0.0,0.0,1.0,0.0,0.0,0.0,0.0,0.0,0.0
-0.4988509476821572,0.5973375661749164,-0.21017249665611046,-0.7070023526930482,-1.0426258244115674,-0.5404559421667781,0.0,0.0,0.0,1.0,0.0,0.0,1.0,0.0,0.0,0.0,0.0,1.0,0.0,0.0,0.0,0.0
-0.4988509476821572,-0.09705002789164938,-1.4266960062945562,1.393439630340816,1.001513508567361,0.9428239638550313,0.0,0.0,0.0,1.0,0.0,1.0,0.0,0.0,0.0,0.0,0.0,1.0,0.0,0.0,0.0,0.0
-0.4988509476821572,0.4052011930594102,-1.714513877984935,-0.0068550250150934385,0.5297890471106852,-0.5252547614268099,1.0,0.0,0.0,0.0,0.0,0.0,1.0,0.0,0.0,0.0,1.0,0.0,0.0,0.0,0.0,0.0
-0.4988509476821572,-0.7408754185067662,1.1282777856303694,1.393439630340816,-0.629866920636976,-0.07753276304354231,0.0,0.0,0.0,1.0,0.0,0.0,0.0,1.0,0.0,1.0,0.0,0.0,0.0,0.0,0.0,0.0
-0.4988509476821572,-0.7375046049433363,-1.2341424909337957,-0.0068550250150934385,0.8639272073091638,1.17112745993647,0.0,0.0,0.0,1.0,0.0,1.0,0.0,0.0,0.0,0.0,0.0,0.0,1.0,0.0,0.0,0.0
-0.4988509476821572,-1.2768347750921252,0.3182487928994074,-1.407149680371003,-0.9443498949414265,-0.0814885649294736,1.0,0.0,0.0,0.0,0.0,0.0,0.0,1.0,0.0,0.0,0.0,1.0,0.0,0.0,0.0,0.0
-0.4988509476821572,-1.2768347750921252,-1.1773261790253944,-1.407149680371003,-0.9640050808354547,-0.5157778726131429,0.0,0.0,0.0,1.0,0.0,0.0,1.0,0.0,0.0,1.0,0.0,0.0,0.0,0.0,0.0,0.0
-0.4988509476821572,-1.2768347750921252,-1.1773261790253944,-1.407149680371003,-0.9640050808354547,-0.6158893487714089,0.0,0.0,0.0,1.0,0.0,0.0,1.0,0.0,0.0,1.0,0.0,0.0,0.0,0.0,0.0,0.0
-0.4988509476821572,-0.4880644012495215,-0.3288375384193387,-0.7070023526930482,0.8246168355211075,1.4098876137643501,0.0,0.0,0.0,1.0,1.0,0.0,0.0,0.0,0.0,0.0,1.0,0.0,0.0,0.0,0.0,0.0
-0.4988509476821572,-0.4880644012495215,-0.3288375384193387,-0.7070023526930482,0.8246168355211075,1.343746583771495,0.0,0.0,0.0,1.0,1.0,0.0,0.0,0.0,0.0,0.0,1.0,0.0,0.0,0.0,0.0,0.0
-0.4988509476821572,-0.4880644012495215,-0.3288375384193387,-0.7070023526930482,0.8246168355211075,1.814230884890319,0.0,0.0,0.0,1.0,1.0,0.0,0.0,0.0,0.0,0.0,1.0,0.0,0.0,0.0,0.0,0.0
-0.4988509476821572,-1.3139137242898544,0.47107556322171334,-0.7070023526930482,-1.3571087987160178,-0.6157046472257861,0.0,0.0,0.0,1.0,0.0,0.0,1.0,0.0,0.0,0.0,1.0,0.0,0.0,0.0,0.0,0.0
-0.4988509476821572,-1.3139137242898544,0.47107556322171334,-0.7070023526930482,-1.3571087987160178,-0.45862675894357785,0.0,0.0,0.0,1.0,0.0,0.0,1.0,0.0,0.0,0.0,1.0,0.0,0.0,0.0,0.0,0.0
-0.4988509476821572,-1.3139137242898544,0.47107556322171334,-0.7070023526930482,-1.3571087987160178,-0.5896960527411463,0.0,0.0,0.0,1.0,0.0,0.0,1.0,0.0,0.0,0.0,1.0,0.0,0.0,0.0,0.0,0.0
0.8849985331101973,1.2108256347191637,-0.5880389721584257,0.6932923026628613,0.5887546047927696,0.22287447136060048,0.0,0.0,0.0,1.0,0.0,1.0,0.0,0.0,0.0,0.0,0.0,0.0,0.0,0.0,1.0,0.0
1.3462816933743154,0.36475143029825097,1.6947653659745527,-0.7070023526930482,0.9622031367793046,0.9695104611315308,0.0,0.0,0.0,1.0,0.0,1.0,0.0,0.0,0.0,0.0,0.0,0.0,0.0,0.0,1.0,0.0
1.3462816933743154,0.36475143029825097,1.6947653659745527,-0.7070023526930482,0.9622031367793046,0.6615189264474153,0.0,0.0,0.0,1.0,0.0,1.0,0.0,0.0,0.0,0.0,0.0,0.0,0.0,0.0,1.0,0.0
1.3462816933743154,-0.06334189225735022,-0.562495128793746,-0.0068550250150934385,1.1980653675076425,-0.2362719140521905,0.0,0.0,0.0,1.0,0.0,0.0,0.0,1.0,0.0,0.0,0.0,1.0,0.0,0.0,0.0,0.0
-0.4988509476821572,-1.5667247415470993,1.1875505487245173,-0.0068550250150934385,-0.7871084077892013,-0.1394580548524586,0.0,0.0,0.0,1.0,0.0,0.0,0.0,1.0,0.0,0.0,1.0,0.0,0.0,0.0,0.0,0.0
-0.4988509476821572,-1.5667247415470993,1.1875505487245173,-0.0068550250150934385,-0.7871084077892013,-0.04342528424921096,0.0,0.0,0.0,1.0,0.0,0.0,0.0,1.0,0.0,0.0,1.0,0.0,0.0,0.0,0.0,0.0
-0.4988509476821572,-0.21165768904826712,1.3783124908066795,0.6932923026628613,-1.0229706385175392,0.29797762985186055,0.0,0.0,0.0,1.0,0.0,1.0,0.0,0.0,0.0,0.0,0.0,0.0,1.0,0.0,0.0,0.0
-0.4988509476821572,-0.21165768904826712,1.3783124908066795,0.6932923026628613,-1.0229706385175392,1.1642427325119833,0.0,0.0,0.0,1.0,0.0,1.0,0.0,0.0,0.0,0.0,0.0,0.0,1.0,0.0,0.0,0.0
-0.4988509476821572,-0.21165768904826712,1.3783124908066795,0.6932923026628613,-1.0229706385175392,0.25575485913413093,0.0,0.0,0.0,1.0,0.0,1.0,0.0,0.0,0.0,0.0,0.0,0.0,1.0,0.0,0.0,0.0
-0.4988509476821572,0.6074500068652062,0.6823106393243358,0.6932923026628613,-0.45297024759072263,-0.5703041598352807,1.0,0.0,0.0,0.0,0.0,0.0,1.0,0.0,0.0,0.0,0.0,1.0,0.0,0.0,0.0,0.0
-0.4988509476821572,0.6074500068652062,0.6823106393243358,0.6932923026628613,-0.45297024759072263,-0.4980256115446563,1.0,0.0,0.0,0.0,0.0,0.0,1.0,0.0,0.0,0.0,0.0,1.0,0.0,0.0,0.0,0.0
-0.4988509476821572,0.6074500068652062,0.6823106393243358,0.6932923026628613,-0.45297024759072263,-0.5282675009475196,1.0,0.0,0.0,0.0,0.0,0.0,1.0,0.0,0.0,0.0,0.0,1.0,0.0,0.0,0.0,0.0
-0.4988509476821572,-0.6700883336747377,1.5477844157154454,-1.407149680371003,-1.2981432410339333,2.5580336199399025,0.0,1.0,0.0,0.0,1.0,0.0,0.0,0.0,0.0,0.0,1.0,0.0,0.0,0.0,0.0,0.0
-0.4988509476821572,-0.33974860445860444,0.46501856029795446,-1.407149680371003,0.49047867532262884,-0.46077708347053653,1.0,0.0,0.0,0.0,0.0,0.0,1.0,0.0,1.0,0.0,0.0,0.0,0.0,0.0,0.0,0.0
-0.4988509476821572,-0.3903108079100534,0.21894063289367835,-0.0068550250150934385,-0.37434950401461,1.2731045986439788,1.0,0.0,0.0,0.0,0.0,1.0,0.0,0.0,0.0,0.0,0.0,0.0,0.0,0.0,1.0,0.0
1.3462816933743154,0.4557633965108592,-0.6851981725061468,-1.407149680371003,-0.9246947090473984,-0.5520627651462393,0.0,0.0,0.0,1.0,0.0,0.0,1.0,0.0,0.0,0.0,0.0,0.0,0.0,1.0,0.0,0.0
-0.4988509476821572,0.18272749787303494,0.959329176491453,-1.407149680371003,-1.4750399140801866,0.9419052419529608,0.0,0.0,0.0,1.0,0.0,1.0,0.0,0.0,1.0,0.0,0.0,0.0,0.0,0.0,0.0,0.0
-0.4988509476821572,0.18272749787303494,0.959329176491453,-1.407149680371003,-1.4750399140801866,0.5067904870068606,0.0,0.0,0.0,1.0,0.0,1.0,0.0,0.0,1.0,0.0,0.0,0.0,0.0,0.0,0.0,0.0
-0.4988509476821572,-0.8824495881708232,0.029973745126277603,1.393439630340816,1.5125483418120929,0.5866985103801785,0.0,0.0,0.0,1.0,0.0,1.0,0.0,0.0,0.0,1.0,0.0,0.0,0.0,0.0,0.0,0.0
-0.4988509476821572,-0.8824495881708232,0.029973745126277603,1.393439630340816,1.5125483418120929,0.5734307511289869,0.0,0.0,0.0,1.0,0.0,1.0,0.0,0.0,0.0,1.0,0.0,0.0,0.0,0.0,0.0,0.0
-0.4988509476821572,-0.5015476555032412,0.02026049388589719,0.6932923026628613,-0.2957287604384974,-0.6049901490205735,0.0,0.0,0.0,1.0,0.0,0.0,1.0,0.0,0.0,0.0,1.0,0.0,0.0,0.0,0.0,0.0
-0.4988509476821572,-0.5015476555032412,0.02026049388589719,0.6932923026628613,-0.2957287604384974,-0.520576045173653,0.0,0.0,0.0,1.0,0.0,0.0,1.0,0.0,0.0,0.0,1.0,0.0,0.0,0.0,0.0,0.0
-0.4988509476821572,0.4085720066228401,0.5853730649456641,1.393439630340816,0.883582393203192,-0.5428445198699297,1.0,0.0,0.0,0.0,0.0,0.0,1.0,0.0,0.0,1.0,0.0,0.0,0.0,0.0,0.0,0.0
-0.4988509476821572,1.241162956790033,-0.6956818930839556,-0.0068550250150934385,-0.02055615792210319,-0.5794499778697086,1.0,0.0,0.0,0.0,0.0,0.0,1.0,0.0,0.0,0.0,0.0,0.0,0.0,0.0,1.0,0.0
-0.4988509476821572,1.241162956790033,-0.6956818930839556,-0.0068550250150934385,-0.02055615792210319,-0.5952791203600551,1.0,0.0,0.0,0.0,0.0,0.0,1.0,0.0,0.0,0.0,0.0,0.0,0.0,0.0,1.0,0.0
-0.4988509476821572,0.8771150919396006,-0.259573041191764,1.393439630340816,0.27427163048831915,-0.5058464870236145,0.0,0.0,0.0,1.0,0.0,0.0,1.0,0.0,0.0,0.0,0.0,0.0,0.0,1.0,0.0,0.0
-0.4988509476821572,0.20295237925361453,1.0031322148768742,-0.7070023526930482,0.17599570101817838,-0.5267238076202111,0.0,0.0,0.0,1.0,0.0,0.0,1.0,0.0,0.0,0.0,1.0,0.0,0.0,0.0,0.0,0.0
-0.4988509476821572,-0.4408730113615024,1.493749451701345,0.6932923026628613,0.21530607280623468,1.1630049533639888,0.0,0.0,0.0,1.0,0.0,1.0,0.0,0.0,0.0,0.0,0.0,0.0,0.0,0.0,1.0,0.0
-0.4988509476821572,-0.4408730113615024,1.493749451701345,0.6932923026628613,0.21530607280623468,0.5402275910549366,0.0,0.0,0.0,1.0,0.0,1.0,0.0,0.0,0.0,0.0,0.0,0.0,0.0,0.0,1.0,0.0
-0.03756778741803903,-0.43076057067121265,1.5312796629208965,-1.407149680371003,-1.3374536128219896,-0.476624605361036,0.0,0.0,0.0,1.0,0.0,0.0,1.0,0.0,0.0,0.0,0.0,0.0,0.0,1.0,0.0,0.0
-0.4988509476821572,1.3018376009317718,-0.6574171832339945,1.393439630340816,-0.37434950401461,-0.5736263849498278,0.0,0.0,0.0,1.0,0.0,0.0,1.0,0.0,0.0,0.0,0.0,0.0,1.0,0.0,0.0,0.0
-0.4988509476821572,-1.52964579234937,-0.010978324641581183,1.393439630340816,0.5690994188987415,-0.5348549064806504,0.0,0.0,0.0,1.0,0.0,0.0,1.0,0.0,0.0,0.0,0.0,0.0,0.0,0.0,1.0,0.0
-0.4988509476821572,-1.52964579234937,-0.010978324641581183,1.393439630340816,0.5690994188987415,-0.62707834889709,0.0,0.0,0.0,1.0,0.0,0.0,1.0,0.0,0.0,0.0,0.0,0.0,0.0,0.0,1.0,0.0
-0.4988509476821572,-1.52964579234937,-0.010978324641581183,1.393439630340816,0.5690994188987415,-0.4814466548190095,0.0,0.0,0.0,1.0,0.0,0.0,1.0,0.0,0.0,0.0,0.0,0.0,0.0,0.0,1.0,0.0
-0.4988509476821572,1.6692562793456343,-0.9612257747121741,-1.407149680371003,0.27427163048831915,0.29459044025009423,0.0,0.0,0.0,1.0,0.0,1.0,0.0,0.0,1.0,0.0,0.0,0.0,0.0,0.0,0.0,0.0
-0.4988509476821572,1.6692562793456343,-0.9612257747121741,-1.407149680371003,0.27427163048831915,0.08926751452307993,0.0,0.0,0.0,1.0,0.0,1.0,0.0,0.0,1.0,0.0,0.0,0.0,0.0,0.0,0.0,0.0
-0.4988509476821572,1.6692562793456343,-0.9612257747121741,-1.407149680371003,0.27427163048831915,-0.04377122177592726,0.0,0.0,0.0,1.0,0.0,1.0,0.0,0.0,1.0,0.0,0.0,0.0,0.0,0.0,0.0,0.0
-0.4988509476821572,-1.5330166059128,1.5092493453901519,1.393439630340816,1.276686111083755,-0.47854032647545564,1.0,0.0,0.0,0.0,0.0,0.0,1.0,0.0,0.0,0.0,0.0,0.0,0.0,0.0,0.0,1.0
-0.4988509476821572,-1.3038012835995647,-0.6675655639947597,-0.7070023526930482,0.9425479508852764,-0.5528566311800591,0.0,0.0,0.0,1.0,0.0,0.0,1.0,0.0,0.0,0.0,0.0,0.0,0.0,1.0,0.0,0.0
1.3462816933743154,-0.7240213506896165,0.22587369658514567,1.393439630340816,0.01875421386595312,-0.45227035276299166,0.0,0.0,0.0,1.0,0.0,0.0,1.0,0.0,1.0,0.0,0.0,0.0,0.0,0.0,0.0,0.0
-0.03756778741803903,-1.4150381311927525,0.13587150658871672,-0.0068550250150934385,-1.3374536128219896,-0.6272988429370783,1.0,0.0,0.0,0.0,0.0,0.0,1.0,0.0,0.0,0.0,0.0,0.0,1.0,0.0,0.0,0.0
-0.03756778741803903,-1.4150381311927525,0.13587150658871672,-0.0068550250150934385,-1.3374536128219896,-0.6296211764505487,1.0,0.0,0.0,0.0,0.0,0.0,1.0,0.0,0.0,0.0,0.0,0.0,1.0,0.0,0.0,0.0
-0.4988509476821572,0.7456533629658332,-1.3823336814322669,-0.7070023526930482,-1.0819361961996237,-0.40528443807509684,0.0,0.0,1.0,0.0,0.0,0.0,0.0,1.0,1.0,0.0,0.0,0.0,0.0,0.0,0.0,0.0
-0.4988509476821572,0.4085720066228401,0.08388803322005797,-0.7070023526930482,0.13668532923012205,-0.5087287817714442,0.0,1.0,0.0,0.0,0.0,0.0,1.0,0.0,0.0,0.0,1.0,0.0,0.0,0.0,0.0,0.0
-0.4988509476821572,0.4085720066228401,0.08388803322005797,-0.7070023526930482,0.13668532923012205,-0.516903390515585,0.0,1.0,0.0,0.0,0.0,0.0,1.0,0.0,0.0,0.0,1.0,0.0,0.0,0.0,0.0,0.0
0.8849985331101973,-0.19817443479454738,-0.3714117710391927,0.6932923026628613,-1.2784880551399052,-0.16681671584702246,0.0,0.0,0.0,1.0,0.0,0.0,0.0,1.0,0.0,0.0,0.0,0.0,0.0,1.0,0.0,0.0
-0.4988509476821572,0.33778492179081154,-0.13141869484798013,-1.407149680371003,-0.4922806193787789,-0.5219920424767369,0.0,0.0,0.0,1.0,0.0,0.0,1.0,0.0,0.0,0.0,0.0,1.0,0.0,0.0,0.0,0.0
-0.4988509476821572,0.33778492179081154,-0.13141869484798013,-1.407149680371003,-0.4922806193787789,-0.5733467634328288,0.0,0.0,0.0,1.0,0.0,0.0,1.0,0.0,0.0,0.0,0.0,1.0,0.0,0.0,0.0,0.0
-0.4988509476821572,-0.8757079610439633,-0.07837582614035742,-1.407149680371003,-1.769867702490609,-0.5531199821943295,0.0,0.0,0.0,1.0,0.0,0.0,1.0,0.0,1.0,0.0,0.0,0.0,0.0,0.0,0.0,0.0
-0.4988509476821572,0.3243016675370918,0.30216176444442777,1.393439630340816,1.0604790662494454,-0.06240162642607556,0.0,0.0,0.0,1.0,0.0,0.0,0.0,1.0,0.0,0.0,1.0,0.0,0.0,0.0,0.0,0.0
-0.4988509476821572,-0.6127845030964288,-0.9708450379761513,-0.0068550250150934385,1.0997894380375017,-0.5001592868814231,0.0,0.0,0.0,1.0,0.0,0.0,1.0,0.0,0.0,0.0,0.0,0.0,0.0,0.0,0.0,1.0
1.8075648536384334,1.055768210801387,-0.7667565291163317,0.6932923026628613,-0.39400468990863813,-0.5461849285118039,0.0,0.0,0.0,1.0,0.0,0.0,1.0,0.0,0.0,1.0,0.0,0.0,0.0,0.0,0.0,0.0
-0.4988509476821572,-1.1150357240474886,-0.9769264081530518,0.6932923026628613,0.7459960919449948,-0.232460568375277,1.0,0.0,0.0,0.0,0.0,0.0,0.0,1.0,0.0,0.0,0.0,0.0,0.0,0.0,0.0,1.0
-0.4988509476821572,-1.1150357240474886,-0.9769264081530518,0.6932923026628613,0.7459960919449948,-0.3983884087885622,1.0,0.0,0.0,0.0,0.0,0.0,0.0,1.0,0.0,0.0,0.0,0.0,0.0,0.0,0.0,1.0
-0.4988509476821572,-1.1150357240474886,-0.9769264081530518,0.6932923026628613,0.7459960919449948,-0.4099384808812988,1.0,0.0,0.0,0.0,0.0,0.0,0.0,1.0,0.0,0.0,0.0,0.0,0.0,0.0,0.0,1.0
1.8075648536384334,-0.6734591472381677,0.20682894773693594,-1.407149680371003,-0.17779764507432844,-0.5033852013275307,0.0,0.0,0.0,1.0,0.0,0.0,1.0,0.0,0.0,0.0,1.0,0.0,0.0,0.0,0.0,0.0
-0.4988509476821572,-0.5993012488427091,-1.502069721988336,-1.407149680371003,1.257030925189727,-0.4831674237099235,0.0,0.0,0.0,1.0,0.0,0.0,1.0,0.0,0.0,0.0,1.0,0.0,0.0,0.0,0.0,0.0
-0.03756778741803903,-1.2229017580772463,0.014028278808596605,0.6932923026628613,0.2939268163823473,-0.49519250046338154,1.0,0.0,0.0,0.0,0.0,0.0,1.0,0.0,0.0,0.0,0.0,0.0,0.0,1.0,0.0,0.0
-0.03756778741803903,-1.2229017580772463,0.014028278808596605,0.6932923026628613,0.2939268163823473,-0.4874425766510176,1.0,0.0,0.0,0.0,0.0,0.0,1.0,0.0,0.0,0.0,0.0,0.0,0.0,1.0,0.0,0.0
-0.03756778741803903,-1.2229017580772463,0.014028278808596605,0.6932923026628613,0.2939268163823473,-0.49234360856144255,1.0,0.0,0.0,0.0,0.0,0.0,1.0,0.0,0.0,0.0,0.0,0.0,0.0,1.0,0.0,0.0
-0.4988509476821572,0.9108232275738999,-0.5952957722130595,-0.0068550250150934385,-1.258832869245877,-0.3903586479990908,1.0,0.0,0.0,0.0,0.0,0.0,0.0,1.0,0.0,0.0,0.0,1.0,0.0,0.0,0.0,0.0
-0.4988509476821572,0.9108232275738999,-0.5952957722130595,-0.0068550250150934385,-1.258832869245877,-0.2623821469461311,1.0,0.0,0.0,0.0,0.0,0.0,0.0,1.0,0.0,0.0,0.0,1.0,0.0,0.0,0.0,0.0
-0.4988509476821572,-1.431892199009902,-1.0509784904502488,0.6932923026628613,0.254616444594291,2.555939530501227,1.0,0.0,0.0,0.0,1.0,0.0,0.0,0.0,0.0,0.0,0.0,0.0,0.0,0.0,1.0,0.0
-0.4988509476821572,-1.431892199009902,-1.0509784904502488,0.6932923026628613,0.254616444594291,2.153005179140237,1.0,0.0,0.0,0.0,1.0,0.0,0.0,0.0,0.0,0.0,0.0,0.0,0.0,0.0,1.0,0.0
-0.4988509476821572,-1.617286944998548,0.7691125967415067,-1.407149680371003,0.3922027458524881,2.7395431305863407,0.0,0.0,0.0,1.0,1.0,0.0,0.0,0.0,0.0,1.0,0.0,0.0,0.0,0.0,0.0,0.0
-0.4988509476821572,-1.617286944998548,0.7691125967415067,-1.407149680371003,0.3922027458524881,3.885487304210846,0.0,0.0,0.0,1.0,1.0,0.0,0.0,0.0,0.0,1.0,0.0,0.0,0.0,0.0,0.0,0.0
-0.4988509476821572,-0.8757079610439633,0.6388823924991395,-0.0068550250150934385,-0.37434950401461,-0.37535802144544583,0.0,0.0,0.0,1.0,0.0,0.0,0.0,1.0,0.0,0.0,0.0,0.0,0.0,0.0,0.0,1.0
-0.4988509476821572,0.4186844473131299,0.21381770800701252,-0.0068550250150934385,1.3356516687658395,-0.0979459564503429,0.0,0.0,0.0,1.0,0.0,0.0,0.0,1.0,0.0,1.0,0.0,0.0,0.0,0.0,0.0,0.0
-0.4988509476821572,0.05463658246269746,-1.050043252067768,-0.7070023526930482,1.7287553866464027,-0.5303306098342496,1.0,0.0,0.0,0.0,0.0,0.0,1.0,0.0,0.0,0.0,1.0,0.0,0.0,0.0,0.0,0.0
3.6526974946949062,1.682739533599354,1.463194076607218,0.6932923026628613,-0.04021134381613135,-0.46751207917789767,0.0,0.0,0.0,1.0,0.0,0.0,1.0,0.0,0.0,0.0,0.0,0.0,0.0,0.0,0.0,1.0
3.6526974946949062,1.682739533599354,1.463194076607218,0.6932923026628613,-0.04021134381613135,-0.620878288406047,0.0,0.0,0.0,1.0,0.0,0.0,1.0,0.0,0.0,0.0,0.0,0.0,0.0,0.0,0.0,1.0
-0.4988509476821572,0.4793590914548687,1.1332487052712474,-0.7070023526930482,1.001513508567361,-0.5582076678495408,0.0,0.0,0.0,1.0,0.0,0.0,1.0,0.0,0.0,0.0,0.0,0.0,0.0,0.0,0.0,1.0
-0.4988509476821572,-0.167837112723678,-1.1045771645985767,-0.7070023526930482,1.5125483418120929,-0.48265942100715115,0.0,0.0,0.0,1.0,0.0,0.0,1.0,0.0,0.0,0.0,0.0,0.0,0.0,0.0,0.0,1.0
-0.4988509476821572,-0.167837112723678,-1.1045771645985767,-0.7070023526930482,1.5125483418120929,-0.5178716551843912,0.0,0.0,0.0,1.0,0.0,0.0,1.0,0.0,0.0,0.0,0.0,0.0,0.0,0.0,0.0,1.0
-0.4988509476821572,-1.3172845378532845,1.4882969887245743,-0.7070023526930482,1.2373757392956988,-0.47197866516072745,0.0,1.0,0.0,0.0,0.0,0.0,1.0,0.0,0.0,0.0,0.0,0.0,0.0,1.0,0.0,0.0
-0.03756778741803903,-0.55548067251812,-0.9338532270164897,-0.0068550250150934385,1.1194446239315299,-0.10135030451164816,0.0,0.0,0.0,1.0,0.0,1.0,0.0,0.0,1.0,0.0,0.0,0.0,0.0,0.0,0.0,0.0
-0.4988509476821572,-1.4082965040658926,0.6800792951438016,-0.7070023526930482,-0.629866920636976,-0.5259028654327733,0.0,0.0,0.0,1.0,0.0,0.0,1.0,0.0,0.0,0.0,0.0,1.0,0.0,0.0,0.0,0.0
-0.4988509476821572,-1.4150381311927525,1.2439572587110628,-1.407149680371003,-0.11883208739224398,-0.6075401716358327,0.0,0.0,0.0,1.0,0.0,0.0,1.0,0.0,0.0,0.0,0.0,1.0,0.0,0.0,0.0,0.0
-0.4988509476821572,-1.0004280628908708,0.7377032074420373,1.393439630340816,-0.41365987580266633,0.79976801702333,0.0,1.0,0.0,0.0,0.0,1.0,0.0,0.0,1.0,0.0,0.0,0.0,0.0,0.0,0.0,0.0
-0.4988509476821572,-0.026262943059620954,-0.993026200407296,0.6932923026628613,-1.4750399140801866,-0.568405257667502,1.0,0.0,0.0,0.0,0.0,0.0,1.0,0.0,0.0,0.0,0.0,0.0,0.0,1.0,0.0,0.0
-0.4988509476821572,-0.5318849775741105,-1.3479862976111583,-0.0068550250150934385,1.6894450148583464,-0.13517196567859138,0.0,0.0,0.0,1.0,0.0,0.0,0.0,1.0,0.0,0.0,1.0,0.0,0.0,0.0,0.0,0.0
-0.4988509476821572,-1.3847008091218829,-0.4711167691675128,-1.407149680371003,-1.6715917730204684,-0.08297522008991298,0.0,0.0,0.0,1.0,0.0,0.0,0.0,1.0,0.0,0.0,0.0,0.0,0.0,0.0,0.0,1.0
-0.4988509476821572,-1.3847008091218829,-0.4711167691675128,-1.407149680371003,-1.6715917730204684,-0.01859601393225683,0.0,0.0,0.0,1.0,0.0,0.0,0.0,1.0,0.0,0.0,0.0,0.0,0.0,0.0,0.0,1.0
0.8849985331101973,0.19283993856332474,-1.1415550514135862,1.393439630340816,0.6673753483688822,1.1204976381922387,0.0,0.0,0.0,1.0,0.0,1.0,0.0,0.0,1.0,0.0,0.0,0.0,0.0,0.0,0.0,0.0
0.8849985331101973,0.19283993856332474,-1.1415550514135862,1.393439630340816,0.6673753483688822,-0.120310441476726,0.0,0.0,0.0,1.0,0.0,1.0,0.0,0.0,1.0,0.0,0.0,0.0,0.0,0.0,0.0,0.0
-0.4988509476821572,-0.7476170456336261,-1.6905167750220502,-1.407149680371003,-0.17779764507432844,-0.5148397854176963,0.0,0.0,0.0,1.0,0.0,0.0,1.0,0.0,0.0,0.0,1.0,0.0,0.0,0.0,0.0,0.0
-0.4988509476821572,-1.286947215782415,-0.025476840260808663,1.393439630340816,-1.2784880551399052,1.6817632354021756,0.0,0.0,0.0,1.0,1.0,0.0,0.0,0.0,0.0,0.0,0.0,1.0,0.0,0.0,0.0,0.0
-0.4988509476821572,-0.946495045875992,0.4917726439019983,-0.7070023526930482,0.9622031367793046,0.1503859931043919,1.0,0.0,0.0,0.0,0.0,1.0,0.0,0.0,0.0,0.0,0.0,0.0,0.0,0.0,0.0,1.0
-0.4988509476821572,-0.946495045875992,0.4917726439019983,-0.7070023526930482,0.9622031367793046,0.44512405419541,1.0,0.0,0.0,0.0,0.0,1.0,0.0,0.0,0.0,0.0,0.0,0.0,0.0,0.0,0.0,1.0
-0.4988509476821572,-0.06671270582078016,-1.4494399362387322,-1.407149680371003,0.6870305342629104,-0.33289116707040906,0.0,0.0,0.0,1.0,0.0,0.0,0.0,1.0,0.0,0.0,0.0,1.0,0.0,0.0,0.0,0.0
-0.4988509476821572,1.3658830586369406,0.1782774891273552,0.6932923026628613,-0.5709013629548916,-0.45568679270674217,1.0,0.0,0.0,0.0,0.0,0.0,1.0,0.0,0.0,1.0,0.0,0.0,0.0,0.0,0.0,0.0
-0.4988509476821572,1.3658830586369406,0.1782774891273552,0.6932923026628613,-0.5709013629548916,-0.5070571965470854,1.0,0.0,0.0,0.0,0.0,0.0,1.0,0.0,0.0,1.0,0.0,0.0,0.0,0.0,0.0,0.0
-0.4988509476821572,-0.5352557911375404,-0.47951302839286136,0.6932923026628613,-0.4333150616966945,2.65053434645762,1.0,0.0,0.0,0.0,1.0,0.0,0.0,0.0,1.0,0.0,0.0,0.0,0.0,0.0,0.0,0.0
-0.4988509476821572,-1.3139137242898544,0.5811157577182174,0.6932923026628613,1.4142724123419521,-0.026218914217098006,1.0,0.0,0.0,0.0,0.0,0.0,0.0,1.0,0.0,0.0,0.0,0.0,1.0,0.0,0.0,0.0
-0.4988509476821572,-1.482454402461351,1.1849061215859644,1.393439630340816,-0.41365987580266633,0.9318884558113891,0.0,0.0,0.0,1.0,0.0,1.0,0.0,0.0,1.0,0.0,0.0,0.0,0.0,0.0,0.0,0.0
-0.4988509476821572,-1.482454402461351,1.1849061215859644,1.393439630340816,-0.41365987580266633,-0.013154967170231822,0.0,0.0,0.0,1.0,0.0,1.0,0.0,0.0,1.0,0.0,0.0,0.0,0.0,0.0,0.0,0.0
0.8849985331101973,1.4636366519764086,1.3024479490139054,-0.7070023526930482,1.001513508567361,-0.5603880131515985,0.0,0.0,0.0,1.0,0.0,0.0,1.0,0.0,1.0,0.0,0.0,0.0,0.0,0.0,0.0,0.0
0.8849985331101973,1.4636366519764086,1.3024479490139054,-0.7070023526930482,1.001513508567361,-0.511820255639026,0.0,0.0,0.0,1.0,0.0,0.0,1.0,0.0,1.0,0.0,0.0,0.0,0.0,0.0,0.0,0.0
1.3462816933743154,-1.3543634870510135,1.0733702418847235,-0.0068550250150934385,1.0604790662494454,-0.5357248495200058,0.0,0.0,0.0,1.0,0.0,0.0,1.0,0.0,0.0,0.0,0.0,0.0,0.0,0.0,0.0,1.0
1.3462816933743154,-1.3543634870510135,1.0733702418847235,-0.0068550250150934385,1.0604790662494454,-0.4891497650260104,0.0,0.0,0.0,1.0,0.0,0.0,1.0,0.0,0.0,0.0,0.0,0.0,0.0,0.0,0.0,1.0
-0.4988509476821572,-1.2802055886555552,0.8484616557335236,-1.407149680371003,0.7853064637330512,-0.24953104184085909,0.0,0.0,0.0,1.0,0.0,0.0,0.0,1.0,0.0,0.0,0.0,0.0,0.0,0.0,0.0,1.0
-0.4988509476821572,-1.5498706737299497,-0.49274444684872776,-1.407149680371003,-1.5929710294443558,-0.01577478580241313,0.0,1.0,0.0,0.0,0.0,0.0,0.0,1.0,0.0,0.0,0.0,0.0,0.0,0.0,1.0,0.0
-0.4988509476821572,-1.5498706737299497,-0.49274444684872776,-1.407149680371003,-1.5929710294443558,-0.2802683132074198,0.0,1.0,0.0,0.0,0.0,0.0,0.0,1.0,0.0,0.0,0.0,0.0,0.0,0.0,1.0,0.0
0.42371537284607913,-0.9566074865662817,1.2490465335814855,-0.7070023526930482,0.5887546047927696,2.740460964531601,1.0,0.0,0.0,0.0,1.0,0.0,0.0,0.0,0.0,0.0,1.0,0.0,0.0,0.0,0.0,0.0
0.8849985331101973,1.6085816352038955,0.19725493794307872,-0.7070023526930482,1.7091002007523746,-0.5301585159695132,0.0,0.0,0.0,1.0,0.0,0.0,1.0,0.0,0.0,0.0,0.0,0.0,0.0,0.0,0.0,1.0
0.8849985331101973,1.6085816352038955,0.19725493794307872,-0.7070023526930482,1.7091002007523746,-0.6256649567025891,0.0,0.0,0.0,1.0,0.0,0.0,1.0,0.0,0.0,0.0,0.0,0.0,0.0,0.0,0.0,1.0
-0.4988509476821572,0.5905959390480565,-1.5056006530030868,-0.7070023526930482,-1.4553847281861585,-0.5069879750904522,0.0,0.0,0.0,1.0,0.0,0.0,1.0,0.0,0.0,1.0,0.0,0.0,0.0,0.0,0.0,0.0
1.3462816933743154,0.9647562445887788,0.7150961982536093,-1.407149680371003,-0.4922806193787789,-0.4679524469939258,0.0,1.0,0.0,0.0,0.0,0.0,1.0,0.0,0.0,0.0,0.0,0.0,0.0,0.0,0.0,1.0
-0.4988509476821572,0.954643803898489,-0.13954343325260846,0.6932923026628613,1.0408238803554173,-0.6308170975756728,0.0,0.0,0.0,1.0,0.0,0.0,1.0,0.0,0.0,0.0,0.0,0.0,1.0,0.0,0.0,0.0
-0.4988509476821572,1.0254308887305177,1.1474757000697546,-1.407149680371003,-1.1409017538817081,-0.4891014301417004,0.0,0.0,0.0,1.0,0.0,0.0,1.0,0.0,0.0,0.0,1.0,0.0,0.0,0.0,0.0,0.0
-0.4988509476821572,0.3478973624811013,-1.2940975371159071,-1.407149680371003,1.2963412969777832,-0.4711078537518444,0.0,0.0,0.0,1.0,0.0,0.0,1.0,0.0,0.0,0.0,1.0,0.0,0.0,0.0,0.0,0.0
2.73013117416667,-0.5993012488427091,0.5662888643542727,0.6932923026628613,1.0801342521434736,-0.12880062745958606,1.0,0.0,0.0,0.0,0.0,0.0,0.0,1.0,0.0,0.0,0.0,0.0,0.0,1.0,0.0,0.0
2.73013117416667,-0.5993012488427091,0.5662888643542727,0.6932923026628613,1.0801342521434736,-0.05394849958185437,1.0,0.0,0.0,0.0,0.0,0.0,0.0,1.0,0.0,0.0,0.0,0.0,0.0,1.0,0.0,0.0
2.73013117416667,-0.5993012488427091,0.5662888643542727,0.6932923026628613,1.0801342521434736,-0.16607910448876864,1.0,0.0,0.0,0.0,0.0,0.0,0.0,1.0,0.0,0.0,0.0,0.0,0.0,1.0,0.0,0.0
-0.4988509476821572,0.229918887761054,1.5158157399391081,-0.0068550250150934385,0.883582393203192,1.0402514795597648,0.0,1.0,0.0,0.0,0.0,1.0,0.0,0.0,0.0,0.0,0.0,0.0,0.0,0.0,1.0,0.0
-0.4988509476821572,0.229918887761054,1.5158157399391081,-0.0068550250150934385,0.883582393203192,0.3575556535365837,0.0,1.0,0.0,0.0,0.0,1.0,0.0,0.0,0.0,0.0,0.0,0.0,0.0,0.0,1.0,0.0
-0.4988509476821572,1.1130720413796955,0.2069206150225637,-0.0068550250150934385,-0.9443498949414265,-0.5257223686238108,1.0,0.0,0.0,0.0,0.0,0.0,1.0,0.0,0.0,0.0,1.0,0.0,0.0,0.0,0.0,0.0
-0.4988509476821572,1.1130720413796955,0.2069206150225637,-0.0068550250150934385,-0.9443498949414265,-0.4675818556075371,1.0,0.0,0.0,0.0,0.0,0.0,1.0,0.0,0.0,0.0,1.0,0.0,0.0,0.0,0.0,0.0
-0.4988509476821572,1.6490313979650546,0.16146176376890423,-0.0068550250150934385,0.05806458565400943,-0.3940203141916322,0.0,0.0,0.0,1.0,0.0,0.0,0.0,1.0,0.0,0.0,0.0,0.0,0.0,0.0,0.0,1.0
0.42371537284607913,-0.2757031467534359,-0.7724085714997857,-1.407149680371003,-0.02055615792210319,2.085069490497487,1.0,0.0,0.0,0.0,1.0,0.0,0.0,0.0,0.0,0.0,0.0,1.0,0.0,0.0,0.0,0.0
0.42371537284607913,-0.2757031467534359,-0.7724085714997857,-1.407149680371003,-0.02055615792210319,4.293591000608118,1.0,0.0,0.0,0.0,1.0,0.0,0.0,0.0,0.0,0.0,0.0,1.0,0.0,0.0,0.0,0.0
-0.4988509476821572,-1.3240261649801441,-0.49214802931945345,-1.407149680371003,1.1980653675076425,-0.14380756111822138,0.0,0.0,0.0,1.0,0.0,0.0,0.0,1.0,0.0,0.0,0.0,0.0,0.0,0.0,0.0,1.0
-0.4988509476821572,0.958014617461919,-0.3686501490164827,-1.407149680371003,-0.41365987580266633,3.903330587381476,0.0,0.0,0.0,1.0,1.0,0.0,0.0,0.0,1.0,0.0,0.0,0.0,0.0,0.0,0.0,0.0
3.6526974946949062,-1.52964579234937,-1.4649421506183142,-0.7070023526930482,1.6501346430702901,-0.5666155546000995,0.0,0.0,0.0,1.0,0.0,0.0,1.0,0.0,0.0,0.0,0.0,0.0,0.0,0.0,1.0,0.0
3.6526974946949062,-1.52964579234937,-1.4649421506183142,-0.7070023526930482,1.6501346430702901,-0.45613420541540445,0.0,0.0,0.0,1.0,0.0,0.0,1.0,0.0,0.0,0.0,0.0,0.0,0.0,0.0,1.0,0.0
-0.4988509476821572,-0.4375021977980725,1.0390437442805933,-1.407149680371003,-0.41365987580266633,-0.014676422402719337,0.0,1.0,0.0,0.0,0.0,0.0,0.0,1.0,0.0,0.0,0.0,0.0,1.0,0.0,0.0,0.0
-0.4988509476821572,-0.4375021977980725,1.0390437442805933,-1.407149680371003,-0.41365987580266633,-0.20029105531928046,0.0,1.0,0.0,0.0,0.0,0.0,0.0,1.0,0.0,0.0,0.0,0.0,1.0,0.0,0.0,0.0
-0.4988509476821572,-1.2599807072749756,-0.2821429193277859,1.393439630340816,0.31358200227637545,3.374553677997155,0.0,0.0,0.0,1.0,1.0,0.0,0.0,0.0,0.0,0.0,0.0,1.0,0.0,0.0,0.0,0.0
-0.4988509476821572,1.4535242112861189,0.5239292956311421,-0.0068550250150934385,1.6697898289643183,-0.4626421126976425,0.0,0.0,0.0,1.0,0.0,0.0,1.0,0.0,0.0,0.0,0.0,0.0,0.0,0.0,1.0,0.0
-0.4988509476821572,1.4737490926666985,-0.40930052898354125,0.6932923026628613,-1.4357295422921303,0.5861677341968613,0.0,0.0,0.0,1.0,0.0,1.0,0.0,0.0,0.0,0.0,0.0,1.0,0.0,0.0,0.0,0.0
-0.4988509476821572,1.4737490926666985,-0.40930052898354125,0.6932923026628613,-1.4357295422921303,0.41341615462794523,0.0,0.0,0.0,1.0,0.0,1.0,0.0,0.0,0.0,0.0,0.0,1.0,0.0,0.0,0.0,0.0
-0.4988509476821572,0.7220576680218236,1.4884675594965653,-0.7070023526930482,-0.5119358052728071,0.059918981491347764,0.0,1.0,0.0,0.0,0.0,1.0,0.0,0.0,0.0,0.0,0.0,1.0,0.0,0.0,0.0,0.0
-0.4988509476821572,-0.5487390453912602,-0.9754237608759889,1.393439630340816,1.3749620405538958,1.152512738170573,1.0,0.0,0.0,0.0,0.0,1.0,0.0,0.0,0.0,0.0,0.0,0.0,0.0,0.0,1.0,0.0
-0.4988509476821572,0.8366653291784414,-1.22477386227356,-0.7070023526930482,0.27427163048831915,-0.2290057373576723,1.0,0.0,0.0,0.0,0.0,0.0,0.0,1.0,0.0,1.0,0.0,0.0,0.0,0.0,0.0,0.0
-0.4988509476821572,0.6040791933017763,-1.4521435409920576,1.393439630340816,-1.514350285868243,0.8574493780195825,0.0,0.0,0.0,1.0,0.0,1.0,0.0,0.0,0.0,0.0,0.0,0.0,0.0,0.0,1.0,0.0
-0.4988509476821572,0.6040791933017763,-1.4521435409920576,1.393439630340816,-1.514350285868243,0.8045829889431984,0.0,0.0,0.0,1.0,0.0,1.0,0.0,0.0,0.0,0.0,0.0,0.0,0.0,0.0,1.0,0.0
-0.4988509476821572,-0.016150502369331153,0.8176231563647994,-1.407149680371003,-1.514350285868243,-0.5217218555008466,1.0,0.0,0.0,0.0,0.0,0.0,1.0,0.0,0.0,0.0,0.0,0.0,0.0,0.0,1.0,0.0
-0.4988509476821572,-0.9397534187491321,-0.8456368085717206,0.6932923026628613,1.1587549957195862,-0.4189589664235999,1.0,0.0,0.0,0.0,0.0,0.0,0.0,1.0,0.0,0.0,0.0,1.0,0.0,0.0,0.0,0.0
-0.4988509476821572,-0.25210745180942634,-1.4772394910370876,0.6932923026628613,-0.5119358052728071,-0.5247930042982059,0.0,1.0,0.0,0.0,0.0,0.0,1.0,0.0,0.0,0.0,0.0,0.0,0.0,0.0,0.0,1.0
-0.4988509476821572,-0.25210745180942634,-1.4772394910370876,0.6932923026628613,-0.5119358052728071,-0.5468073340030241,0.0,1.0,0.0,0.0,0.0,0.0,1.0,0.0,0.0,0.0,0.0,0.0,0.0,0.0,0.0,1.0
-0.4988509476821572,-0.25210745180942634,-1.4772394910370876,0.6932923026628613,-0.5119358052728071,-0.487322937529027,0.0,1.0,0.0,0.0,0.0,0.0,1.0,0.0,0.0,0.0,0.0,0.0,0.0,0.0,0.0,1.0
-0.4988509476821572,-0.6768299608015976,-0.7406940113633531,-0.7070023526930482,1.6108242712822338,0.3257981132659704,0.0,0.0,0.0,1.0,0.0,1.0,0.0,0.0,0.0,0.0,0.0,0.0,0.0,0.0,1.0,0.0
-0.4988509476821572,-0.6768299608015976,-0.7406940113633531,-0.7070023526930482,1.6108242712822338,1.042768053625474,0.0,0.0,0.0,1.0,0.0,1.0,0.0,0.0,0.0,0.0,0.0,0.0,0.0,0.0,1.0,0.0
-0.4988509476821572,-0.6768299608015976,-0.7406940113633531,-0.7070023526930482,1.6108242712822338,-0.08471281445656206,0.0,0.0,0.0,1.0,0.0,1.0,0.0,0.0,0.0,0.0,0.0,0.0,0.0,0.0,1.0,0.0
-0.4988509476821572,0.9175648547007598,0.4088891728590676,1.393439630340816,0.4315131176405444,-0.5395280664746491,0.0,0.0,0.0,1.0,0.0,0.0,1.0,0.0,0.0,0.0,0.0,0.0,0.0,0.0,0.0,1.0
-0.4988509476821572,0.9141940411373298,-0.9944116528002017,1.393439630340816,0.883582393203192,1.000727986550544,1.0,0.0,0.0,0.0,1.0,0.0,0.0,0.0,1.0,0.0,0.0,0.0,0.0,0.0,0.0,0.0
-0.4988509476821572,0.9141940411373298,-0.9944116528002017,1.393439630340816,0.883582393203192,2.991606039610286,1.0,0.0,0.0,0.0,1.0,0.0,0.0,0.0,1.0,0.0,0.0,0.0,0.0,0.0,0.0,0.0
-0.4988509476821572,0.9141940411373298,-0.9944116528002017,1.393439630340816,0.883582393203192,3.9392119753643575,1.0,0.0,0.0,0.0,1.0,0.0,0.0,0.0,1.0,0.0,0.0,0.0,0.0,0.0,0.0,0.0
-0.4988509476821572,-1.624028572125408,0.6368251001267593,1.393439630340816,-0.39400468990863813,-0.5883023718820137,1.0,0.0,0.0,0.0,0.0,0.0,1.0,0.0,1.0,0.0,0.0,0.0,0.0,0.0,0.0,0.0
-0.4988509476821572,-1.624028572125408,0.6368251001267593,1.393439630340816,-0.39400468990863813,-0.5865413380672121,1.0,0.0,0.0,0.0,0.0,0.0,1.0,0.0,1.0,0.0,0.0,0.0,0.0,0.0,0.0,0.0
1.3462816933743154,-0.2790739603168658,0.4065986510637611,-0.7070023526930482,1.3749620405538958,2.4949360162104637,0.0,0.0,0.0,1.0,1.0,0.0,0.0,0.0,0.0,0.0,0.0,1.0,0.0,0.0,0.0,0.0
-0.4988509476821572,1.6692562793456343,-0.7843450445029865,-0.0068550250150934385,-0.9443498949414265,-0.5072017049888566,0.0,0.0,0.0,1.0,0.0,0.0,1.0,0.0,0.0,0.0,1.0,0.0,0.0,0.0,0.0,0.0
-0.4988509476821572,1.6692562793456343,-0.7843450445029865,-0.0068550250150934385,-0.9443498949414265,-0.509037398995754,0.0,0.0,0.0,1.0,0.0,0.0,1.0,0.0,0.0,0.0,1.0,0.0,0.0,0.0,0.0,0.0
-0.4988509476821572,-0.07682514651106996,0.7104675805021008,0.6932923026628613,1.276686111083755,-0.10345910399954003,0.0,1.0,0.0,0.0,0.0,0.0,0.0,1.0,0.0,0.0,0.0,0.0,0.0,0.0,0.0,1.0
-0.4988509476821572,-0.798179249085075,-1.637574856363157,-0.7070023526930482,-1.4946950999742148,-0.4814682138880344,0.0,0.0,0.0,1.0,0.0,0.0,1.0,0.0,1.0,0.0,0.0,0.0,0.0,0.0,0.0,0.0
2.2688480139025518,1.3422873636929311,0.14986295127352225,-0.7070023526930482,-0.27607357454446924,-0.5666051733403328,0.0,0.0,0.0,1.0,0.0,0.0,1.0,0.0,0.0,0.0,0.0,0.0,1.0,0.0,0.0,0.0
2.2688480139025518,1.3422873636929311,0.14986295127352225,-0.7070023526930482,-0.27607357454446924,-0.45966363786325715,0.0,0.0,0.0,1.0,0.0,0.0,1.0,0.0,0.0,0.0,0.0,0.0,1.0,0.0,0.0,0.0
-0.03756778741803903,-0.00603806167904135,0.31755722704834216,-0.7070023526930482,-0.7871084077892013,-0.49938156076844814,0.0,0.0,0.0,1.0,0.0,0.0,1.0,0.0,0.0,0.0,0.0,0.0,0.0,0.0,0.0,1.0
-0.03756778741803903,-0.00603806167904135,0.31755722704834216,-0.7070023526930482,-0.7871084077892013,-0.4537389223325167,0.0,0.0,0.0,1.0,0.0,0.0,1.0,0.0,0.0,0.0,0.0,0.0,0.0,0.0,0.0,1.0
-0.03756778741803903,-0.00603806167904135,0.31755722704834216,-0.7070023526930482,-0.7871084077892013,-0.5433549840412126,0.0,0.0,0.0,1.0,0.0,0.0,1.0,0.0,0.0,0.0,0.0,0.0,0.0,0.0,0.0,1.0
0.8849985331101973,0.35800980317139114,1.3285441167831273,0.6932923026628613,-1.769867702490609,1.2816443143353862,0.0,0.0,0.0,1.0,0.0,1.0,0.0,0.0,0.0,0.0,0.0,0.0,0.0,0.0,1.0,0.0
0.8849985331101973,0.35800980317139114,1.3285441167831273,0.6932923026628613,-1.769867702490609,1.0548144674587545,0.0,0.0,0.0,1.0,0.0,1.0,0.0,0.0,0.0,0.0,0.0,0.0,0.0,0.0,1.0,0.0
-0.4988509476821572,-1.337509419233864,-1.1512764250716803,-0.7070023526930482,-0.6102117347429479,-0.48598833191415175,1.0,0.0,0.0,0.0,0.0,0.0,1.0,0.0,0.0,0.0,0.0,0.0,0.0,0.0,0.0,1.0
-0.4988509476821572,-1.337509419233864,-1.1512764250716803,-0.7070023526930482,-0.6102117347429479,-0.5458812995154575,1.0,0.0,0.0,0.0,0.0,0.0,1.0,0.0,0.0,0.0,0.0,0.0,0.0,0.0,0.0,1.0
-0.4988509476821572,1.520940482554717,-0.543088352184576,1.393439630340816,0.6673753483688822,-0.5434903517511139,0.0,0.0,0.0,1.0,0.0,0.0,1.0,0.0,0.0,1.0,0.0,0.0,0.0,0.0,0.0,0.0
-0.4988509476821572,0.3276724811005217,0.13332454846272998,-0.0068550250150934385,-0.7871084077892013,1.7164607484387189,0.0,0.0,0.0,1.0,1.0,0.0,0.0,0.0,0.0,0.0,1.0,0.0,0.0,0.0,0.0,0.0
-0.4988509476821572,0.44902176938399935,-1.0156471337403763,1.393439630340816,1.7287553866464027,-0.6067853626434748,0.0,0.0,0.0,1.0,0.0,0.0,1.0,0.0,0.0,1.0,0.0,0.0,0.0,0.0,0.0,0.0
-0.4988509476821572,1.4063328213980997,1.4643126495609544,-0.7070023526930482,-1.1998673115637926,-0.5021060603678241,0.0,1.0,0.0,0.0,0.0,0.0,0.0,1.0,0.0,0.0,0.0,0.0,1.0,0.0,0.0,0.0
-0.4988509476821572,1.571502686006166,-1.3534294778248275,-1.407149680371003,0.5690994188987415,-0.6147376557303476,1.0,0.0,0.0,0.0,0.0,0.0,1.0,0.0,1.0,0.0,0.0,0.0,0.0,0.0,0.0,0.0
-0.4988509476821572,1.571502686006166,-1.3534294778248275,-1.407149680371003,0.5690994188987415,-0.47654589713054063,1.0,0.0,0.0,0.0,0.0,0.0,1.0,0.0,1.0,0.0,0.0,0.0,0.0,0.0,0.0,0.0
-0.4988509476821572,-1.0813275884131892,-1.6275935653382192,-0.0068550250150934385,-0.8067635936832295,-0.4322737416820745,1.0,0.0,0.0,0.0,0.0,0.0,0.0,1.0,0.0,0.0,1.0,0.0,0.0,0.0,0.0,0.0
-0.4988509476821572,-1.0813275884131892,-1.6275935653382192,-0.0068550250150934385,-0.8067635936832295,-0.506473848097327,1.0,0.0,0.0,0.0,0.0,0.0,0.0,1.0,0.0,0.0,1.0,0.0,0.0,0.0,0.0,0.0
-0.4988509476821572,0.7658782443464127,0.19163538523048018,0.6932923026628613,0.05806458565400943,-0.367100617257845,1.0,0.0,0.0,0.0,0.0,0.0,0.0,1.0,0.0,0.0,0.0,0.0,0.0,0.0,0.0,1.0
-0.4988509476821572,0.7658782443464127,0.19163538523048018,0.6932923026628613,0.05806458565400943,-0.3956809240086529,1.0,0.0,0.0,0.0,0.0,0.0,0.0,1.0,0.0,0.0,0.0,0.0,0.0,0.0,0.0,1.0
-0.4988509476821572,0.4085720066228401,-1.118527997194813,0.6932923026628613,1.6501346430702901,0.86543540693615,0.0,0.0,0.0,1.0,0.0,1.0,0.0,0.0,0.0,0.0,0.0,0.0,0.0,1.0,0.0,0.0
-0.4988509476821572,-0.4779519605592317,-0.10235204288626358,-0.0068550250150934385,0.8639272073091638,-0.14421632811835589,1.0,0.0,0.0,0.0,0.0,0.0,0.0,1.0,0.0,0.0,1.0,0.0,0.0,0.0,0.0,0.0
-0.4988509476821572,-0.4779519605592317,-0.10235204288626358,-0.0068550250150934385,0.8639272073091638,-0.47454482116773733,1.0,0.0,0.0,0.0,0.0,0.0,0.0,1.0,0.0,0.0,1.0,0.0,0.0,0.0,0.0,0.0
-0.4988509476821572,-0.602672062406139,-0.16641587208619704,1.393439630340816,-1.5733158435503276,-0.5109785901066201,1.0,0.0,0.0,0.0,0.0,0.0,1.0,0.0,0.0,0.0,0.0,0.0,1.0,0.0,0.0,0.0
-0.4988509476821572,-0.9330117916222722,-0.6151817714673469,-0.7070023526930482,-0.9246947090473984,-0.39136343642081206,1.0,0.0,0.0,0.0,0.0,0.0,0.0,1.0,0.0,0.0,0.0,0.0,0.0,0.0,0.0,1.0
-0.4988509476821572,-0.9330117916222722,-0.6151817714673469,-0.7070023526930482,-0.9246947090473984,-0.458439955029625,1.0,0.0,0.0,0.0,0.0,0.0,0.0,1.0,0.0,0.0,0.0,0.0,0.0,0.0,0.0,1.0
-0.4988509476821572,-0.24536582468256646,0.08958068769208118,-1.407149680371003,-1.1409017538817081,-0.2554500444141807,0.0,0.0,0.0,1.0,0.0,0.0,0.0,1.0,0.0,0.0,0.0,0.0,0.0,1.0,0.0,0.0
-0.4988509476821572,-1.0273945713983104,0.28496312510803806,-1.407149680371003,-0.39400468990863813,3.364742995771971,0.0,0.0,0.0,1.0,1.0,0.0,0.0,0.0,0.0,0.0,0.0,1.0,0.0,0.0,0.0,0.0
-0.4988509476821572,-1.0273945713983104,0.28496312510803806,-1.407149680371003,-0.39400468990863813,3.252109905246877,0.0,0.0,0.0,1.0,1.0,0.0,0.0,0.0,0.0,0.0,0.0,1.0,0.0,0.0,0.0,0.0
-0.4988509476821572,-1.0273945713983104,0.28496312510803806,-1.407149680371003,-0.39400468990863813,4.3646097079414705,0.0,0.0,0.0,1.0,1.0,0.0,0.0,0.0,0.0,0.0,0.0,1.0,0.0,0.0,0.0,0.0
3.6526974946949062,-1.634141012815698,1.0966479307072383,-0.7070023526930482,1.630479457176262,0.11459770347560709,1.0,0.0,0.0,0.0,0.0,1.0,0.0,0.0,0.0,0.0,0.0,0.0,0.0,1.0,0.0,0.0
-0.4988509476821572,-0.9835739950737212,0.3698934454148597,-0.0068550250150934385,-0.41365987580266633,0.403223030710412,0.0,0.0,0.0,1.0,0.0,1.0,0.0,0.0,0.0,1.0,0.0,0.0,0.0,0.0,0.0,0.0
0.42371537284607913,1.001835193786508,1.2988845283282995,-0.0068550250150934385,-1.534005471762271,1.832148547501994,0.0,0.0,0.0,1.0,1.0,0.0,0.0,0.0,0.0,0.0,0.0,0.0,0.0,0.0,0.0,1.0
0.42371537284607913,1.001835193786508,1.2988845283282995,-0.0068550250150934385,-1.534005471762271,2.0535121453130163,0.0,0.0,0.0,1.0,1.0,0.0,0.0,0.0,0.0,0.0,0.0,0.0,0.0,0.0,0.0,1.0
-0.4988509476821572,0.9816103124059284,-1.0244645983414575,-1.407149680371003,-0.2564183886504411,1.1565950739019628,1.0,0.0,0.0,0.0,0.0,1.0,0.0,0.0,0.0,0.0,0.0,0.0,0.0,1.0,0.0,0.0
-0.4988509476821572,-1.2802055886555552,-1.683401537104715,-1.407149680371003,-0.37434950401461,-0.16919303191127977,0.0,0.0,0.0,1.0,0.0,0.0,0.0,1.0,0.0,0.0,0.0,0.0,1.0,0.0,0.0,0.0
-0.4988509476821572,1.4130744485249596,0.3754897912197043,-0.7070023526930482,-0.7871084077892013,0.6813804832149525,1.0,0.0,0.0,0.0,0.0,1.0,0.0,0.0,0.0,0.0,0.0,0.0,0.0,1.0,0.0,0.0
-0.4988509476821572,1.4130744485249596,0.3754897912197043,-0.7070023526930482,-0.7871084077892013,0.9312956793496163,1.0,0.0,0.0,0.0,0.0,1.0,0.0,0.0,0.0,0.0,0.0,0.0,0.0,1.0,0.0,0.0
-0.4988509476821572,-1.0037988764543009,-0.5901972145795352,-1.407149680371003,1.5518587136001494,-0.30376500845779264,0.0,0.0,0.0,1.0,0.0,0.0,0.0,1.0,0.0,0.0,1.0,0.0,0.0,0.0,0.0,0.0
-0.4988509476821572,-1.0037988764543009,-0.5901972145795352,-1.407149680371003,1.5518587136001494,-0.22254353373478447,0.0,0.0,0.0,1.0,0.0,0.0,0.0,1.0,0.0,0.0,1.0,0.0,0.0,0.0,0.0,0.0
-0.4988509476821572,-1.0037988764543009,-0.5901972145795352,-1.407149680371003,1.5518587136001494,-0.2557888978736977,0.0,0.0,0.0,1.0,0.0,0.0,0.0,1.0,0.0,0.0,1.0,0.0,0.0,0.0,0.0,0.0
-0.4988509476821572,0.4052011930594102,1.6896679686864162,1.393439630340816,-0.31538394633252553,3.1354792788657715,1.0,0.0,0.0,0.0,1.0,0.0,0.0,0.0,0.0,1.0,0.0,0.0,0.0,0.0,0.0,0.0
-0.4988509476821572,0.4052011930594102,1.6896679686864162,1.393439630340816,-0.31538394633252553,2.5528091432322557,1.0,0.0,0.0,0.0,1.0,0.0,0.0,0.0,0.0,1.0,0.0,0.0,0.0,0.0,0.0,0.0
-0.4988509476821572,1.6625146522187744,0.11937255552110604,0.6932923026628613,-1.4357295422921303,-0.6305261872548142,0.0,0.0,0.0,1.0,0.0,0.0,1.0,0.0,0.0,0.0,0.0,0.0,0.0,0.0,0.0,1.0
-0.4988509476821572,1.6625146522187744,0.11937255552110604,0.6932923026628613,-1.4357295422921303,-0.6266952477662279,0.0,0.0,0.0,1.0,0.0,0.0,1.0,0.0,0.0,0.0,0.0,0.0,0.0,0.0,0.0,1.0
-0.4988509476821572,1.3119500416220615,-1.2541503264537908,-1.407149680371003,-1.2784880551399052,-0.48959997871608135,0.0,1.0,0.0,0.0,0.0,0.0,1.0,0.0,1.0,0.0,0.0,0.0,0.0,0.0,0.0,0.0
-0.4988509476821572,1.3119500416220615,-1.2541503264537908,-1.407149680371003,-1.2784880551399052,-0.6090316322095981,0.0,1.0,0.0,0.0,0.0,0.0,1.0,0.0,1.0,0.0,0.0,0.0,0.0,0.0,0.0,0.0
-0.4988509476821572,1.3119500416220615,-1.2541503264537908,-1.407149680371003,-1.2784880551399052,-0.5376808486165013,0.0,1.0,0.0,0.0,0.0,0.0,1.0,0.0,1.0,0.0,0.0,0.0,0.0,0.0,0.0,0.0
2.2688480139025518,1.5647610588793064,0.18364988827237505,-1.407149680371003,1.0604790662494454,0.00441515828664984,0.0,0.0,0.0,1.0,0.0,0.0,0.0,1.0,1.0,0.0,0.0,0.0,0.0,0.0,0.0,0.0
2.2688480139025518,1.5647610588793064,0.18364988827237505,-1.407149680371003,1.0604790662494454,-0.07150546891393735,0.0,0.0,0.0,1.0,0.0,0.0,0.0,1.0,1.0,0.0,0.0,0.0,0.0,0.0,0.0,0.0
2.2688480139025518,1.5647610588793064,0.18364988827237505,-1.407149680371003,1.0604790662494454,-0.24902963352322158,0.0,0.0,0.0,1.0,0.0,0.0,0.0,1.0,1.0,0.0,0.0,0.0,0.0,0.0,0.0,0.0
-0.4988509476821572,-1.3038012835995647,-0.10981538441990672,1.393439630340816,0.2939268163823473,-0.5675786155808339,1.0,0.0,0.0,0.0,0.0,0.0,1.0,0.0,0.0,0.0,0.0,0.0,0.0,0.0,0.0,1.0
0.42371537284607913,0.024299260391828052,-1.3429341537931418,0.6932923026628613,-0.13848727328627214,0.8299460127104216,0.0,0.0,0.0,1.0,0.0,1.0,0.0,0.0,0.0,1.0,0.0,0.0,0.0,0.0,0.0,0.0
0.42371537284607913,0.024299260391828052,-1.3429341537931418,0.6932923026628613,-0.13848727328627214,0.018092206865511353,0.0,0.0,0.0,1.0,0.0,1.0,0.0,0.0,0.0,1.0,0.0,0.0,0.0,0.0,0.0,0.0
0.42371537284607913,0.024299260391828052,-1.3429341537931418,0.6932923026628613,-0.13848727328627214,0.015862736658746407,0.0,0.0,0.0,1.0,0.0,1.0,0.0,0.0,0.0,1.0,0.0,0.0,0.0,0.0,0.0,0.0
-0.4988509476821572,1.011947634476798,-0.3314947293571563,-1.407149680371003,1.3749620405538958,-0.059535948222966636,0.0,0.0,0.0,1.0,0.0,0.0,0.0,1.0,0.0,0.0,0.0,0.0,0.0,0.0,0.0,1.0
-0.4988509476821572,-1.155485486808648,0.10205672130055929,-0.7070023526930482,0.9622031367793046,-0.5742264217643431,0.0,0.0,0.0,1.0,0.0,0.0,1.0,0.0,0.0,0.0,0.0,0.0,0.0,0.0,1.0,0.0
-0.4988509476821572,0.5636294305406171,-0.432067665835471,1.393439630340816,0.3332371881704036,-0.6109617238603363,0.0,1.0,0.0,0.0,0.0,0.0,1.0,0.0,0.0,0.0,0.0,0.0,0.0,0.0,1.0,0.0
-0.9601341079462753,-0.5689639267718397,-0.03744812362564019,-1.407149680371003,0.45116830353457255,-0.4688825556362687,0.0,0.0,0.0,1.0,0.0,0.0,1.0,0.0,0.0,0.0,0.0,0.0,0.0,0.0,1.0,0.0
-0.4988509476821572,-0.5116600961935308,-0.535688829647256,1.393439630340816,-0.8067635936832295,-0.5641073181876747,0.0,0.0,0.0,1.0,0.0,0.0,1.0,0.0,0.0,0.0,0.0,0.0,0.0,1.0,0.0,0.0
-0.4988509476821572,0.570371057667477,-1.1485797823906811,-1.407149680371003,-1.7895228883846372,0.7479665754425603,0.0,0.0,0.0,1.0,0.0,1.0,0.0,0.0,0.0,0.0,0.0,0.0,0.0,0.0,0.0,1.0
-0.4988509476821572,0.570371057667477,-1.1485797823906811,-1.407149680371003,-1.7895228883846372,-0.11704727201915369,0.0,0.0,0.0,1.0,0.0,1.0,0.0,0.0,0.0,0.0,0.0,0.0,0.0,0.0,0.0,1.0
-0.4988509476821572,1.0759930921819667,1.0393361513182922,0.6932923026628613,1.257030925189727,1.1818363039461117,0.0,0.0,0.0,1.0,1.0,0.0,0.0,0.0,0.0,0.0,0.0,0.0,0.0,0.0,0.0,1.0
-0.4988509476821572,-1.4453754532636218,-1.2165377307117131,-0.0068550250150934385,1.2177205534016706,-0.4557739626433115,0.0,1.0,0.0,0.0,0.0,0.0,1.0,0.0,0.0,0.0,0.0,1.0,0.0,0.0,0.0,0.0
-0.4988509476821572,-1.4453754532636218,-1.2165377307117131,-0.0068550250150934385,1.2177205534016706,-0.5016230379794339,0.0,1.0,0.0,0.0,0.0,0.0,1.0,0.0,0.0,0.0,0.0,1.0,0.0,0.0,0.0,0.0
-0.4988509476821572,-1.4453754532636218,-1.2165377307117131,-0.0068550250150934385,1.2177205534016706,-0.54623895676625,0.0,1.0,0.0,0.0,0.0,0.0,1.0,0.0,0.0,0.0,0.0,1.0,0.0,0.0,0.0,0.0
-0.4988509476821572,-1.0071696900177307,0.6900002482085791,-0.7070023526930482,0.9818583226733327,-0.19778701058532755,0.0,0.0,0.0,1.0,0.0,0.0,0.0,1.0,0.0,0.0,0.0,0.0,1.0,0.0,0.0,0.0
-0.4988509476821572,0.5501461762868973,1.3067980838723676,-0.0068550250150934385,0.01875421386595312,1.5632149487656748,1.0,0.0,0.0,0.0,1.0,0.0,0.0,0.0,1.0,0.0,0.0,0.0,0.0,0.0,0.0,0.0
0.8849985331101973,1.2209380754094534,1.1330746534630933,1.393439630340816,-0.4726254334847508,-0.11075639835698159,0.0,0.0,0.0,1.0,0.0,0.0,0.0,1.0,1.0,0.0,0.0,0.0,0.0,0.0,0.0,0.0
0.8849985331101973,1.2209380754094534,1.1330746534630933,1.393439630340816,-0.4726254334847508,-0.25516028974299426,0.0,0.0,0.0,1.0,0.0,0.0,0.0,1.0,1.0,0.0,0.0,0.0,0.0,0.0,0.0,0.0
-0.4988509476821572,-0.8082916897753648,-0.06613186160941797,-0.0068550250150934385,-0.5709013629548916,-0.5920321430560812,0.0,0.0,0.0,1.0,0.0,0.0,1.0,0.0,0.0,1.0,0.0,0.0,0.0,0.0,0.0,0.0
-0.4988509476821572,0.1490193622387356,0.1358587427894521,-1.407149680371003,0.9818583226733327,-0.4000463090314928,0.0,0.0,0.0,1.0,0.0,0.0,0.0,1.0,0.0,0.0,0.0,0.0,0.0,1.0,0.0,0.0
-0.4988509476821572,0.1490193622387356,0.1358587427894521,-1.407149680371003,0.9818583226733327,-0.4082252139196124,0.0,0.0,0.0,1.0,0.0,0.0,0.0,1.0,0.0,0.0,0.0,0.0,0.0,1.0,0.0,0.0
-0.4988509476821572,0.1490193622387356,0.1358587427894521,-1.407149680371003,0.9818583226733327,-0.3362965859031619,0.0,0.0,0.0,1.0,0.0,0.0,0.0,1.0,0.0,0.0,0.0,0.0,0.0,1.0,0.0,0.0
-0.4988509476821572,-0.946495045875992,-1.207512564286235,-0.0068550250150934385,1.2373757392956988,-0.49405195258610746,0.0,0.0,0.0,1.0,0.0,0.0,1.0,0.0,0.0,0.0,0.0,0.0,0.0,0.0,1.0,0.0
-0.4988509476821572,1.0726222786185367,-0.9073637021608398,1.393439630340816,-1.003315452623511,-0.23979893726428606,0.0,0.0,0.0,1.0,0.0,0.0,0.0,1.0,0.0,0.0,0.0,0.0,0.0,1.0,0.0,0.0
-0.4988509476821572,0.9479021767716291,-0.048486489298766325,1.393439630340816,-1.750212516596581,-0.6199739958021427,0.0,0.0,0.0,1.0,0.0,0.0,1.0,0.0,0.0,1.0,0.0,0.0,0.0,0.0,0.0,0.0
-0.4988509476821572,-1.1723395546257975,1.6073530668834553,-0.7070023526930482,0.038409399759981276,-0.4590566083888612,1.0,0.0,0.0,0.0,0.0,0.0,1.0,0.0,1.0,0.0,0.0,0.0,0.0,0.0,0.0,0.0
-0.4988509476821572,0.9512729903350591,-1.667172946512437,0.6932923026628613,1.1587549957195862,3.0061872763275446,0.0,0.0,0.0,1.0,1.0,0.0,0.0,0.0,0.0,0.0,0.0,1.0,0.0,0.0,0.0,0.0
-0.4988509476821572,-0.5251433504472506,0.6054505211889208,0.6932923026628613,-1.4553847281861585,0.36565408080968176,0.0,0.0,0.0,1.0,0.0,1.0,0.0,0.0,1.0,0.0,0.0,0.0,0.0,0.0,0.0,0.0
2.2688480139025518,0.4726174643280089,0.2042982344463769,0.6932923026628613,0.23496125870026283,-0.500928890801222,0.0,0.0,0.0,1.0,0.0,0.0,1.0,0.0,0.0,0.0,0.0,0.0,0.0,0.0,0.0,1.0
-0.4988509476821572,-1.4925668431516408,1.3650218947360409,-1.407149680371003,-0.35469431812058183,-0.5701377528115865,0.0,0.0,0.0,1.0,0.0,0.0,1.0,0.0,1.0,0.0,0.0,0.0,0.0,0.0,0.0,0.0
-0.4988509476821572,-1.4925668431516408,1.3650218947360409,-1.407149680371003,-0.35469431812058183,-0.541943158829318,0.0,0.0,0.0,1.0,0.0,0.0,1.0,0.0,1.0,0.0,0.0,0.0,0.0,0.0,0.0,0.0
-0.4988509476821572,-1.4925668431516408,1.3650218947360409,-1.407149680371003,-0.35469431812058183,-0.4602394321510343,0.0,0.0,0.0,1.0,0.0,0.0,1.0,0.0,1.0,0.0,0.0,0.0,0.0,0.0,0.0,0.0
-0.4988509476821572,0.39171793880569045,-0.8060713515421554,1.393439630340816,0.5494442330047133,-0.026505182351985443,0.0,0.0,0.0,1.0,0.0,0.0,0.0,1.0,0.0,0.0,0.0,1.0,0.0,0.0,0.0,0.0
-0.4988509476821572,-1.145373046118358,-0.5063634206640838,0.6932923026628613,-0.31538394633252553,-0.47337412846257465,0.0,0.0,0.0,1.0,0.0,0.0,1.0,0.0,0.0,0.0,1.0,0.0,0.0,0.0,0.0,0.0
-0.4988509476821572,-1.145373046118358,-0.5063634206640838,0.6932923026628613,-0.31538394633252553,-0.5197631794757319,0.0,0.0,0.0,1.0,0.0,0.0,1.0,0.0,0.0,0.0,1.0,0.0,0.0,0.0,0.0,0.0
-0.4988509476821572,-1.145373046118358,-0.5063634206640838,0.6932923026628613,-0.31538394633252553,-0.49924758375560996,0.0,0.0,0.0,1.0,0.0,0.0,1.0,0.0,0.0,0.0,1.0,0.0,0.0,0.0,0.0,0.0
-0.4988509476821572,-0.46446870630551196,-0.185368953648779,-0.7070023526930482,-1.6519365871264402,-0.49924266081858854,1.0,0.0,0.0,0.0,0.0,0.0,1.0,0.0,0.0,0.0,0.0,0.0,0.0,0.0,0.0,1.0
-0.4988509476821572,-0.7105380964358969,1.2965093013196913,-1.407149680371003,1.3356516687658395,2.061165562584115,0.0,1.0,0.0,0.0,1.0,0.0,0.0,0.0,0.0,0.0,0.0,1.0,0.0,0.0,0.0,0.0
-0.4988509476821572,-0.7105380964358969,1.2965093013196913,-1.407149680371003,1.3356516687658395,2.8811288037549327,0.0,1.0,0.0,0.0,1.0,0.0,0.0,0.0,0.0,0.0,0.0,1.0,0.0,0.0,0.0,0.0
-0.4988509476821572,-0.7105380964358969,1.2965093013196913,-1.407149680371003,1.3356516687658395,2.117115571027767,0.0,1.0,0.0,0.0,1.0,0.0,0.0,0.0,0.0,0.0,0.0,1.0,0.0,0.0,0.0,0.0
1.3462816933743154,-1.4925668431516408,-1.6614524437511091,1.393439630340816,1.5125483418120929,-0.46188356253431206,1.0,0.0,0.0,0.0,0.0,0.0,1.0,0.0,0.0,1.0,0.0,0.0,0.0,0.0,0.0,0.0
1.3462816933743154,-1.4925668431516408,-1.6614524437511091,1.393439630340816,1.5125483418120929,-0.567865073059453,1.0,0.0,0.0,0.0,0.0,0.0,1.0,0.0,0.0,1.0,0.0,0.0,0.0,0.0,0.0,0.0
3.6526974946949062,-0.32289453664145473,-0.21332515507447308,0.6932923026628613,1.5911690853882057,-0.018624794179459107,0.0,0.0,0.0,1.0,0.0,0.0,0.0,1.0,0.0,0.0,0.0,0.0,0.0,0.0,1.0,0.0
-0.4988509476821572,-0.41390650285406294,1.5234322470639268,-0.7070023526930482,0.17599570101817838,-0.4592228130106355,0.0,0.0,0.0,1.0,0.0,0.0,1.0,0.0,0.0,0.0,0.0,0.0,0.0,0.0,0.0,1.0
-0.4988509476821572,1.4130744485249596,1.0016968676322977,-1.407149680371003,-0.04021134381613135,-0.4468912736339514,0.0,0.0,1.0,0.0,0.0,0.0,0.0,1.0,0.0,0.0,0.0,0.0,0.0,0.0,0.0,1.0
-0.4988509476821572,0.8703734648127407,-0.018584388657910605,1.393439630340816,-0.8657291513653139,-0.6037821751875694,1.0,0.0,0.0,0.0,0.0,0.0,1.0,0.0,0.0,0.0,0.0,0.0,1.0,0.0,0.0,0.0
-0.4988509476821572,0.11531122660443627,-0.6014026699884892,-1.407149680371003,-0.09917690149821581,0.9634787598633457,0.0,0.0,0.0,1.0,0.0,1.0,0.0,0.0,0.0,0.0,1.0,0.0,0.0,0.0,0.0,0.0
-0.4988509476821572,1.3759954993272303,-0.6921625655230819,0.6932923026628613,0.05806458565400943,-0.4859346366435094,0.0,0.0,0.0,1.0,0.0,0.0,1.0,0.0,0.0,0.0,0.0,0.0,0.0,0.0,0.0,1.0
-0.4988509476821572,1.3759954993272303,-0.6921625655230819,0.6932923026628613,0.05806458565400943,-0.5919822281309766,0.0,0.0,0.0,1.0,0.0,0.0,1.0,0.0,0.0,0.0,0.0,0.0,0.0,0.0,0.0,1.0
-0.4988509476821572,-0.606042875969569,1.3512555570564477,-0.7070023526930482,1.5715138994941775,-0.0542033497154856,0.0,0.0,0.0,1.0,0.0,0.0,0.0,1.0,0.0,0.0,1.0,0.0,0.0,0.0,0.0,0.0
-0.4988509476821572,0.27373946408564276,-0.18871074836533563,1.393439630340816,0.4315131176405444,-0.5840831536908702,1.0,0.0,0.0,0.0,0.0,0.0,1.0,0.0,0.0,0.0,0.0,0.0,0.0,1.0,0.0,0.0
-0.4988509476821572,0.27373946408564276,-0.18871074836533563,1.393439630340816,0.4315131176405444,-0.5413165486014376,1.0,0.0,0.0,0.0,0.0,0.0,1.0,0.0,0.0,0.0,0.0,0.0,0.0,1.0,0.0,0.0
-0.4988509476821572,-0.009408875242471285,1.0265746727444414,-0.0068550250150934385,-1.2391776833518489,1.1257092982879846,1.0,0.0,0.0,0.0,0.0,1.0,0.0,0.0,0.0,0.0,0.0,0.0,0.0,0.0,0.0,1.0
0.8849985331101973,-0.12401653639908884,0.8608993979442078,1.393439630340816,-1.769867702490609,-0.48359848756672674,0.0,0.0,0.0,1.0,0.0,0.0,1.0,0.0,0.0,0.0,0.0,1.0,0.0,0.0,0.0,0.0
-0.4988509476821572,-0.9667199272565715,0.4359890393886441,-1.407149680371003,-0.27607357454446924,-0.5999524827559739,0.0,0.0,0.0,1.0,0.0,0.0,1.0,0.0,0.0,0.0,0.0,0.0,0.0,0.0,1.0,0.0
-0.4988509476821572,-0.9667199272565715,0.4359890393886441,-1.407149680371003,-0.27607357454446924,-0.5980800691233357,0.0,0.0,0.0,1.0,0.0,0.0,1.0,0.0,0.0,0.0,0.0,0.0,0.0,0.0,1.0,0.0
3.1914143344307884,0.8872275326298903,1.326710771070572,1.393439630340816,-0.4726254334847508,-0.47422388354268563,0.0,0.0,0.0,1.0,0.0,0.0,1.0,0.0,0.0,1.0,0.0,0.0,0.0,0.0,0.0,0.0
-0.4988509476821572,-0.1408706042162385,1.1458987906878795,-0.7070023526930482,0.1170301433360939,-0.4999483449062391,0.0,0.0,0.0,1.0,0.0,0.0,1.0,0.0,0.0,0.0,0.0,0.0,0.0,0.0,0.0,1.0
-0.4988509476821572,1.571502686006166,-0.9252655108021717,-1.407149680371003,0.49047867532262884,-0.4966251338984689,0.0,0.0,0.0,1.0,0.0,0.0,0.0,1.0,0.0,0.0,0.0,0.0,0.0,0.0,1.0,0.0
-0.4988509476821572,1.571502686006166,-0.9252655108021717,-1.407149680371003,0.49047867532262884,-0.07158518262493839,0.0,0.0,0.0,1.0,0.0,0.0,0.0,1.0,0.0,0.0,0.0,0.0,0.0,0.0,1.0,0.0
-0.4988509476821572,1.571502686006166,-0.9252655108021717,-1.407149680371003,0.49047867532262884,-0.03974882965832265,0.0,0.0,0.0,1.0,0.0,0.0,0.0,1.0,0.0,0.0,0.0,0.0,0.0,0.0,1.0,0.0
-0.4988509476821572,-0.7813251812679254,0.7290273049782547,-0.0068550250150934385,0.35289237406443175,2.9924405035517974,1.0,0.0,0.0,0.0,1.0,0.0,0.0,0.0,0.0,0.0,0.0,0.0,1.0,0.0,0.0,0.0
-0.4988509476821572,1.5108280418644273,-1.7085903147807606,0.6932923026628613,-1.003315452623511,-0.12173557951167994,0.0,0.0,0.0,1.0,0.0,0.0,0.0,1.0,0.0,0.0,0.0,0.0,0.0,0.0,1.0,0.0
-0.4988509476821572,0.5737418712309069,-0.680408266745749,0.6932923026628613,0.45116830353457255,-0.5374210363712835,1.0,0.0,0.0,0.0,0.0,0.0,1.0,0.0,0.0,0.0,0.0,0.0,1.0,0.0,0.0,0.0
-0.4988509476821572,-0.4476146384883623,-0.22341087718430305,1.393439630340816,-0.09917690149821581,-0.5364883683240169,0.0,0.0,0.0,1.0,0.0,0.0,1.0,0.0,0.0,0.0,0.0,0.0,0.0,0.0,0.0,1.0
-0.4988509476821572,-0.4476146384883623,-0.22341087718430305,1.393439630340816,-0.09917690149821581,-0.5289977605457122,0.0,0.0,0.0,1.0,0.0,0.0,1.0,0.0,0.0,0.0,0.0,0.0,0.0,0.0,0.0,1.0
-0.4988509476821572,0.3613806167348211,-0.730745210009271,-1.407149680371003,-1.376763984610046,-0.5484876420972247,1.0,0.0,0.0,0.0,0.0,0.0,1.0,0.0,0.0,0.0,0.0,0.0,0.0,1.0,0.0,0.0
2.73013117416667,-1.1352606054280683,-0.794818321972306,-0.0068550250150934385,-0.8460739654712858,-0.06361238165320583,1.0,0.0,0.0,0.0,0.0,0.0,0.0,1.0,0.0,0.0,0.0,0.0,0.0,0.0,0.0,1.0
2.73013117416667,-1.1352606054280683,-0.794818321972306,-0.0068550250150934385,-0.8460739654712858,-0.4783834911038481,1.0,0.0,0.0,0.0,0.0,0.0,0.0,1.0,0.0,0.0,0.0,0.0,0.0,0.0,0.0,1.0
1.8075648536384334,0.14564854867530566,-1.3970689075105838,-0.7070023526930482,1.257030925189727,1.1535541743979991,0.0,0.0,0.0,1.0,1.0,0.0,0.0,0.0,0.0,0.0,0.0,0.0,0.0,1.0,0.0,0.0
-0.4988509476821572,0.8467777698687311,1.6691414587781221,0.6932923026628613,-0.4726254334847508,1.9034492333553488,1.0,0.0,0.0,0.0,1.0,0.0,0.0,0.0,0.0,1.0,0.0,0.0,0.0,0.0,0.0,0.0
-0.4988509476821572,0.8467777698687311,1.6691414587781221,0.6932923026628613,-0.4726254334847508,1.4744572344250477,1.0,0.0,0.0,0.0,1.0,0.0,0.0,0.0,0.0,1.0,0.0,0.0,0.0,0.0,0.0,0.0
-0.4988509476821572,0.1186820401678662,0.4954706646525768,-1.407149680371003,1.4142724123419521,1.2834345723757952,0.0,0.0,0.0,1.0,0.0,1.0,0.0,0.0,0.0,0.0,0.0,0.0,0.0,0.0,0.0,1.0
-0.4988509476821572,0.1186820401678662,0.4954706646525768,-1.407149680371003,1.4142724123419521,0.30501126632760467,0.0,0.0,0.0,1.0,0.0,1.0,0.0,0.0,0.0,0.0,0.0,0.0,0.0,0.0,0.0,1.0
1.8075648536384334,-0.2757031467534359,-0.4278625741504706,0.6932923026628613,-1.376763984610046,0.20967267554803973,0.0,0.0,0.0,1.0,0.0,1.0,0.0,0.0,0.0,0.0,0.0,0.0,1.0,0.0,0.0,0.0
0.42371537284607913,-0.9296409780588423,-0.979335285177903,1.393439630340816,1.5322035277061212,-0.5577312137299086,0.0,0.0,0.0,1.0,0.0,0.0,1.0,0.0,0.0,0.0,0.0,0.0,0.0,1.0,0.0,0.0
0.42371537284607913,-0.9296409780588423,-0.979335285177903,1.393439630340816,1.5322035277061212,-0.6150375696720981,0.0,0.0,0.0,1.0,0.0,0.0,1.0,0.0,0.0,0.0,0.0,0.0,0.0,1.0,0.0,0.0
-0.4988509476821572,1.6119524487673254,-1.0268595512216565,0.6932923026628613,-0.7281428501071168,-0.48284717816885625,0.0,0.0,0.0,1.0,0.0,0.0,1.0,0.0,0.0,0.0,0.0,0.0,0.0,0.0,1.0,0.0
-0.4988509476821572,1.6389189572747649,0.6592174454184642,-1.407149680371003,-1.12124656798768,1.4077092728942098,1.0,0.0,0.0,0.0,1.0,0.0,0.0,0.0,0.0,0.0,0.0,0.0,0.0,0.0,0.0,1.0
-0.4988509476821572,1.3052084144952019,1.031728926956575,-0.0068550250150934385,-0.37434950401461,-0.49996295701904275,0.0,0.0,0.0,1.0,0.0,0.0,1.0,0.0,0.0,0.0,0.0,0.0,0.0,0.0,1.0,0.0
-0.4988509476821572,-0.9397534187491321,0.1759103845364609,1.393439630340816,-0.2957287604384974,-0.19808098305136262,1.0,0.0,0.0,0.0,0.0,0.0,0.0,1.0,0.0,0.0,0.0,1.0,0.0,0.0,0.0,0.0
-0.4988509476821572,-0.9397534187491321,0.1759103845364609,1.393439630340816,-0.2957287604384974,-0.19260456165700052,1.0,0.0,0.0,0.0,0.0,0.0,0.0,1.0,0.0,0.0,0.0,1.0,0.0,0.0,0.0,0.0
-0.4988509476821572,1.6153232623307552,0.940936541751127,0.6932923026628613,0.7853064637330512,-0.4603817337589684,0.0,1.0,0.0,0.0,0.0,0.0,1.0,0.0,0.0,1.0,0.0,0.0,0.0,0.0,0.0,0.0
0.8849985331101973,-1.1790811817526574,-0.5043664662518637,-1.407149680371003,1.6108242712822338,-0.4855081953853947,0.0,0.0,0.0,1.0,0.0,0.0,1.0,0.0,0.0,0.0,1.0,0.0,0.0,0.0,0.0,0.0
1.8075648536384334,-1.3206553514167143,0.4966078031325162,1.393439630340816,0.6477201624748541,-0.4525900433310525,0.0,0.0,0.0,1.0,0.0,0.0,1.0,0.0,0.0,0.0,0.0,0.0,0.0,1.0,0.0,0.0
-0.4988509476821572,0.2703686505222128,-0.5636891241976824,-0.0068550250150934385,-0.6102117347429479,1.2489869995940501,0.0,0.0,0.0,1.0,0.0,1.0,0.0,0.0,0.0,0.0,0.0,0.0,1.0,0.0,0.0,0.0
-0.4988509476821572,0.9714978717156387,1.3259646689862852,-0.7070023526930482,0.5887546047927696,-0.5469853693434759,0.0,0.0,0.0,1.0,0.0,0.0,1.0,0.0,0.0,0.0,0.0,0.0,0.0,0.0,1.0,0.0
-0.4988509476821572,0.9714978717156387,1.3259646689862852,-0.7070023526930482,0.5887546047927696,-0.6182576601661857,0.0,0.0,0.0,1.0,0.0,0.0,1.0,0.0,0.0,0.0,0.0,0.0,0.0,0.0,1.0,0.0
-0.4988509476821572,0.9714978717156387,1.3259646689862852,-0.7070023526930482,0.5887546047927696,-0.6281586267058695,0.0,0.0,0.0,1.0,0.0,0.0,1.0,0.0,0.0,0.0,0.0,0.0,0.0,0.0,1.0,0.0
0.42371537284607913,-0.42401894354435277,-1.359752199842368,-1.407149680371003,-1.12124656798768,-0.5114856460907344,0.0,0.0,0.0,1.0,0.0,0.0,0.0,1.0,0.0,0.0,0.0,0.0,0.0,0.0,0.0,1.0
0.42371537284607913,-0.42401894354435277,-1.359752199842368,-1.407149680371003,-1.12124656798768,-0.35694468958992864,0.0,0.0,0.0,1.0,0.0,0.0,0.0,1.0,0.0,0.0,0.0,0.0,0.0,0.0,0.0,1.0
-0.4988509476821572,1.6355481437113348,1.414664951457722,1.393439630340816,-0.45297024759072263,-0.46389377269989124,1.0,0.0,0.0,0.0,0.0,0.0,1.0,0.0,0.0,0.0,0.0,0.0,1.0,0.0,0.0,0.0
-0.4988509476821572,1.6355481437113348,1.414664951457722,1.393439630340816,-0.45297024759072263,-0.4845156881898503,1.0,0.0,0.0,0.0,0.0,0.0,1.0,0.0,0.0,0.0,0.0,0.0,1.0,0.0,0.0,0.0
-0.4988509476821572,1.6355481437113348,1.414664951457722,1.393439630340816,-0.45297024759072263,-0.5666720704394331,1.0,0.0,0.0,0.0,0.0,0.0,1.0,0.0,0.0,0.0,0.0,0.0,1.0,0.0,0.0,0.0
0.42371537284607913,0.6276748882457858,-0.5190854474947528,0.6932923026628613,0.6477201624748541,-0.6146421350823055,0.0,0.0,0.0,1.0,0.0,0.0,1.0,0.0,0.0,0.0,0.0,1.0,0.0,0.0,0.0,0.0
1.3462816933743154,1.1434093634505649,0.924718394267338,-1.407149680371003,-0.9640050808354547,-0.5571747782064134,1.0,0.0,0.0,0.0,0.0,0.0,1.0,0.0,0.0,1.0,0.0,0.0,0.0,0.0,0.0,0.0
1.3462816933743154,1.1434093634505649,0.924718394267338,-1.407149680371003,-0.9640050808354547,-0.6272899698980702,1.0,0.0,0.0,0.0,0.0,0.0,1.0,0.0,0.0,1.0,0.0,0.0,0.0,0.0,0.0,0.0
4.1139806549590245,-0.11390409570879904,0.13564175820195346,0.6932923026628613,1.0801342521434736,0.08602005406613572,0.0,0.0,0.0,1.0,0.0,1.0,0.0,0.0,0.0,0.0,0.0,0.0,0.0,0.0,0.0,1.0
4.1139806549590245,-0.11390409570879904,0.13564175820195346,0.6932923026628613,1.0801342521434736,0.001600550658317733,0.0,0.0,0.0,1.0,0.0,1.0,0.0,0.0,0.0,0.0,0.0,0.0,0.0,0.0,0.0,1.0
-0.4988509476821572,0.34115573535424143,1.1323331927603575,-0.7070023526930482,-0.2957287604384974,-0.033840247519332886,0.0,0.0,0.0,1.0,0.0,0.0,0.0,1.0,0.0,0.0,0.0,0.0,1.0,0.0,0.0,0.0
-0.4988509476821572,0.34115573535424143,1.1323331927603575,-0.7070023526930482,-0.2957287604384974,-0.19004598592834854,0.0,0.0,0.0,1.0,0.0,0.0,0.0,1.0,0.0,0.0,0.0,0.0,1.0,0.0,0.0,0.0
-0.4988509476821572,1.6625146522187744,0.6169449025994105,-1.407149680371003,-1.769867702490609,-0.6126846342941455,0.0,0.0,0.0,1.0,0.0,0.0,1.0,0.0,0.0,0.0,0.0,0.0,0.0,1.0,0.0,0.0
-0.4988509476821572,-1.4959376567150708,-1.1553515580732592,0.6932923026628613,0.8639272073091638,-0.13070783463517813,0.0,0.0,0.0,1.0,0.0,0.0,0.0,1.0,0.0,0.0,1.0,0.0,0.0,0.0,0.0,0.0
-0.4988509476821572,-1.4959376567150708,-1.1553515580732592,0.6932923026628613,0.8639272073091638,-0.13144341544513796,0.0,0.0,0.0,1.0,0.0,0.0,0.0,1.0,0.0,0.0,1.0,0.0,0.0,0.0,0.0,0.0
-0.4988509476821572,-1.4959376567150708,-1.1553515580732592,0.6932923026628613,0.8639272073091638,-0.06869250661734184,0.0,0.0,0.0,1.0,0.0,0.0,0.0,1.0,0.0,0.0,1.0,0.0,0.0,0.0,0.0,0.0
1.3462816933743154,1.3288041094392113,-0.04206629826865943,0.6932923026628613,1.139099809825558,-0.5788086510635174,0.0,0.0,0.0,1.0,0.0,0.0,1.0,0.0,0.0,0.0,1.0,0.0,0.0,0.0,0.0,0.0
1.3462816933743154,1.3288041094392113,-0.04206629826865943,0.6932923026628613,1.139099809825558,-0.5779212035226309,0.0,0.0,0.0,1.0,0.0,0.0,1.0,0.0,0.0,0.0,1.0,0.0,0.0,0.0,0.0,0.0
1.3462816933743154,1.3288041094392113,-0.04206629826865943,0.6932923026628613,1.139099809825558,-0.47212824017959243,0.0,0.0,0.0,1.0,0.0,0.0,1.0,0.0,0.0,0.0,1.0,0.0,0.0,0.0,0.0,0.0
-0.4988509476821572,1.5580194317524465,1.1161069228588547,0.6932923026628613,0.17599570101817838,-0.01974478193911976,1.0,0.0,0.0,0.0,0.0,0.0,0.0,1.0,0.0,1.0,0.0,0.0,0.0,0.0,0.0,0.0
-0.4988509476821572,-0.03300457018648082,0.5237830921122927,0.6932923026628613,-0.11883208739224398,-0.6083006152364792,1.0,0.0,0.0,0.0,0.0,0.0,1.0,0.0,0.0,1.0,0.0,0.0,0.0,0.0,0.0,0.0
-0.4988509476821572,-0.03300457018648082,0.5237830921122927,0.6932923026628613,-0.11883208739224398,-0.5781495585920273,1.0,0.0,0.0,0.0,0.0,0.0,1.0,0.0,0.0,1.0,0.0,0.0,0.0,0.0,0.0,0.0
-0.4988509476821572,-0.03300457018648082,0.5237830921122927,0.6932923026628613,-0.11883208739224398,-0.5366567340759691,1.0,0.0,0.0,0.0,0.0,0.0,1.0,0.0,0.0,1.0,0.0,0.0,0.0,0.0,0.0,0.0
-0.4988509476821572,-0.5419974182644003,-0.9814540758558309,0.6932923026628613,0.5887546047927696,-0.00893762282912159,0.0,0.0,0.0,1.0,0.0,0.0,0.0,1.0,0.0,0.0,0.0,0.0,0.0,0.0,1.0,0.0
0.8849985331101973,-1.0509902663423198,1.692059440530452,0.6932923026628613,-0.3350391322265537,-0.012210951557258045,1.0,0.0,0.0,0.0,0.0,0.0,0.0,1.0,0.0,0.0,0.0,1.0,0.0,0.0,0.0,0.0
0.8849985331101973,-1.0509902663423198,1.692059440530452,0.6932923026628613,-0.3350391322265537,-0.4217848889721683,1.0,0.0,0.0,0.0,0.0,0.0,0.0,1.0,0.0,0.0,0.0,1.0,0.0,0.0,0.0,0.0
-0.4988509476821572,-0.8386290118462343,1.4405406536032823,1.393439630340816,-0.3350391322265537,3.056916020377893,0.0,0.0,0.0,1.0,1.0,0.0,0.0,0.0,0.0,0.0,0.0,0.0,0.0,1.0,0.0,0.0
-0.4988509476821572,0.4085720066228401,0.6862047584454344,1.393439630340816,1.4339275982359803,-0.2636604195363101,0.0,0.0,0.0,1.0,0.0,0.0,0.0,1.0,0.0,0.0,0.0,0.0,1.0,0.0,0.0,0.0
-0.4988509476821572,0.4085720066228401,0.6862047584454344,1.393439630340816,1.4339275982359803,-0.19734821628099994,0.0,0.0,0.0,1.0,0.0,0.0,0.0,1.0,0.0,0.0,0.0,0.0,1.0,0.0,0.0,0.0
-0.4988509476821572,1.4164452620883896,-0.9226535733344742,-1.407149680371003,-0.27607357454446924,-0.2662964694966549,1.0,0.0,0.0,0.0,0.0,0.0,0.0,1.0,0.0,0.0,0.0,0.0,0.0,0.0,0.0,1.0
-0.4988509476821572,1.4164452620883896,-0.9226535733344742,-1.407149680371003,-0.27607357454446924,0.0015249437475640204,1.0,0.0,0.0,0.0,0.0,0.0,0.0,1.0,0.0,0.0,0.0,0.0,0.0,0.0,0.0,1.0
0.8849985331101973,-0.8790787746073933,0.43811479213889815,-0.0068550250150934385,1.276686111083755,-0.5729561473145505,0.0,1.0,0.0,0.0,0.0,0.0,1.0,0.0,0.0,0.0,0.0,1.0,0.0,0.0,0.0,0.0
-0.4988509476821572,-1.2532390801481157,1.1504415428806987,-1.407149680371003,1.4339275982359803,-0.018211822442664366,1.0,0.0,0.0,0.0,0.0,1.0,0.0,0.0,0.0,0.0,0.0,0.0,0.0,0.0,1.0,0.0
-0.4988509476821572,-1.6408826399425578,0.43930530650667143,1.393439630340816,-1.396419170504074,-0.5288111720918677,0.0,0.0,0.0,1.0,0.0,0.0,1.0,0.0,0.0,0.0,0.0,1.0,0.0,0.0,0.0,0.0
-0.4988509476821572,0.6816079052606644,-1.0809606549228554,0.6932923026628613,1.6501346430702901,-0.5850004914249717,0.0,0.0,1.0,0.0,0.0,0.0,1.0,0.0,0.0,0.0,0.0,0.0,0.0,1.0,0.0,0.0
-0.4988509476821572,-0.6228969437867187,-0.46247799775613635,-0.7070023526930482,-0.17779764507432844,-0.6076865212821665,1.0,0.0,0.0,0.0,0.0,0.0,1.0,0.0,0.0,0.0,0.0,0.0,0.0,0.0,0.0,1.0
-0.4988509476821572,-0.6228969437867187,-0.46247799775613635,-0.7070023526930482,-0.17779764507432844,-0.45668264279851334,1.0,0.0,0.0,0.0,0.0,0.0,1.0,0.0,0.0,0.0,0.0,0.0,0.0,0.0,0.0,1.0
-0.4988509476821572,1.295095973804912,0.15984192160768443,1.393439630340816,1.630479457176262,-0.5563569046932463,0.0,0.0,0.0,1.0,0.0,0.0,1.0,0.0,0.0,0.0,0.0,0.0,1.0,0.0,0.0,0.0
-0.4988509476821572,1.295095973804912,0.15984192160768443,1.393439630340816,1.630479457176262,-0.4737835744885052,0.0,0.0,0.0,1.0,0.0,0.0,1.0,0.0,0.0,0.0,0.0,0.0,1.0,0.0,0.0,0.0
-0.4988509476821572,1.295095973804912,0.15984192160768443,1.393439630340816,1.630479457176262,-0.5450528553987921,0.0,0.0,0.0,1.0,0.0,0.0,1.0,0.0,0.0,0.0,0.0,0.0,1.0,0.0,0.0,0.0
3.1914143344307884,-1.6105453178716884,-1.0907690544850268,-0.0068550250150934385,-1.514350285868243,-0.5491608112957946,0.0,1.0,0.0,0.0,0.0,0.0,1.0,0.0,0.0,0.0,0.0,0.0,1.0,0.0,0.0,0.0
-0.4988509476821572,1.0928471599991159,0.9555186022382683,0.6932923026628613,0.41185793174651625,-0.10122480879216654,1.0,0.0,0.0,0.0,0.0,0.0,0.0,1.0,0.0,1.0,0.0,0.0,0.0,0.0,0.0,0.0
-0.4988509476821572,1.0928471599991159,0.9555186022382683,0.6932923026628613,0.41185793174651625,-0.061957380328096855,1.0,0.0,0.0,0.0,0.0,0.0,0.0,1.0,0.0,1.0,0.0,0.0,0.0,0.0,0.0,0.0
-0.4988509476821572,-0.6464926387307282,1.5808032040676454,0.6932923026628613,0.9622031367793046,-0.5820037743014114,1.0,0.0,0.0,0.0,0.0,0.0,1.0,0.0,0.0,1.0,0.0,0.0,0.0,0.0,0.0,0.0
-0.4988509476821572,-0.6464926387307282,1.5808032040676454,0.6932923026628613,0.9622031367793046,-0.5106887505572091,1.0,0.0,0.0,0.0,0.0,0.0,1.0,0.0,0.0,1.0,0.0,0.0,0.0,0.0,0.0,0.0
0.8849985331101973,-1.155485486808648,0.1868872519040393,-0.7070023526930482,0.6280649765808259,-0.49023984300517337,1.0,0.0,0.0,0.0,0.0,0.0,1.0,0.0,0.0,0.0,0.0,1.0,0.0,0.0,0.0,0.0
-0.4988509476821572,-0.8993036559879729,-0.6664063789524542,0.6932923026628613,0.9622031367793046,-0.3051794191909877,0.0,0.0,0.0,1.0,0.0,0.0,0.0,1.0,0.0,0.0,0.0,1.0,0.0,0.0,0.0,0.0
-0.4988509476821572,-0.8993036559879729,-0.6664063789524542,0.6932923026628613,0.9622031367793046,-0.06838692542183183,0.0,0.0,0.0,1.0,0.0,0.0,0.0,1.0,0.0,0.0,0.0,1.0,0.0,0.0,0.0,0.0
0.8849985331101973,-0.08019596007449989,-0.8959899966706704,-0.0068550250150934385,0.45116830353457255,-0.47011305484423827,1.0,0.0,0.0,0.0,0.0,0.0,0.0,1.0,0.0,0.0,0.0,0.0,0.0,0.0,1.0,0.0
0.42371537284607913,-0.6869424014918875,-0.4589540288137119,-0.0068550250150934385,-1.1802121256697644,0.7709008741064398,0.0,0.0,0.0,1.0,0.0,1.0,0.0,0.0,0.0,0.0,0.0,0.0,1.0,0.0,0.0,0.0
2.2688480139025518,-1.0813275884131892,0.08329857776310978,1.393439630340816,0.13668532923012205,-0.07935773627777488,0.0,0.0,1.0,0.0,0.0,0.0,0.0,1.0,0.0,0.0,0.0,1.0,0.0,0.0,0.0,0.0
-0.4988509476821572,0.9074524140104699,0.31600236422883315,1.393439630340816,-0.09917690149821581,-0.5716852656589978,0.0,0.0,0.0,1.0,0.0,0.0,1.0,0.0,0.0,0.0,1.0,0.0,0.0,0.0,0.0,0.0
-0.4988509476821572,1.6759979064724941,1.5370535415700581,1.393439630340816,1.1194446239315299,-0.6209180114151165,1.0,0.0,0.0,0.0,0.0,0.0,1.0,0.0,0.0,0.0,0.0,0.0,0.0,0.0,0.0,1.0
0.8849985331101973,0.9613854310253489,-1.7068846070608517,-1.407149680371003,0.3922027458524881,-0.456866188694464,0.0,0.0,0.0,1.0,0.0,0.0,1.0,0.0,1.0,0.0,0.0,0.0,0.0,0.0,0.0,0.0
-0.4988509476821572,-0.8352581982828043,1.4806688781458788,-0.0068550250150934385,-1.3374536128219896,-0.6139870971783092,1.0,0.0,0.0,0.0,0.0,0.0,1.0,0.0,0.0,0.0,0.0,0.0,0.0,1.0,0.0,0.0
-0.4988509476821572,-0.9262701644954123,0.37354389200454274,-0.7070023526930482,-0.8460739654712858,-0.591771606081408,0.0,0.0,0.0,1.0,0.0,0.0,1.0,0.0,0.0,0.0,0.0,0.0,0.0,0.0,1.0,0.0
-0.4988509476821572,-0.9262701644954123,0.37354389200454274,-0.7070023526930482,-0.8460739654712858,-0.4990508164439187,0.0,0.0,0.0,1.0,0.0,0.0,1.0,0.0,0.0,0.0,0.0,0.0,0.0,0.0,1.0,0.0
-0.4988509476821572,-0.9262701644954123,0.37354389200454274,-0.7070023526930482,-0.8460739654712858,-0.47801485191662313,0.0,0.0,0.0,1.0,0.0,0.0,1.0,0.0,0.0,0.0,0.0,0.0,0.0,0.0,1.0,0.0
-0.4988509476821572,0.19621075212675468,1.3618286242291089,1.393439630340816,-0.3350391322265537,-0.19234111923541142,0.0,0.0,0.0,1.0,0.0,0.0,0.0,1.0,1.0,0.0,0.0,0.0,0.0,0.0,0.0,0.0
0.42371537284607913,0.37823468455197073,-0.2136001569313564,-1.407149680371003,0.3332371881704036,-0.48422023361943345,1.0,0.0,0.0,0.0,0.0,0.0,1.0,0.0,0.0,0.0,1.0,0.0,0.0,0.0,0.0,0.0
0.42371537284607913,0.37823468455197073,-0.2136001569313564,-1.407149680371003,0.3332371881704036,-0.5521742429004888,1.0,0.0,0.0,0.0,0.0,0.0,1.0,0.0,0.0,0.0,1.0,0.0,0.0,0.0,0.0,0.0
0.42371537284607913,0.37823468455197073,-0.2136001569313564,-1.407149680371003,0.3332371881704036,-0.5608017357342254,1.0,0.0,0.0,0.0,0.0,0.0,1.0,0.0,0.0,0.0,1.0,0.0,0.0,0.0,0.0,0.0
-0.4988509476821572,-0.6768299608015976,0.5972201913540124,-0.7070023526930482,-0.04021134381613135,-0.463180854375875,0.0,0.0,0.0,1.0,0.0,0.0,1.0,0.0,0.0,0.0,1.0,0.0,0.0,0.0,0.0,0.0
-0.4988509476821572,-0.6768299608015976,0.5972201913540124,-0.7070023526930482,-0.04021134381613135,-0.5133993627732368,0.0,0.0,0.0,1.0,0.0,0.0,1.0,0.0,0.0,0.0,1.0,0.0,0.0,0.0,0.0,0.0
-0.4988509476821572,-0.6768299608015976,0.5972201913540124,-0.7070023526930482,-0.04021134381613135,-0.47297685919731386,0.0,0.0,0.0,1.0,0.0,0.0,1.0,0.0,0.0,0.0,1.0,0.0,0.0,0.0,0.0,0.0
-0.4988509476821572,-0.48469358768609155,0.8666930024649604,-1.407149680371003,1.4142724123419521,-0.010075134677595974,0.0,0.0,0.0,1.0,0.0,0.0,0.0,1.0,0.0,0.0,0.0,0.0,0.0,0.0,1.0,0.0
-0.4988509476821572,-0.40042324860034323,-1.6500949830963674,-1.407149680371003,-0.41365987580266633,-0.46089413707122673,0.0,0.0,0.0,1.0,0.0,0.0,1.0,0.0,0.0,1.0,0.0,0.0,0.0,0.0,0.0,0.0
-0.4988509476821572,-1.3644759277413034,-1.65812689386998,-0.7070023526930482,0.9032375790972201,-0.38943742545394444,0.0,0.0,0.0,1.0,0.0,0.0,0.0,1.0,0.0,1.0,0.0,0.0,0.0,0.0,0.0,0.0
-0.4988509476821572,1.2141964482825935,-1.6625524511786423,-0.7070023526930482,-1.396419170504074,-0.3793992761161737,0.0,0.0,0.0,1.0,0.0,0.0,0.0,1.0,0.0,0.0,0.0,0.0,1.0,0.0,0.0,0.0
-0.4988509476821572,-0.9195285373685524,1.516527031661764,-0.0068550250150934385,-1.0229706385175392,2.951576822552166,0.0,0.0,0.0,1.0,1.0,0.0,0.0,0.0,0.0,0.0,0.0,0.0,0.0,0.0,0.0,1.0
-0.4988509476821572,-0.9195285373685524,1.516527031661764,-0.0068550250150934385,-1.0229706385175392,4.193120110872722,0.0,0.0,0.0,1.0,1.0,0.0,0.0,0.0,0.0,0.0,0.0,0.0,0.0,0.0,0.0,1.0
-0.4988509476821572,-1.4420046397001918,1.2765200313258993,1.393439630340816,-0.9836602667294828,-0.5645214782196125,0.0,0.0,0.0,1.0,0.0,0.0,1.0,0.0,1.0,0.0,0.0,0.0,0.0,0.0,0.0,0.0
-0.4988509476821572,-0.946495045875992,-1.4872463096605544,0.6932923026628613,-0.9050395231533702,0.42221613960116394,1.0,0.0,0.0,0.0,0.0,1.0,0.0,0.0,0.0,0.0,0.0,0.0,0.0,0.0,1.0,0.0
3.1914143344307884,-0.3363777908951745,-0.02635406137390478,-0.0068550250150934385,-0.19745283096835659,-0.23992222614993047,0.0,1.0,0.0,0.0,0.0,0.0,0.0,1.0,1.0,0.0,0.0,0.0,0.0,0.0,0.0,0.0
1.8075648536384334,1.011947634476798,0.9171390181949255,1.393439630340816,-1.003315452623511,-0.6051092658150287,1.0,0.0,0.0,0.0,0.0,0.0,1.0,0.0,0.0,1.0,0.0,0.0,0.0,0.0,0.0,0.0
1.8075648536384334,1.011947634476798,0.9171390181949255,1.393439630340816,-1.003315452623511,-0.45248177789114596,1.0,0.0,0.0,0.0,0.0,0.0,1.0,0.0,0.0,1.0,0.0,0.0,0.0,0.0,0.0,0.0
1.8075648536384334,1.011947634476798,0.9171390181949255,1.393439630340816,-1.003315452623511,-0.5079781971030292,1.0,0.0,0.0,0.0,0.0,0.0,1.0,0.0,0.0,1.0,0.0,0.0,0.0,0.0,0.0,0.0
-0.4988509476821572,1.0490265836745272,-0.652576222276538,1.393439630340816,0.038409399759981276,3.9378816006025192,0.0,0.0,0.0,1.0,1.0,0.0,0.0,0.0,0.0,0.0,0.0,0.0,0.0,1.0,0.0,0.0
2.73013117416667,-0.5285141640106805,-1.2920298016350378,-0.0068550250150934385,0.13668532923012205,-0.503418075316792,1.0,0.0,0.0,0.0,0.0,0.0,0.0,1.0,0.0,1.0,0.0,0.0,0.0,0.0,0.0,0.0
-0.4988509476821572,-1.4116673176293224,-1.5621083130383615,-0.0068550250150934385,0.9818583226733327,-0.3931172294701537,0.0,0.0,0.0,1.0,0.0,0.0,0.0,1.0,0.0,0.0,1.0,0.0,0.0,0.0,0.0,0.0
-0.4988509476821572,-1.4116673176293224,-1.5621083130383615,-0.0068550250150934385,0.9818583226733327,-0.0178080632577758,0.0,0.0,0.0,1.0,0.0,0.0,0.0,1.0,0.0,0.0,1.0,0.0,0.0,0.0,0.0,0.0
-0.4988509476821572,1.682739533599354,0.5965042582498057,0.6932923026628613,-0.7674532218951731,-0.20504014214964839,1.0,0.0,0.0,0.0,0.0,0.0,0.0,1.0,0.0,0.0,0.0,0.0,0.0,1.0,0.0,0.0
-0.4988509476821572,1.682739533599354,0.5965042582498057,0.6932923026628613,-0.7674532218951731,-0.42553939888413267,1.0,0.0,0.0,0.0,0.0,0.0,0.0,1.0,0.0,0.0,0.0,0.0,0.0,1.0,0.0,0.0
-0.4988509476821572,1.682739533599354,0.5965042582498057,0.6932923026628613,-0.7674532218951731,-0.4303257537841536,1.0,0.0,0.0,0.0,0.0,0.0,0.0,1.0,0.0,0.0,0.0,0.0,0.0,1.0,0.0,0.0
-0.4988509476821572,0.5501461762868973,-1.4025109273788654,1.393439630340816,0.7066857201569385,-0.548489855460156,0.0,0.0,0.0,1.0,0.0,0.0,1.0,0.0,0.0,0.0,0.0,0.0,1.0,0.0,0.0,0.0
-0.4988509476821572,0.9175648547007598,0.5141823943745185,-0.0068550250150934385,-1.3571087987160178,-0.2429453077558417,0.0,0.0,0.0,1.0,0.0,0.0,0.0,1.0,0.0,1.0,0.0,0.0,0.0,0.0,0.0,0.0
-0.4988509476821572,0.9175648547007598,0.5141823943745185,-0.0068550250150934385,-1.3571087987160178,-0.15953049483333204,0.0,0.0,0.0,1.0,0.0,0.0,0.0,1.0,0.0,1.0,0.0,0.0,0.0,0.0,0.0,0.0
-0.4988509476821572,1.1703758719580044,-0.569720599522912,-0.7070023526930482,-0.13848727328627214,0.6294153703009554,1.0,0.0,0.0,0.0,0.0,1.0,0.0,0.0,0.0,0.0,0.0,0.0,1.0,0.0,0.0,0.0
-0.4988509476821572,1.0591390243648169,0.5323510824550198,-0.0068550250150934385,1.3159964828718114,-0.46544492225276807,0.0,0.0,0.0,1.0,0.0,0.0,0.0,1.0,0.0,0.0,0.0,0.0,0.0,0.0,0.0,1.0
-0.4988509476821572,-1.6038036907448285,-0.33355202172953646,-0.7070023526930482,0.0777197715480376,1.0635698130149762,1.0,0.0,0.0,0.0,0.0,1.0,0.0,0.0,0.0,0.0,0.0,0.0,0.0,1.0,0.0,0.0
-0.4988509476821572,-1.6038036907448285,-0.33355202172953646,-0.7070023526930482,0.0777197715480376,1.1001065392401868,1.0,0.0,0.0,0.0,0.0,1.0,0.0,0.0,0.0,0.0,0.0,0.0,0.0,1.0,0.0,0.0
-0.4988509476821572,-1.6038036907448285,-0.33355202172953646,-0.7070023526930482,0.0777197715480376,0.16567245034361341,1.0,0.0,0.0,0.0,0.0,1.0,0.0,0.0,0.0,0.0,0.0,0.0,0.0,1.0,0.0,0.0
1.3462816933743154,0.5467753627234674,-1.5777880602622607,-0.7070023526930482,1.1587549957195862,-0.4332755136622786,1.0,0.0,0.0,0.0,0.0,0.0,0.0,1.0,0.0,1.0,0.0,0.0,0.0,0.0,0.0,0.0
-0.4988509476821572,-0.39368162147348335,1.4794980896496963,-0.7070023526930482,-1.6519365871264402,-0.5852868183217069,0.0,0.0,0.0,1.0,0.0,0.0,1.0,0.0,0.0,1.0,0.0,0.0,0.0,0.0,0.0,0.0
1.8075648536384334,1.6490313979650546,-0.3974673267198452,-0.7070023526930482,-0.31538394633252553,-0.5121573593012994,1.0,0.0,0.0,0.0,0.0,0.0,1.0,0.0,0.0,0.0,1.0,0.0,0.0,0.0,0.0,0.0
1.8075648536384334,1.6490313979650546,-0.3974673267198452,-0.7070023526930482,-0.31538394633252553,-0.47175112622810506,1.0,0.0,0.0,0.0,0.0,0.0,1.0,0.0,0.0,0.0,1.0,0.0,0.0,0.0,0.0,0.0
-0.4988509476821572,0.5804834983577668,0.018225248075883185,-0.7070023526930482,0.1563405151241502,-0.34367484102859536,0.0,0.0,0.0,1.0,0.0,0.0,0.0,1.0,0.0,0.0,0.0,0.0,0.0,0.0,1.0,0.0
-0.4988509476821572,1.5647610588793064,-0.5261357060703772,-1.407149680371003,-1.4946950999742148,-0.5611298357756067,0.0,0.0,0.0,1.0,0.0,0.0,1.0,0.0,0.0,0.0,1.0,0.0,0.0,0.0,0.0,0.0
2.2688480139025518,1.2512753974803228,0.5926391477633994,-0.7070023526930482,1.276686111083755,-0.4447504619972318,0.0,0.0,0.0,1.0,0.0,0.0,0.0,1.0,0.0,0.0,0.0,0.0,0.0,0.0,1.0,0.0
-0.4988509476821572,-0.5790763674621295,0.25933457653005665,1.393439630340816,0.01875421386595312,0.6703573155526765,0.0,0.0,0.0,1.0,0.0,1.0,0.0,0.0,1.0,0.0,0.0,0.0,0.0,0.0,0.0,0.0
-0.4988509476821572,0.07823227740670699,-1.6772992807108362,0.6932923026628613,1.3553068546598677,-0.5900345601586711,0.0,0.0,0.0,1.0,0.0,0.0,1.0,0.0,0.0,0.0,1.0,0.0,0.0,0.0,0.0,0.0
-0.4988509476821572,-0.20154524835797732,-1.615326393899526,1.393439630340816,1.6108242712822338,0.165515347279144,0.0,0.0,0.0,1.0,0.0,1.0,0.0,0.0,0.0,0.0,0.0,0.0,0.0,0.0,0.0,1.0
-0.03756778741803903,-0.08356677363792964,-0.3694635511332557,-0.0068550250150934385,-0.6102117347429479,-0.4683994287823713,0.0,0.0,0.0,1.0,0.0,0.0,1.0,0.0,1.0,0.0,0.0,0.0,0.0,0.0,0.0,0.0
-0.03756778741803903,-0.08356677363792964,-0.3694635511332557,-0.0068550250150934385,-0.6102117347429479,-0.5637673221366739,0.0,0.0,0.0,1.0,0.0,0.0,1.0,0.0,1.0,0.0,0.0,0.0,0.0,0.0,0.0,0.0
-0.03756778741803903,-0.08356677363792964,-0.3694635511332557,-0.0068550250150934385,-0.6102117347429479,-0.5562255197308027,0.0,0.0,0.0,1.0,0.0,0.0,1.0,0.0,1.0,0.0,0.0,0.0,0.0,0.0,0.0,0.0
-0.4988509476821572,1.6625146522187744,-0.8671275654971878,1.393439630340816,1.5125483418120929,-0.29379670084060333,0.0,0.0,0.0,1.0,0.0,0.0,0.0,1.0,0.0,0.0,1.0,0.0,0.0,0.0,0.0,0.0
-0.4988509476821572,1.6625146522187744,-0.8671275654971878,1.393439630340816,1.5125483418120929,-0.22444603996255766,0.0,0.0,0.0,1.0,0.0,0.0,0.0,1.0,0.0,0.0,1.0,0.0,0.0,0.0,0.0,0.0
-0.4988509476821572,1.6625146522187744,-0.8671275654971878,1.393439630340816,1.5125483418120929,-0.41753903207671766,0.0,0.0,0.0,1.0,0.0,0.0,0.0,1.0,0.0,0.0,1.0,0.0,0.0,0.0,0.0,0.0
1.3462816933743154,-0.2285117568654168,1.2059652300272097,1.393439630340816,-1.4553847281861585,-0.0583353587954947,1.0,0.0,0.0,0.0,0.0,0.0,0.0,1.0,0.0,0.0,0.0,1.0,0.0,0.0,0.0,0.0
-0.4988509476821572,1.1771174990848643,0.2868092346198581,0.6932923026628613,-1.4946950999742148,-0.4531851115048871,0.0,0.0,0.0,1.0,0.0,0.0,1.0,0.0,0.0,0.0,0.0,0.0,1.0,0.0,0.0,0.0
-0.4988509476821572,1.1771174990848643,0.2868092346198581,0.6932923026628613,-1.4946950999742148,-0.48177283530669807,0.0,0.0,0.0,1.0,0.0,0.0,1.0,0.0,0.0,0.0,0.0,0.0,1.0,0.0,0.0,0.0
4.1139806549590245,0.5231796677794579,-1.16006952241962,0.6932923026628613,0.23496125870026283,-0.6266372367643239,0.0,0.0,0.0,1.0,0.0,0.0,1.0,0.0,0.0,0.0,0.0,0.0,0.0,0.0,0.0,1.0
-0.03756778741803903,-0.2992988416974452,1.63429280574953,-1.407149680371003,1.7091002007523746,-0.513046367295698,0.0,0.0,0.0,1.0,0.0,0.0,1.0,0.0,0.0,0.0,1.0,0.0,0.0,0.0,0.0,0.0
1.3462816933743154,0.3344141082273816,1.0812199784324685,-1.407149680371003,-1.534005471762271,-0.19893585694132082,0.0,0.0,0.0,1.0,0.0,0.0,0.0,1.0,0.0,0.0,0.0,0.0,1.0,0.0,0.0,0.0
-0.4988509476821572,-1.617286944998548,1.268554260239385,-0.0068550250150934385,0.21530607280623468,-0.45166691429040184,0.0,1.0,0.0,0.0,0.0,0.0,1.0,0.0,0.0,0.0,0.0,0.0,0.0,0.0,0.0,1.0
-0.4988509476821572,-1.617286944998548,1.268554260239385,-0.0068550250150934385,0.21530607280623468,-0.5296125531131035,0.0,1.0,0.0,0.0,0.0,0.0,1.0,0.0,0.0,0.0,0.0,0.0,0.0,0.0,0.0,1.0
-0.4988509476821572,-1.6577367077597074,-1.4337926786856883,1.393439630340816,-0.4726254334847508,-0.5129646883273449,1.0,0.0,0.0,0.0,0.0,0.0,1.0,0.0,0.0,0.0,0.0,0.0,0.0,0.0,1.0,0.0
-0.4988509476821572,-1.6577367077597074,-1.4337926786856883,1.393439630340816,-0.4726254334847508,-0.5278037197997157,1.0,0.0,0.0,0.0,0.0,0.0,1.0,0.0,0.0,0.0,0.0,0.0,0.0,0.0,1.0,0.0
-0.4988509476821572,0.4153136337497,-0.7699648841133037,0.6932923026628613,-1.2195224974578207,-0.510941387327909,1.0,0.0,0.0,0.0,0.0,0.0,1.0,0.0,0.0,0.0,0.0,0.0,0.0,1.0,0.0,0.0
-0.4988509476821572,0.5400337355966075,-0.669554395989266,-0.0068550250150934385,1.4142724123419521,-0.5941107715997077,0.0,0.0,0.0,1.0,0.0,0.0,1.0,0.0,0.0,0.0,0.0,0.0,0.0,1.0,0.0,0.0
-0.4988509476821572,-0.606042875969569,-0.010156800107094344,-1.407149680371003,-0.5512461770608634,-0.5061113723750201,1.0,0.0,0.0,0.0,0.0,0.0,1.0,0.0,1.0,0.0,0.0,0.0,0.0,0.0,0.0,0.0
4.1139806549590245,-1.1588563003720778,1.0866910069354423,-0.0068550250150934385,-1.534005471762271,0.5521794048424561,0.0,1.0,0.0,0.0,0.0,1.0,0.0,0.0,0.0,0.0,0.0,0.0,0.0,1.0,0.0,0.0
4.1139806549590245,-1.1588563003720778,1.0866910069354423,-0.0068550250150934385,-1.534005471762271,-0.01734101756287551,0.0,1.0,0.0,0.0,0.0,1.0,0.0,0.0,0.0,0.0,0.0,0.0,0.0,1.0,0.0,0.0
-0.4988509476821572,0.29396434546622235,-0.6975860198651602,0.6932923026628613,-1.3571087987160178,-0.515300243256556,0.0,0.0,0.0,1.0,0.0,0.0,1.0,0.0,0.0,1.0,0.0,0.0,0.0,0.0,0.0,0.0
-0.4988509476821572,0.570371057667477,0.24458774699786281,-1.407149680371003,1.6501346430702901,-0.560693137310515,0.0,0.0,0.0,1.0,0.0,0.0,1.0,0.0,0.0,0.0,0.0,0.0,0.0,0.0,1.0,0.0
-0.4988509476821572,0.570371057667477,0.24458774699786281,-1.407149680371003,1.6501346430702901,-0.4552562315901918,0.0,0.0,0.0,1.0,0.0,0.0,1.0,0.0,0.0,0.0,0.0,0.0,0.0,0.0,1.0,0.0
-0.4988509476821572,0.570371057667477,0.24458774699786281,-1.407149680371003,1.6501346430702901,-0.49769203359324715,0.0,0.0,0.0,1.0,0.0,0.0,1.0,0.0,0.0,0.0,0.0,0.0,0.0,0.0,1.0,0.0
-0.4988509476821572,0.7692490579098427,1.2476854484417212,-0.7070023526930482,1.257030925189727,-0.4822482708876362,0.0,0.0,0.0,1.0,0.0,0.0,1.0,0.0,0.0,0.0,0.0,0.0,1.0,0.0,0.0,0.0
-0.4988509476821572,-0.8015500626485049,0.03429022996849659,0.6932923026628613,0.5887546047927696,-0.5688465983185649,0.0,0.0,1.0,0.0,0.0,0.0,1.0,0.0,0.0,0.0,0.0,0.0,0.0,0.0,0.0,1.0
-0.4988509476821572,-1.3611051141778734,0.5388374131722252,1.393439630340816,-1.6715917730204684,1.1402399084088717,0.0,0.0,0.0,1.0,1.0,0.0,0.0,0.0,0.0,1.0,0.0,0.0,0.0,0.0,0.0,0.0
-0.4988509476821572,-1.3611051141778734,0.5388374131722252,1.393439630340816,-1.6715917730204684,3.754271680354227,0.0,0.0,0.0,1.0,1.0,0.0,0.0,0.0,0.0,1.0,0.0,0.0,0.0,0.0,0.0,0.0
-0.4988509476821572,-1.3948132498121728,1.0477254484713145,-0.0068550250150934385,1.5322035277061212,0.3087697393997441,1.0,0.0,0.0,0.0,0.0,1.0,0.0,0.0,1.0,0.0,0.0,0.0,0.0,0.0,0.0,0.0
1.3462816933743154,-0.22514094330198686,0.4042431499267437,0.6932923026628613,-1.612626215338384,1.9497400019136204,0.0,0.0,0.0,1.0,1.0,0.0,0.0,0.0,1.0,0.0,0.0,0.0,0.0,0.0,0.0,0.0
1.3462816933743154,-0.22514094330198686,0.4042431499267437,0.6932923026628613,-1.612626215338384,1.7661386347787207,0.0,0.0,0.0,1.0,1.0,0.0,0.0,0.0,1.0,0.0,0.0,0.0,0.0,0.0,0.0,0.0
-0.4988509476821572,-0.9262701644954123,-1.3662570960857765,-0.7070023526930482,0.19565088691220653,-0.5534820792291731,0.0,1.0,0.0,0.0,0.0,0.0,1.0,0.0,0.0,0.0,0.0,0.0,0.0,1.0,0.0,0.0
-0.4988509476821572,-0.9262701644954123,-1.3662570960857765,-0.7070023526930482,0.19565088691220653,-0.6014507205295114,0.0,1.0,0.0,0.0,0.0,0.0,1.0,0.0,0.0,0.0,0.0,0.0,0.0,1.0,0.0,0.0
-0.4988509476821572,0.3816054981154007,0.3039220083975585,-1.407149680371003,1.3356516687658395,-0.6260468760674025,0.0,0.0,0.0,1.0,0.0,0.0,1.0,0.0,0.0,0.0,0.0,1.0,0.0,0.0,0.0,0.0
-0.4988509476821572,0.6310457018092157,-1.0239911774232786,1.393439630340816,0.6870305342629104,-0.3866624167818922,1.0,0.0,0.0,0.0,0.0,0.0,0.0,1.0,0.0,0.0,0.0,0.0,0.0,1.0,0.0,0.0
1.3462816933743154,1.241162956790033,0.522166730987236,-0.7070023526930482,-1.7109021448085246,1.6065352471590415,1.0,0.0,0.0,0.0,1.0,0.0,0.0,0.0,0.0,1.0,0.0,0.0,0.0,0.0,0.0,0.0
-0.4988509476821572,-0.02289212949619102,-0.4043354110696017,1.393439630340816,-0.6102117347429479,-0.10200621731426629,0.0,0.0,0.0,1.0,0.0,0.0,0.0,1.0,0.0,0.0,1.0,0.0,0.0,0.0,0.0,0.0
-0.4988509476821572,-0.02289212949619102,-0.4043354110696017,1.393439630340816,-0.6102117347429479,-0.10498748660096621,0.0,0.0,0.0,1.0,0.0,0.0,0.0,1.0,0.0,0.0,1.0,0.0,0.0,0.0,0.0,0.0
-0.4988509476821572,-1.2094185038235266,-0.9282499191393189,-0.7070023526930482,0.5887546047927696,-0.5090230741630948,1.0,0.0,0.0,0.0,0.0,0.0,1.0,0.0,1.0,0.0,0.0,0.0,0.0,0.0,0.0,0.0
-0.4988509476821572,-0.6869424014918875,-1.3739896377493646,-0.7070023526930482,-0.04021134381613135,-0.49539795799944353,1.0,0.0,0.0,0.0,0.0,0.0,1.0,0.0,0.0,0.0,1.0,0.0,0.0,0.0,0.0,0.0
-0.4988509476821572,0.570371057667477,-0.9133870550683557,-0.7070023526930482,0.21530607280623468,-0.5157088339711473,0.0,0.0,0.0,1.0,0.0,0.0,1.0,0.0,0.0,0.0,0.0,0.0,1.0,0.0,0.0,0.0
-0.4988509476821572,0.4052011930594102,1.2744406923911529,-0.0068550250150934385,-0.04021134381613135,-0.5829936894465613,0.0,0.0,0.0,1.0,0.0,0.0,1.0,0.0,1.0,0.0,0.0,0.0,0.0,0.0,0.0,0.0
-0.4988509476821572,0.4052011930594102,1.2744406923911529,-0.0068550250150934385,-0.04021134381613135,-0.5393954018097437,0.0,0.0,0.0,1.0,0.0,0.0,1.0,0.0,1.0,0.0,0.0,0.0,0.0,0.0,0.0,0.0
-0.4988509476821572,0.128794480858156,-0.03546625370346008,1.393439630340816,-1.750212516596581,-0.5334535278194643,0.0,0.0,0.0,1.0,0.0,0.0,1.0,0.0,0.0,1.0,0.0,0.0,0.0,0.0,0.0,0.0
-0.4988509476821572,0.128794480858156,-0.03546625370346008,1.393439630340816,-1.750212516596581,-0.6010010487542584,0.0,0.0,0.0,1.0,0.0,0.0,1.0,0.0,0.0,1.0,0.0,0.0,0.0,0.0,0.0,0.0
-0.4988509476821572,0.4861007185817286,0.5397471239561767,0.6932923026628613,0.49047867532262884,-0.4807760907290225,0.0,0.0,0.0,1.0,0.0,0.0,0.0,1.0,0.0,0.0,0.0,0.0,0.0,1.0,0.0,0.0
-0.4988509476821572,1.3085792280586317,0.32385906284890437,0.6932923026628613,0.1170301433360939,-0.5387417872482815,0.0,0.0,1.0,0.0,0.0,0.0,1.0,0.0,0.0,0.0,0.0,0.0,0.0,0.0,0.0,1.0
-0.4988509476821572,0.314189226846802,-0.4427904175631446,-1.407149680371003,1.3749620405538958,-0.08231430600114309,0.0,0.0,0.0,1.0,0.0,0.0,0.0,1.0,0.0,1.0,0.0,0.0,0.0,0.0,0.0,0.0
-0.4988509476821572,0.9647562445887788,-1.0447497564091115,-1.407149680371003,-0.1581424591803003,-0.4773530302837604,1.0,0.0,0.0,0.0,0.0,0.0,1.0,0.0,0.0,0.0,0.0,0.0,1.0,0.0,0.0,0.0
-0.03756778741803903,0.6243040746823559,0.6845094938340145,0.6932923026628613,-0.9836602667294828,-0.3058498657572792,0.0,0.0,0.0,1.0,0.0,0.0,0.0,1.0,0.0,0.0,0.0,0.0,0.0,1.0,0.0,0.0
-0.4988509476821572,-1.4588587075173416,0.5754706774070897,-1.407149680371003,1.0997894380375017,-0.6309882512508453,0.0,0.0,0.0,1.0,0.0,0.0,1.0,0.0,0.0,0.0,1.0,0.0,0.0,0.0,0.0,0.0
-0.4988509476821572,-1.4588587075173416,0.5754706774070897,-1.407149680371003,1.0997894380375017,-0.5515957847422809,0.0,0.0,0.0,1.0,0.0,0.0,1.0,0.0,0.0,0.0,1.0,0.0,0.0,0.0,0.0,0.0
-0.4988509476821572,0.30070597259308224,-0.26506611625710397,0.6932923026628613,-1.6912469589144965,-0.03460182065327463,0.0,0.0,0.0,1.0,0.0,0.0,0.0,1.0,0.0,0.0,1.0,0.0,0.0,0.0,0.0,0.0
1.3462816933743154,-1.2229017580772463,1.3637965700066366,-0.7070023526930482,0.5887546047927696,1.426225744850692,0.0,0.0,0.0,1.0,1.0,0.0,0.0,0.0,0.0,0.0,0.0,0.0,0.0,0.0,0.0,1.0
1.3462816933743154,-1.2229017580772463,1.3637965700066366,-0.7070023526930482,0.5887546047927696,3.501138757257573,0.0,0.0,0.0,1.0,1.0,0.0,0.0,0.0,0.0,0.0,0.0,0.0,0.0,0.0,0.0,1.0
-0.4988509476821572,1.5984691945136056,0.7134519888392479,-0.7070023526930482,1.5322035277061212,-0.25773589987839546,0.0,0.0,0.0,1.0,0.0,0.0,0.0,1.0,1.0,0.0,0.0,0.0,0.0,0.0,0.0,0.0
-0.4988509476821572,1.5984691945136056,0.7134519888392479,-0.7070023526930482,1.5322035277061212,-0.047792392952917796,0.0,0.0,0.0,1.0,0.0,0.0,0.0,1.0,1.0,0.0,0.0,0.0,0.0,0.0,0.0,0.0
-0.4988509476821572,1.5984691945136056,0.7134519888392479,-0.7070023526930482,1.5322035277061212,-0.4537219597458036,0.0,0.0,0.0,1.0,0.0,0.0,0.0,1.0,1.0,0.0,0.0,0.0,0.0,0.0,0.0,0.0
-0.4988509476821572,1.0726222786185367,0.3837816193601605,-0.0068550250150934385,-1.3177984269279615,-0.5453413564838936,1.0,0.0,0.0,0.0,0.0,0.0,1.0,0.0,0.0,0.0,0.0,0.0,0.0,0.0,0.0,1.0
-0.4988509476821572,1.0726222786185367,0.3837816193601605,-0.0068550250150934385,-1.3177984269279615,-0.466153394263639,1.0,0.0,0.0,0.0,0.0,0.0,1.0,0.0,0.0,0.0,0.0,0.0,0.0,0.0,0.0,1.0
1.3462816933743154,-1.290318029345845,-0.7226216319500304,-0.0068550250150934385,-1.003315452623511,-0.6336224208320625,0.0,0.0,0.0,1.0,0.0,0.0,1.0,0.0,0.0,0.0,0.0,0.0,0.0,0.0,1.0,0.0
1.3462816933743154,-1.290318029345845,-0.7226216319500304,-0.0068550250150934385,-1.003315452623511,-0.6123712312437924,0.0,0.0,0.0,1.0,0.0,0.0,1.0,0.0,0.0,0.0,0.0,0.0,0.0,0.0,1.0,0.0
-0.4988509476821572,-1.5431290466030898,0.5475864173954326,-0.0068550250150934385,1.5518587136001494,-0.32798570843412134,1.0,0.0,0.0,0.0,0.0,0.0,0.0,1.0,0.0,0.0,0.0,1.0,0.0,0.0,0.0,0.0
-0.4988509476821572,-0.35323185871232415,-0.3746816243417123,-0.7070023526930482,-0.6888324783190605,-0.0626295505752553,0.0,0.0,0.0,1.0,0.0,0.0,0.0,1.0,0.0,0.0,0.0,0.0,1.0,0.0,0.0,0.0
-0.4988509476821572,-0.35323185871232415,-0.3746816243417123,-0.7070023526930482,-0.6888324783190605,-0.4095023308601193,0.0,0.0,0.0,1.0,0.0,0.0,0.0,1.0,0.0,0.0,0.0,0.0,1.0,0.0,0.0,0.0
-0.4988509476821572,1.0422849565476673,-1.0771582030873845,1.393439630340816,-0.35469431812058183,-0.6136635936192397,0.0,1.0,0.0,0.0,0.0,0.0,1.0,0.0,0.0,0.0,0.0,0.0,0.0,0.0,1.0,0.0
1.3462816933743154,0.8905983461933202,1.2715943651551413,-0.0068550250150934385,0.8049616496270794,-0.06771816336184208,1.0,0.0,0.0,0.0,0.0,1.0,0.0,0.0,1.0,0.0,0.0,0.0,0.0,0.0,0.0,0.0
1.3462816933743154,0.8905983461933202,1.2715943651551413,-0.0068550250150934385,0.8049616496270794,0.7517712549143029,1.0,0.0,0.0,0.0,0.0,1.0,0.0,0.0,1.0,0.0,0.0,0.0,0.0,0.0,0.0,0.0
3.6526974946949062,-0.9330117916222722,0.8673567200267209,1.393439630340816,0.09737495744206574,4.083195562840797,0.0,0.0,0.0,1.0,1.0,0.0,0.0,0.0,0.0,0.0,0.0,0.0,0.0,1.0,0.0,0.0
3.6526974946949062,-0.9330117916222722,0.8673567200267209,1.393439630340816,0.09737495744206574,4.493782880965386,0.0,0.0,0.0,1.0,1.0,0.0,0.0,0.0,0.0,0.0,0.0,0.0,0.0,1.0,0.0,0.0
-0.4988509476821572,-0.7712127405776356,-0.8765936631699895,0.6932923026628613,-1.514350285868243,2.430345456744689,0.0,0.0,0.0,1.0,1.0,0.0,0.0,0.0,0.0,0.0,0.0,0.0,1.0,0.0,0.0,0.0
-0.03756778741803903,-0.9566074865662817,-0.9591499168135907,1.393439630340816,-0.07952171560418766,0.9961764896977358,0.0,0.0,0.0,1.0,1.0,0.0,0.0,0.0,1.0,0.0,0.0,0.0,0.0,0.0,0.0,0.0
-0.4988509476821572,0.9175648547007598,-0.11175664225351757,-1.407149680371003,0.038409399759981276,-0.5941710090227313,0.0,0.0,0.0,1.0,0.0,0.0,1.0,0.0,0.0,0.0,0.0,0.0,0.0,0.0,1.0,0.0
-0.4988509476821572,0.9175648547007598,-0.11175664225351757,-1.407149680371003,0.038409399759981276,-0.5822507307601634,0.0,0.0,0.0,1.0,0.0,0.0,1.0,0.0,0.0,0.0,0.0,0.0,0.0,0.0,1.0,0.0
-0.4988509476821572,1.5344237368084368,1.5740778422005752,-0.7070023526930482,0.6673753483688822,-0.3873857751275229,0.0,0.0,0.0,1.0,0.0,0.0,0.0,1.0,0.0,0.0,0.0,0.0,0.0,1.0,0.0,0.0
-0.4988509476821572,0.7557658036561229,-0.939624784974876,-1.407149680371003,0.1563405151241502,-0.608007249976204,0.0,1.0,0.0,0.0,0.0,0.0,1.0,0.0,0.0,0.0,0.0,0.0,0.0,0.0,0.0,1.0
-0.4988509476821572,0.7557658036561229,-0.939624784974876,-1.407149680371003,0.1563405151241502,-0.5142056928478708,0.0,1.0,0.0,0.0,0.0,0.0,1.0,0.0,0.0,0.0,0.0,0.0,0.0,0.0,0.0,1.0
-0.4988509476821572,0.7557658036561229,-0.939624784974876,-1.407149680371003,0.1563405151241502,-0.6084783763549748,0.0,1.0,0.0,0.0,0.0,0.0,1.0,0.0,0.0,0.0,0.0,0.0,0.0,0.0,0.0,1.0
-0.4988509476821572,-0.35323185871232415,0.036772208752772505,-0.0068550250150934385,1.4535827841300084,-0.622678261738615,0.0,0.0,0.0,1.0,0.0,0.0,1.0,0.0,0.0,0.0,0.0,0.0,0.0,0.0,1.0,0.0
-0.4988509476821572,-0.35323185871232415,0.036772208752772505,-0.0068550250150934385,1.4535827841300084,-0.4719597699621332,0.0,0.0,0.0,1.0,0.0,0.0,1.0,0.0,0.0,0.0,0.0,0.0,0.0,0.0,1.0,0.0
1.3462816933743154,-1.5566123008568096,-1.3801058182878958,1.393439630340816,0.7656512778390231,1.2382081963401317,1.0,0.0,0.0,0.0,0.0,1.0,0.0,0.0,1.0,0.0,0.0,0.0,0.0,0.0,0.0,0.0
0.8849985331101973,0.6816079052606644,-1.0685147902944574,-1.407149680371003,1.276686111083755,-0.5806945211592871,0.0,0.0,0.0,1.0,0.0,0.0,1.0,0.0,0.0,0.0,0.0,0.0,0.0,0.0,0.0,1.0
0.42371537284607913,0.19958156569018462,1.1491187491387282,1.393439630340816,1.3159964828718114,-0.6046882045305289,0.0,0.0,0.0,1.0,0.0,0.0,1.0,0.0,0.0,0.0,0.0,0.0,1.0,0.0,0.0,0.0
-0.4988509476821572,0.21980644707076422,-1.3114203334087802,-0.0068550250150934385,-0.5119358052728071,-0.12613531409906867,1.0,0.0,0.0,0.0,0.0,0.0,0.0,1.0,0.0,0.0,1.0,0.0,0.0,0.0,0.0,0.0
-0.4988509476821572,-0.7273921642530464,0.5057432023698253,1.393439630340816,-0.9246947090473984,4.264298878950212,0.0,0.0,0.0,1.0,1.0,0.0,0.0,0.0,0.0,0.0,0.0,0.0,0.0,0.0,1.0,0.0
-0.4988509476821572,-0.05660026513049036,-0.3905841578800487,-1.407149680371003,-1.376763984610046,1.2220974409590573,1.0,0.0,0.0,0.0,0.0,1.0,0.0,0.0,0.0,0.0,0.0,0.0,0.0,0.0,1.0,0.0
-0.4988509476821572,-0.05660026513049036,-0.3905841578800487,-1.407149680371003,-1.376763984610046,0.24518806862684417,1.0,0.0,0.0,0.0,0.0,1.0,0.0,0.0,0.0,0.0,0.0,0.0,0.0,0.0,1.0,0.0
-0.4988509476821572,-0.07345433294764002,0.33742698146720185,-0.0068550250150934385,-0.17779764507432844,-0.29463777222543774,0.0,0.0,0.0,1.0,0.0,0.0,0.0,1.0,0.0,0.0,0.0,1.0,0.0,0.0,0.0,0.0
-0.4988509476821572,-0.07345433294764002,0.33742698146720185,-0.0068550250150934385,-0.17779764507432844,-0.3148218466588213,0.0,0.0,0.0,1.0,0.0,0.0,0.0,1.0,0.0,0.0,0.0,1.0,0.0,0.0,0.0,0.0
-0.4988509476821572,-0.35323185871232415,0.5832426708138593,-0.7070023526930482,0.9032375790972201,-0.49112156453045275,1.0,0.0,0.0,0.0,0.0,0.0,1.0,0.0,0.0,0.0,0.0,0.0,0.0,1.0,0.0,0.0
1.3462816933743154,0.3748638709885408,0.5141162546874201,-0.0068550250150934385,-0.4922806193787789,0.06545624098539926,1.0,0.0,0.0,0.0,0.0,1.0,0.0,0.0,0.0,0.0,0.0,0.0,0.0,0.0,0.0,1.0
1.3462816933743154,0.3748638709885408,0.5141162546874201,-0.0068550250150934385,-0.4922806193787789,0.5807773597348674,1.0,0.0,0.0,0.0,0.0,1.0,0.0,0.0,0.0,0.0,0.0,0.0,0.0,0.0,0.0,1.0
1.3462816933743154,0.3748638709885408,0.5141162546874201,-0.0068550250150934385,-0.4922806193787789,0.28408797437879585,1.0,0.0,0.0,0.0,0.0,1.0,0.0,0.0,0.0,0.0,0.0,0.0,0.0,0.0,0.0,1.0
1.3462816933743154,1.2580170246071827,-0.22458282602587326,-1.407149680371003,0.17599570101817838,-0.4758275139546849,1.0,0.0,0.0,0.0,0.0,0.0,1.0,0.0,0.0,1.0,0.0,0.0,0.0,0.0,0.0,0.0
1.3462816933743154,1.2580170246071827,-0.22458282602587326,-1.407149680371003,0.17599570101817838,-0.4902239968935672,1.0,0.0,0.0,0.0,0.0,0.0,1.0,0.0,0.0,1.0,0.0,0.0,0.0,0.0,0.0,0.0
-0.03756778741803903,-1.5431290466030898,1.6874725952129006,0.6932923026628613,-0.2957287604384974,-0.5915632953311837,1.0,0.0,0.0,0.0,0.0,0.0,1.0,0.0,0.0,0.0,0.0,0.0,0.0,0.0,1.0,0.0
-0.4988509476821572,-0.7813251812679254,-0.9468142849970236,-0.7070023526930482,1.2963412969777832,-0.605551500951996,0.0,0.0,0.0,1.0,0.0,0.0,1.0,0.0,0.0,0.0,0.0,0.0,0.0,0.0,1.0,0.0
1.3462816933743154,-0.7206505371261865,0.7273981800539333,-1.407149680371003,-0.09917690149821581,-0.6155961924421479,0.0,0.0,0.0,1.0,0.0,0.0,1.0,0.0,0.0,0.0,1.0,0.0,0.0,0.0,0.0,0.0
1.3462816933743154,-0.7206505371261865,0.7273981800539333,-1.407149680371003,-0.09917690149821581,-0.5078145910607436,0.0,0.0,0.0,1.0,0.0,0.0,1.0,0.0,0.0,0.0,1.0,0.0,0.0,0.0,0.0,0.0
-0.4988509476821572,0.5265504813428878,0.18375315901187975,1.393439630340816,-0.39400468990863813,-0.4419779931428206,0.0,0.0,0.0,1.0,0.0,0.0,0.0,1.0,0.0,0.0,0.0,1.0,0.0,0.0,0.0,0.0
-0.4988509476821572,0.5265504813428878,0.18375315901187975,1.393439630340816,-0.39400468990863813,-0.14045481248832256,0.0,0.0,0.0,1.0,0.0,0.0,0.0,1.0,0.0,0.0,0.0,1.0,0.0,0.0,0.0,0.0
-0.4988509476821572,-1.2060476902600967,1.129833808795266,-0.7070023526930482,-0.6495221065310042,-0.5779158431362985,0.0,0.0,0.0,1.0,0.0,0.0,1.0,0.0,0.0,1.0,0.0,0.0,0.0,0.0,0.0,0.0
-0.4988509476821572,-1.1352606054280683,0.7352618407463307,0.6932923026628613,-1.4160743563981022,-0.5255787220224729,0.0,0.0,0.0,1.0,0.0,0.0,1.0,0.0,0.0,0.0,0.0,0.0,0.0,1.0,0.0,0.0
-0.4988509476821572,-1.1352606054280683,0.7352618407463307,0.6932923026628613,-1.4160743563981022,-0.4947569968225271,0.0,0.0,0.0,1.0,0.0,0.0,1.0,0.0,0.0,0.0,0.0,0.0,0.0,1.0,0.0,0.0
-0.4988509476821572,0.46250502363771906,-1.1116773180258719,-0.7070023526930482,1.276686111083755,-0.4881210278867896,1.0,0.0,0.0,0.0,0.0,0.0,1.0,0.0,0.0,0.0,0.0,0.0,1.0,0.0,0.0,0.0
-0.4988509476821572,0.46250502363771906,-1.1116773180258719,-0.7070023526930482,1.276686111083755,-0.6203485764650832,1.0,0.0,0.0,0.0,0.0,0.0,1.0,0.0,0.0,0.0,0.0,0.0,1.0,0.0,0.0,0.0
-0.4988509476821572,1.237792143226603,-0.08817378259403943,0.6932923026628613,1.3749620405538958,-0.5558367709334636,0.0,0.0,0.0,1.0,0.0,0.0,1.0,0.0,0.0,0.0,0.0,1.0,0.0,0.0,0.0,0.0
-0.4988509476821572,1.5108280418644273,1.5544505999677434,0.6932923026628613,1.5715138994941775,-0.48071534403665184,0.0,1.0,0.0,0.0,0.0,0.0,1.0,0.0,0.0,1.0,0.0,0.0,0.0,0.0,0.0,0.0
-0.4988509476821572,-0.9802031815102913,-0.4537208711152152,1.393439630340816,0.3332371881704036,-0.04028282468507687,0.0,1.0,0.0,0.0,0.0,0.0,0.0,1.0,1.0,0.0,0.0,0.0,0.0,0.0,0.0,0.0
-0.4988509476821572,-0.9802031815102913,-0.4537208711152152,1.393439630340816,0.3332371881704036,-0.024369032488519533,0.0,1.0,0.0,0.0,0.0,0.0,0.0,1.0,1.0,0.0,0.0,0.0,0.0,0.0,0.0,0.0
2.73013117416667,-0.8521122660999539,-1.312971715192126,-0.7070023526930482,1.4339275982359803,-0.37217334475826047,1.0,0.0,0.0,0.0,0.0,0.0,0.0,1.0,0.0,0.0,0.0,0.0,1.0,0.0,0.0,0.0
-0.4988509476821572,-0.45098545205179225,0.6300370796087537,1.393439630340816,1.394617226447924,1.2562284114342948,0.0,1.0,0.0,0.0,0.0,1.0,0.0,0.0,0.0,0.0,0.0,0.0,0.0,1.0,0.0,0.0
-0.4988509476821572,-0.45098545205179225,0.6300370796087537,1.393439630340816,1.394617226447924,0.9906164110194801,0.0,1.0,0.0,0.0,0.0,1.0,0.0,0.0,0.0,0.0,0.0,0.0,0.0,1.0,0.0,0.0
1.3462816933743154,0.2771102776490727,-1.332540940155573,1.393439630340816,0.35289237406443175,0.14505833712121488,1.0,0.0,0.0,0.0,0.0,1.0,0.0,0.0,0.0,0.0,0.0,0.0,0.0,0.0,0.0,1.0
1.3462816933743154,0.2771102776490727,-1.332540940155573,1.393439630340816,0.35289237406443175,0.9782642331760523,1.0,0.0,0.0,0.0,0.0,1.0,0.0,0.0,0.0,0.0,0.0,0.0,0.0,0.0,0.0,1.0
-0.4988509476821572,-0.009408875242471285,-1.2173522931738738,-0.7070023526930482,-1.0622810103055955,-0.5949529921051201,0.0,0.0,0.0,1.0,0.0,0.0,1.0,0.0,0.0,1.0,0.0,0.0,0.0,0.0,0.0,0.0
-0.4988509476821572,-0.009408875242471285,-1.2173522931738738,-0.7070023526930482,-1.0622810103055955,-0.5153799439093686,0.0,0.0,0.0,1.0,0.0,0.0,1.0,0.0,0.0,1.0,0.0,0.0,0.0,0.0,0.0,0.0
-0.4988509476821572,-1.5633539279836692,0.523187834928406,1.393439630340816,0.7263409060509667,-0.5599938582642676,1.0,0.0,0.0,0.0,0.0,0.0,1.0,0.0,1.0,0.0,0.0,0.0,0.0,0.0,0.0,0.0
0.42371537284607913,0.15239017580216555,1.2490581370353624,-0.7070023526930482,-1.1998673115637926,-0.17079912379178977,1.0,0.0,0.0,0.0,0.0,0.0,0.0,1.0,0.0,0.0,1.0,0.0,0.0,0.0,0.0,0.0
0.42371537284607913,0.15239017580216555,1.2490581370353624,-0.7070023526930482,-1.1998673115637926,-0.018168697775520302,1.0,0.0,0.0,0.0,0.0,0.0,0.0,1.0,0.0,0.0,1.0,0.0,0.0,0.0,0.0,0.0
0.42371537284607913,0.15239017580216555,1.2490581370353624,-0.7070023526930482,-1.1998673115637926,-0.4046715258868331,1.0,0.0,0.0,0.0,0.0,0.0,0.0,1.0,0.0,0.0,1.0,0.0,0.0,0.0,0.0,0.0
1.3462816933743154,0.7625074307829828,-1.6598198377906246,1.393439630340816,-1.1015913820936518,-0.5277435411385398,0.0,0.0,0.0,1.0,0.0,0.0,1.0,0.0,0.0,0.0,1.0,0.0,0.0,0.0,0.0,0.0
-0.4988509476821572,-0.9363826051857022,1.1375280590610601,1.393439630340816,0.254616444594291,-0.5698443549058404,0.0,0.0,0.0,1.0,0.0,0.0,1.0,0.0,0.0,0.0,0.0,0.0,0.0,1.0,0.0,0.0
-0.4988509476821572,0.7726198714732726,-0.46574553036788063,1.393439630340816,0.3332371881704036,-0.0016401130115716734,0.0,0.0,0.0,1.0,0.0,0.0,0.0,1.0,0.0,1.0,0.0,0.0,0.0,0.0,0.0,0.0
-0.4988509476821572,-0.27233233319000594,0.6962092563781258,0.6932923026628613,1.276686111083755,0.41410966848402025,0.0,0.0,0.0,1.0,0.0,1.0,0.0,0.0,0.0,0.0,0.0,1.0,0.0,0.0,0.0,0.0
-0.4988509476821572,-0.2992988416974452,-1.6832077594249704,0.6932923026628613,0.7656512778390231,-0.07415259874712753,0.0,1.0,0.0,0.0,0.0,0.0,0.0,1.0,0.0,1.0,0.0,0.0,0.0,0.0,0.0,0.0
-0.4988509476821572,-0.2992988416974452,-1.6832077594249704,0.6932923026628613,0.7656512778390231,-0.26697153866163503,0.0,1.0,0.0,0.0,0.0,0.0,0.0,1.0,0.0,1.0,0.0,0.0,0.0,0.0,0.0,0.0
0.42371537284607913,0.6243040746823559,-1.0511165715513844,0.6932923026628613,-0.6102117347429479,1.1104081571159232,0.0,0.0,0.0,1.0,0.0,1.0,0.0,0.0,0.0,0.0,0.0,0.0,0.0,0.0,0.0,1.0
-0.4988509476821572,0.9141940411373298,-1.5658736338214263,-1.407149680371003,-1.6912469589144965,-0.5455737465335012,0.0,0.0,0.0,1.0,0.0,0.0,1.0,0.0,1.0,0.0,0.0,0.0,0.0,0.0,0.0,0.0
-0.4988509476821572,1.682739533599354,0.6431803118151554,-0.7070023526930482,-1.4160743563981022,-0.4532962562753327,0.0,0.0,0.0,1.0,0.0,0.0,0.0,1.0,0.0,0.0,1.0,0.0,0.0,0.0,0.0,0.0
-0.4988509476821572,-0.4981768419398113,-1.4693781510354658,0.6932923026628613,0.37254755995845995,-0.5513466410369743,0.0,0.0,0.0,1.0,0.0,0.0,1.0,0.0,0.0,0.0,0.0,0.0,1.0,0.0,0.0,0.0
-0.4988509476821572,-0.4981768419398113,-1.4693781510354658,0.6932923026628613,0.37254755995845995,-0.4578545042115365,0.0,0.0,0.0,1.0,0.0,0.0,1.0,0.0,0.0,0.0,0.0,0.0,1.0,0.0,0.0,0.0
-0.4988509476821572,-0.2757031467534359,-0.2540996919980148,-0.0068550250150934385,-0.6102117347429479,-0.14815843849376467,0.0,0.0,0.0,1.0,0.0,0.0,0.0,1.0,1.0,0.0,0.0,0.0,0.0,0.0,0.0,0.0
-0.4988509476821572,-0.2757031467534359,-0.2540996919980148,-0.0068550250150934385,-0.6102117347429479,-0.31272374182721735,0.0,0.0,0.0,1.0,0.0,0.0,0.0,1.0,1.0,0.0,0.0,0.0,0.0,0.0,0.0,0.0
-0.4988509476821572,-0.9734615543834314,1.3015742089369724,-0.0068550250150934385,0.9622031367793046,-0.33636408367892806,0.0,0.0,0.0,1.0,0.0,0.0,0.0,1.0,0.0,0.0,0.0,0.0,1.0,0.0,0.0,0.0
-0.4988509476821572,-0.9734615543834314,1.3015742089369724,-0.0068550250150934385,0.9622031367793046,-0.41117374632802917,0.0,0.0,0.0,1.0,0.0,0.0,0.0,1.0,0.0,0.0,0.0,0.0,1.0,0.0,0.0,0.0
-0.4988509476821572,-0.9734615543834314,1.3015742089369724,-0.0068550250150934385,0.9622031367793046,-0.3473678534023569,0.0,0.0,0.0,1.0,0.0,0.0,0.0,1.0,0.0,0.0,0.0,0.0,1.0,0.0,0.0,0.0
-0.4988509476821572,0.6748662781338045,1.3820267563926858,-1.407149680371003,-1.3571087987160178,-0.5059855436717346,0.0,1.0,0.0,0.0,0.0,0.0,1.0,0.0,0.0,0.0,0.0,0.0,1.0,0.0,0.0,0.0
-0.4988509476821572,1.4299285163421094,-1.4185886730707433,-0.0068550250150934385,-0.2564183886504411,3.286379612444619,0.0,0.0,0.0,1.0,1.0,0.0,0.0,0.0,0.0,0.0,0.0,1.0,0.0,0.0,0.0,0.0
-0.4988509476821572,1.4299285163421094,-1.4185886730707433,-0.0068550250150934385,-0.2564183886504411,2.5129274837028954,0.0,0.0,0.0,1.0,1.0,0.0,0.0,0.0,0.0,0.0,0.0,1.0,0.0,0.0,0.0,0.0
-0.4988509476821572,-0.3296361637683146,0.5430459858933888,-1.407149680371003,-1.1998673115637926,-0.5105232510776077,1.0,0.0,0.0,0.0,0.0,0.0,0.0,1.0,0.0,0.0,0.0,1.0,0.0,0.0,0.0,0.0
-0.4988509476821572,-1.05436107990575,-1.2973198162575315,-1.407149680371003,-1.7305573307025528,-0.4633889366078025,0.0,0.0,0.0,1.0,0.0,0.0,1.0,0.0,0.0,0.0,1.0,0.0,0.0,0.0,0.0,0.0
1.3462816933743154,-0.7004256557456071,-1.3929705676012512,-1.407149680371003,0.510133861216657,1.124991966296294,0.0,1.0,0.0,0.0,1.0,0.0,0.0,0.0,1.0,0.0,0.0,0.0,0.0,0.0,0.0,0.0
1.3462816933743154,-0.7004256557456071,-1.3929705676012512,-1.407149680371003,0.510133861216657,2.7679483792636486,0.0,1.0,0.0,0.0,1.0,0.0,0.0,0.0,1.0,0.0,0.0,0.0,0.0,0.0,0.0,0.0
1.3462816933743154,-0.7004256557456071,-1.3929705676012512,-1.407149680371003,0.510133861216657,3.493260758733521,0.0,1.0,0.0,0.0,1.0,0.0,0.0,0.0,1.0,0.0,0.0,0.0,0.0,0.0,0.0,0.0
0.42371537284607913,-1.634141012815698,0.9242797837107899,-0.7070023526930482,1.6501346430702901,2.3602380412042163,0.0,0.0,0.0,1.0,1.0,0.0,0.0,0.0,0.0,0.0,0.0,1.0,0.0,0.0,0.0,0.0
-0.4988509476821572,0.15576098936559546,-1.1557089444526687,-1.407149680371003,0.6084097906867978,-0.4003252319354132,1.0,0.0,0.0,0.0,0.0,0.0,0.0,1.0,0.0,0.0,0.0,0.0,0.0,0.0,1.0,0.0
3.1914143344307884,-0.7644711134507757,-0.6108165521188448,-0.7070023526930482,-1.7305573307025528,-0.46873950971159656,1.0,0.0,0.0,0.0,0.0,0.0,1.0,0.0,0.0,0.0,0.0,1.0,0.0,0.0,0.0,0.0
-0.4988509476821572,0.5467753627234674,-1.6792846316691794,1.393439630340816,1.0211686944613891,0.09687478415642332,1.0,0.0,0.0,0.0,0.0,1.0,0.0,0.0,1.0,0.0,0.0,0.0,0.0,0.0,0.0,0.0
-0.4988509476821572,-0.1577246720333882,0.5166655335041821,-0.7070023526930482,-0.0598665297101595,-0.5614489191379076,0.0,0.0,0.0,1.0,0.0,0.0,1.0,0.0,0.0,0.0,0.0,1.0,0.0,0.0,0.0,0.0
-0.4988509476821572,-0.1577246720333882,0.5166655335041821,-0.7070023526930482,-0.0598665297101595,-0.5748464376070888,0.0,0.0,0.0,1.0,0.0,0.0,1.0,0.0,0.0,0.0,0.0,1.0,0.0,0.0,0.0,0.0
-0.4988509476821572,-0.1577246720333882,0.5166655335041821,-0.7070023526930482,-0.0598665297101595,-0.5722117326401477,0.0,0.0,0.0,1.0,0.0,0.0,1.0,0.0,0.0,0.0,0.0,1.0,0.0,0.0,0.0,0.0
3.1914143344307884,1.1568926177042846,1.067417670045857,-0.0068550250150934385,-0.2957287604384974,-0.09298799083855593,0.0,0.0,0.0,1.0,0.0,0.0,0.0,1.0,0.0,0.0,0.0,1.0,0.0,0.0,0.0,0.0
3.1914143344307884,1.1568926177042846,1.067417670045857,-0.0068550250150934385,-0.2957287604384974,-0.1112962760976036,0.0,0.0,0.0,1.0,0.0,0.0,0.0,1.0,0.0,0.0,0.0,1.0,0.0,0.0,0.0,0.0
-0.4988509476821572,0.8939691597567502,-0.9117173180554651,-0.0068550250150934385,1.2963412969777832,-0.584719289867178,0.0,0.0,0.0,1.0,0.0,0.0,1.0,0.0,0.0,1.0,0.0,0.0,0.0,0.0,0.0,0.0
-0.4988509476821572,-0.5790763674621295,1.238463023300335,-1.407149680371003,-0.5315909911668353,-0.49006298290167627,0.0,0.0,0.0,1.0,0.0,0.0,1.0,0.0,1.0,0.0,0.0,0.0,0.0,0.0,0.0,0.0
-0.4988509476821572,-0.5790763674621295,1.238463023300335,-1.407149680371003,-0.5315909911668353,-0.5759994691124596,0.0,0.0,0.0,1.0,0.0,0.0,1.0,0.0,1.0,0.0,0.0,0.0,0.0,0.0,0.0,0.0
-0.4988509476821572,-1.3139137242898544,-1.323106171808239,-1.407149680371003,-0.45297024759072263,-0.5570530301869985,0.0,0.0,0.0,1.0,0.0,0.0,1.0,0.0,0.0,0.0,0.0,0.0,0.0,0.0,1.0,0.0
-0.4988509476821572,-1.3139137242898544,-1.323106171808239,-1.407149680371003,-0.45297024759072263,-0.46496308815952087,0.0,0.0,0.0,1.0,0.0,0.0,1.0,0.0,0.0,0.0,0.0,0.0,0.0,0.0,1.0,0.0
-0.4988509476821572,-1.3139137242898544,-1.323106171808239,-1.407149680371003,-0.45297024759072263,-0.6105423470821383,0.0,0.0,0.0,1.0,0.0,0.0,1.0,0.0,0.0,0.0,0.0,0.0,0.0,0.0,1.0,0.0
-0.4988509476821572,-1.3442510463607238,0.6716180565767422,1.393439630340816,-0.3350391322265537,-0.6267859172972845,1.0,0.0,0.0,0.0,0.0,0.0,1.0,0.0,0.0,0.0,0.0,0.0,0.0,0.0,0.0,1.0
-0.4988509476821572,0.3040767861565122,0.7304893401667483,-0.0068550250150934385,1.3749620405538958,-0.5839685876750674,0.0,0.0,0.0,1.0,0.0,0.0,1.0,0.0,0.0,0.0,0.0,0.0,0.0,0.0,1.0,0.0
-0.4988509476821572,-1.485825216024781,-1.3919169739892256,-1.407149680371003,-1.2391776833518489,2.1317170152915526,0.0,0.0,0.0,1.0,1.0,0.0,0.0,0.0,0.0,1.0,0.0,0.0,0.0,0.0,0.0,0.0
-0.4988509476821572,0.8771150919396006,-1.3664021392592383,-0.7070023526930482,1.1980653675076425,-0.5777642049236685,0.0,1.0,0.0,0.0,0.0,0.0,1.0,0.0,0.0,0.0,0.0,0.0,0.0,0.0,0.0,1.0
-0.4988509476821572,-0.6700883336747377,0.7705815940023263,1.393439630340816,0.038409399759981276,1.6344722944917771,0.0,1.0,0.0,0.0,1.0,0.0,0.0,0.0,0.0,0.0,0.0,0.0,0.0,1.0,0.0,0.0
-0.4988509476821572,-0.6700883336747377,0.7705815940023263,1.393439630340816,0.038409399759981276,1.5486317337328759,0.0,1.0,0.0,0.0,1.0,0.0,0.0,0.0,0.0,0.0,0.0,0.0,0.0,1.0,0.0,0.0
-0.4988509476821572,0.9108232275738999,-0.4068150691631022,-0.0068550250150934385,-0.5119358052728071,-0.6187272391496328,0.0,0.0,1.0,0.0,0.0,0.0,1.0,0.0,0.0,1.0,0.0,0.0,0.0,0.0,0.0,0.0
-0.4988509476821572,0.850148583432161,1.4638311062250617,0.6932923026628613,0.45116830353457255,3.7819867646007808,0.0,0.0,0.0,1.0,1.0,0.0,0.0,0.0,0.0,1.0,0.0,0.0,0.0,0.0,0.0,0.0
-0.4988509476821572,0.7962155664172821,-0.7782915226153906,-1.407149680371003,1.001513508567361,-0.5174527680882577,0.0,0.0,0.0,1.0,0.0,0.0,1.0,0.0,0.0,0.0,0.0,0.0,1.0,0.0,0.0,0.0
-0.4988509476821572,0.8602610241224509,-1.331035972187735,-1.407149680371003,-1.1802121256697644,-0.2014744732290251,1.0,0.0,0.0,0.0,0.0,0.0,0.0,1.0,0.0,0.0,0.0,0.0,0.0,0.0,0.0,1.0
-0.4988509476821572,-0.32289453664145473,-1.2896371694456141,1.393439630340816,-1.4160743563981022,-0.5068335620127903,0.0,0.0,0.0,1.0,0.0,0.0,1.0,0.0,0.0,0.0,0.0,0.0,0.0,0.0,0.0,1.0
-0.4988509476821572,-0.32289453664145473,-1.2896371694456141,1.393439630340816,-1.4160743563981022,-0.6318107865372661,0.0,0.0,0.0,1.0,0.0,0.0,1.0,0.0,0.0,0.0,0.0,0.0,0.0,0.0,0.0,1.0
-0.4988509476821572,-0.9532366730028518,1.307450197980251,-0.0068550250150934385,-0.7674532218951731,-0.4739034421287926,0.0,0.0,0.0,1.0,0.0,0.0,1.0,0.0,1.0,0.0,0.0,0.0,0.0,0.0,0.0,0.0
-0.4988509476821572,0.09508634522385666,-0.12263371991775435,-1.407149680371003,-0.8460739654712858,0.9457365731871987,0.0,0.0,0.0,1.0,0.0,1.0,0.0,0.0,0.0,0.0,1.0,0.0,0.0,0.0,0.0,0.0
-0.4988509476821572,1.4434117705958291,0.5158556124235723,-0.7070023526930482,-0.0598665297101595,-0.584370623179089,1.0,0.0,0.0,0.0,0.0,0.0,1.0,0.0,0.0,1.0,0.0,0.0,0.0,0.0,0.0,0.0
2.2688480139025518,0.4962131592720184,1.6803503952232393,-0.7070023526930482,-0.19745283096835659,-0.5424051118307478,0.0,0.0,0.0,1.0,0.0,0.0,1.0,0.0,0.0,0.0,1.0,0.0,0.0,0.0,0.0,0.0
2.2688480139025518,0.4962131592720184,1.6803503952232393,-0.7070023526930482,-0.19745283096835659,-0.6211024909715367,0.0,0.0,0.0,1.0,0.0,0.0,1.0,0.0,0.0,0.0,1.0,0.0,0.0,0.0,0.0,0.0
-0.4988509476821572,-1.0779567748497594,0.5281622356054472,0.6932923026628613,-1.7895228883846372,2.760128744312587,1.0,0.0,0.0,0.0,1.0,0.0,0.0,0.0,0.0,0.0,1.0,0.0,0.0,0.0,0.0,0.0
-0.4988509476821572,-1.0779567748497594,0.5281622356054472,0.6932923026628613,-1.7895228883846372,3.3853551306788288,1.0,0.0,0.0,0.0,1.0,0.0,0.0,0.0,0.0,0.0,1.0,0.0,0.0,0.0,0.0,0.0
-0.4988509476821572,-1.0779567748497594,0.5281622356054472,0.6932923026628613,-1.7895228883846372,4.316203858906693,1.0,0.0,0.0,0.0,1.0,0.0,0.0,0.0,0.0,0.0,1.0,0.0,0.0,0.0,0.0,0.0
1.3462816933743154,-0.22177012973855692,1.1846682507814872,-1.407149680371003,-0.6102117347429479,-0.6121393374053434,0.0,0.0,0.0,1.0,0.0,0.0,1.0,0.0,0.0,0.0,0.0,0.0,1.0,0.0,0.0,0.0
1.3462816933743154,-0.22177012973855692,1.1846682507814872,-1.407149680371003,-0.6102117347429479,-0.46120594702259676,0.0,0.0,0.0,1.0,0.0,0.0,1.0,0.0,0.0,0.0,0.0,0.0,1.0,0.0,0.0,0.0
-0.4988509476821572,0.3344141082273816,-1.5806761599322294,0.6932923026628613,0.7459960919449948,-0.43995655293522967,0.0,0.0,0.0,1.0,0.0,0.0,0.0,1.0,0.0,0.0,0.0,0.0,0.0,0.0,1.0,0.0
-0.4988509476821572,0.07486146384327706,0.3975584001482428,0.6932923026628613,-1.4750399140801866,-0.2728140659546753,0.0,0.0,0.0,1.0,0.0,0.0,0.0,1.0,0.0,0.0,0.0,0.0,1.0,0.0,0.0,0.0
-0.4988509476821572,0.07486146384327706,0.3975584001482428,0.6932923026628613,-1.4750399140801866,-0.19923498086267405,0.0,0.0,0.0,1.0,0.0,0.0,0.0,1.0,0.0,0.0,0.0,0.0,1.0,0.0,0.0,0.0
-0.4988509476821572,1.0827347193088261,-0.7365979921447958,0.6932923026628613,1.276686111083755,-0.5989860331753533,0.0,0.0,0.0,1.0,0.0,0.0,1.0,0.0,0.0,0.0,0.0,0.0,1.0,0.0,0.0,0.0
0.8849985331101973,0.7726198714732726,-1.5764733889380043,-1.407149680371003,0.49047867532262884,-0.5376906161414139,0.0,0.0,1.0,0.0,0.0,0.0,1.0,0.0,0.0,0.0,0.0,0.0,0.0,0.0,1.0,0.0
0.8849985331101973,0.7726198714732726,-1.5764733889380043,-1.407149680371003,0.49047867532262884,-0.46249085317247574,0.0,0.0,1.0,0.0,0.0,0.0,1.0,0.0,0.0,0.0,0.0,0.0,0.0,0.0,1.0,0.0
0.42371537284607913,0.41194282018627004,0.3354787615612648,-1.407149680371003,0.27427163048831915,-0.5271606105508099,0.0,1.0,0.0,0.0,0.0,0.0,1.0,0.0,0.0,0.0,0.0,0.0,0.0,1.0,0.0,0.0
-0.4988509476821572,-1.1521146732452179,-1.0795775232207252,-1.407149680371003,0.7853064637330512,-0.5685913172647169,0.0,0.0,0.0,1.0,0.0,0.0,1.0,0.0,0.0,0.0,0.0,0.0,0.0,0.0,1.0,0.0
-0.4988509476821572,-1.1521146732452179,-1.0795775232207252,-1.407149680371003,0.7853064637330512,-0.4697893684705314,0.0,0.0,0.0,1.0,0.0,0.0,1.0,0.0,0.0,0.0,0.0,0.0,0.0,0.0,1.0,0.0
-0.4988509476821572,1.1568926177042846,1.4470037774127338,1.393439630340816,-0.13848727328627214,-0.5601083785764109,0.0,1.0,0.0,0.0,0.0,0.0,1.0,0.0,0.0,1.0,0.0,0.0,0.0,0.0,0.0,0.0
-0.03756778741803903,-1.1993060631332368,1.2293786792600845,0.6932923026628613,-0.31538394633252553,-0.4643112495116791,1.0,0.0,0.0,0.0,0.0,0.0,1.0,0.0,0.0,0.0,1.0,0.0,0.0,0.0,0.0,0.0
-0.03756778741803903,-1.1993060631332368,1.2293786792600845,0.6932923026628613,-0.31538394633252553,-0.49748086962886057,1.0,0.0,0.0,0.0,0.0,0.0,1.0,0.0,0.0,0.0,1.0,0.0,0.0,0.0,0.0,0.0
-0.03756778741803903,-1.1993060631332368,1.2293786792600845,0.6932923026628613,-0.31538394633252553,-0.49443004590172374,1.0,0.0,0.0,0.0,0.0,0.0,1.0,0.0,0.0,0.0,1.0,0.0,0.0,0.0,0.0,0.0
-0.4988509476821572,-0.7880668083947853,0.4188298517954359,-0.7070023526930482,-0.8264187795772576,-0.5519971216332239,0.0,0.0,0.0,1.0,0.0,0.0,1.0,0.0,0.0,0.0,0.0,0.0,0.0,0.0,0.0,1.0
-0.4988509476821572,0.8838567190664605,0.46766994950883356,-0.0068550250150934385,-0.6102117347429479,-0.4723067325566378,1.0,0.0,0.0,0.0,0.0,0.0,0.0,1.0,0.0,0.0,0.0,0.0,0.0,0.0,1.0,0.0
-0.4988509476821572,0.8838567190664605,0.46766994950883356,-0.0068550250150934385,-0.6102117347429479,-0.10872474011697876,1.0,0.0,0.0,0.0,0.0,0.0,0.0,1.0,0.0,0.0,0.0,0.0,0.0,0.0,1.0,0.0
0.42371537284607913,-1.1858228088795173,1.694814100480836,1.393439630340816,-0.8067635936832295,3.6229374163270283,0.0,1.0,0.0,0.0,1.0,0.0,0.0,0.0,0.0,0.0,0.0,0.0,0.0,0.0,1.0,0.0
-0.4988509476821572,1.295095973804912,0.03032068839719789,0.6932923026628613,-0.2957287604384974,-0.058739790477085135,0.0,0.0,0.0,1.0,0.0,0.0,0.0,1.0,0.0,0.0,0.0,0.0,0.0,1.0,0.0,0.0
-0.4988509476821572,-1.1285189783012084,0.7705026905159632,0.6932923026628613,1.257030925189727,-0.6056571416960369,0.0,0.0,0.0,1.0,0.0,0.0,1.0,0.0,0.0,0.0,0.0,0.0,0.0,0.0,0.0,1.0
-0.4988509476821572,-1.1285189783012084,0.7705026905159632,0.6932923026628613,1.257030925189727,-0.5451333591301906,0.0,0.0,0.0,1.0,0.0,0.0,1.0,0.0,0.0,0.0,0.0,0.0,0.0,0.0,0.0,1.0
-0.4988509476821572,-1.094810842666909,-0.43992320411015445,-1.407149680371003,0.9032375790972201,-0.468668375230365,0.0,0.0,0.0,1.0,0.0,0.0,1.0,0.0,0.0,1.0,0.0,0.0,0.0,0.0,0.0,0.0
-0.4988509476821572,-1.094810842666909,-0.43992320411015445,-1.407149680371003,0.9032375790972201,-0.46151094059962944,0.0,0.0,0.0,1.0,0.0,0.0,1.0,0.0,0.0,1.0,0.0,0.0,0.0,0.0,0.0,0.0
-0.4988509476821572,0.570371057667477,-0.8089269615412685,-1.407149680371003,-0.07952171560418766,-0.2789450355709692,0.0,0.0,0.0,1.0,0.0,0.0,0.0,1.0,0.0,0.0,0.0,0.0,0.0,0.0,0.0,1.0
-0.4988509476821572,0.570371057667477,-0.8089269615412685,-1.407149680371003,-0.07952171560418766,-0.33575602260764964,0.0,0.0,0.0,1.0,0.0,0.0,0.0,1.0,0.0,0.0,0.0,0.0,0.0,0.0,0.0,1.0
-0.4988509476821572,0.570371057667477,-0.8089269615412685,-1.407149680371003,-0.07952171560418766,-0.282997592103745,0.0,0.0,0.0,1.0,0.0,0.0,0.0,1.0,0.0,0.0,0.0,0.0,0.0,0.0,0.0,1.0
-0.4988509476821572,0.19283993856332474,-0.801794318443118,-0.7070023526930482,1.7287553866464027,-0.5624166549500842,0.0,0.0,0.0,1.0,0.0,0.0,1.0,0.0,0.0,0.0,0.0,0.0,1.0,0.0,0.0,0.0
-0.4988509476821572,-1.2498682665846859,-0.09476686508691264,0.6932923026628613,-1.4750399140801866,-0.5838851327930938,1.0,0.0,0.0,0.0,0.0,0.0,1.0,0.0,0.0,0.0,0.0,0.0,1.0,0.0,0.0,0.0
-0.4988509476821572,-1.2498682665846859,-0.09476686508691264,0.6932923026628613,-1.4750399140801866,-0.5174224404457316,1.0,0.0,0.0,0.0,0.0,0.0,1.0,0.0,0.0,0.0,0.0,0.0,1.0,0.0,0.0,0.0
-0.4988509476821572,-1.2802055886555552,-0.8585955458614791,0.6932923026628613,-0.5315909911668353,-0.5941505794870018,1.0,0.0,0.0,0.0,0.0,0.0,1.0,0.0,0.0,0.0,0.0,0.0,0.0,1.0,0.0,0.0
-0.4988509476821572,-1.2802055886555552,-0.8585955458614791,0.6932923026628613,-0.5315909911668353,-0.5224739614482086,1.0,0.0,0.0,0.0,0.0,0.0,1.0,0.0,0.0,0.0,0.0,0.0,0.0,1.0,0.0,0.0
-0.4988509476821572,-1.4184089447561823,-0.8917280480616729,1.393439630340816,0.6280649765808259,-0.5387803415494905,0.0,0.0,0.0,1.0,0.0,0.0,1.0,0.0,0.0,0.0,0.0,0.0,0.0,0.0,0.0,1.0
-0.4988509476821572,-1.4184089447561823,-0.8917280480616729,1.393439630340816,0.6280649765808259,-0.5866890065905728,0.0,0.0,0.0,1.0,0.0,0.0,1.0,0.0,0.0,0.0,0.0,0.0,0.0,0.0,0.0,1.0
-0.4988509476821572,0.8467777698687311,-0.28025155634584586,-0.7070023526930482,-1.396419170504074,-0.5131214845243872,0.0,0.0,0.0,1.0,0.0,0.0,1.0,0.0,0.0,0.0,0.0,1.0,0.0,0.0,0.0,0.0
-0.4988509476821572,-1.4656003346442013,1.3244538992915085,-0.0068550250150934385,1.6697898289643183,-0.36610629497411495,1.0,0.0,0.0,0.0,0.0,0.0,0.0,1.0,0.0,0.0,1.0,0.0,0.0,0.0,0.0,0.0
-0.4988509476821572,-1.4656003346442013,1.3244538992915085,-0.0068550250150934385,1.6697898289643183,-0.32213760529464036,1.0,0.0,0.0,0.0,0.0,0.0,0.0,1.0,0.0,0.0,1.0,0.0,0.0,0.0,0.0,0.0
-0.4988509476821572,-1.4656003346442013,1.3244538992915085,-0.0068550250150934385,1.6697898289643183,-0.03841308145196362,1.0,0.0,0.0,0.0,0.0,0.0,0.0,1.0,0.0,0.0,1.0,0.0,0.0,0.0,0.0,0.0
-0.03756778741803903,1.3861079400175202,-1.3308781652150086,-0.0068550250150934385,-0.45297024759072263,-0.5973032897290187,0.0,0.0,0.0,1.0,0.0,0.0,1.0,0.0,0.0,0.0,0.0,0.0,1.0,0.0,0.0,0.0
-0.4988509476821572,0.6917203459509542,0.5502053169354563,-1.407149680371003,1.1194446239315299,-0.5302299834345487,1.0,0.0,0.0,0.0,0.0,0.0,1.0,0.0,0.0,0.0,1.0,0.0,0.0,0.0,0.0,0.0
-0.4988509476821572,0.6917203459509542,0.5502053169354563,-1.407149680371003,1.1194446239315299,-0.47695047898129755,1.0,0.0,0.0,0.0,0.0,0.0,1.0,0.0,0.0,0.0,1.0,0.0,0.0,0.0,0.0,0.0
-0.4988509476821572,1.1332969227602752,1.672108461934454,-1.407149680371003,1.6501346430702901,-0.02034168478842252,0.0,0.0,1.0,0.0,0.0,0.0,0.0,1.0,0.0,0.0,0.0,0.0,0.0,0.0,1.0,0.0
-0.4988509476821572,-0.6296385709135786,1.2920535750309492,-0.7070023526930482,1.0604790662494454,-0.5752023842352028,0.0,1.0,0.0,0.0,0.0,0.0,1.0,0.0,0.0,0.0,0.0,0.0,0.0,1.0,0.0,0.0
-0.4988509476821572,-0.9262701644954123,0.834829918118903,-0.0068550250150934385,0.13668532923012205,1.059580268770256,1.0,0.0,0.0,0.0,0.0,1.0,0.0,0.0,1.0,0.0,0.0,0.0,0.0,0.0,0.0,0.0
-0.4988509476821572,-0.5588514860815499,1.3957443595659955,1.393439630340816,-1.514350285868243,-0.4899933044084497,0.0,0.0,0.0,1.0,0.0,0.0,1.0,0.0,0.0,0.0,0.0,0.0,0.0,0.0,0.0,1.0
-0.4988509476821572,-0.5588514860815499,1.3957443595659955,1.393439630340816,-1.514350285868243,-0.5178386179677751,0.0,0.0,0.0,1.0,0.0,0.0,1.0,0.0,0.0,0.0,0.0,0.0,0.0,0.0,0.0,1.0
-0.4988509476821572,0.4557633965108592,-0.17459862776021,-1.407149680371003,-0.9443498949414265,-0.6129984225610561,0.0,0.0,0.0,1.0,0.0,0.0,1.0,0.0,0.0,0.0,0.0,0.0,1.0,0.0,0.0,0.0
-0.4988509476821572,-1.0779567748497594,0.07905751537109086,0.6932923026628613,1.5911690853882057,-0.498673656788772,1.0,0.0,0.0,0.0,0.0,0.0,1.0,0.0,0.0,0.0,1.0,0.0,0.0,0.0,0.0,0.0
-0.4988509476821572,-0.7880668083947853,1.6418315697333732,-0.0068550250150934385,0.09737495744206574,1.2043599878762001,0.0,1.0,0.0,0.0,0.0,1.0,0.0,0.0,0.0,0.0,1.0,0.0,0.0,0.0,0.0,0.0
-0.4988509476821572,-0.7880668083947853,1.6418315697333732,-0.0068550250150934385,0.09737495744206574,0.896357464726558,0.0,1.0,0.0,0.0,0.0,1.0,0.0,0.0,0.0,0.0,1.0,0.0,0.0,0.0,0.0,0.0
0.42371537284607913,-0.08356677363792964,1.3170346508825976,-1.407149680371003,-1.1015913820936518,-0.45963083569403207,0.0,0.0,0.0,1.0,0.0,0.0,1.0,0.0,0.0,1.0,0.0,0.0,0.0,0.0,0.0,0.0
3.1914143344307884,-0.8757079610439633,-1.2685165626988213,-0.0068550250150934385,1.4928931559180647,3.233376686950473,0.0,0.0,0.0,1.0,1.0,0.0,0.0,0.0,0.0,0.0,0.0,1.0,0.0,0.0,0.0,0.0
-0.4988509476821572,0.3243016675370918,1.4527660526080186,-0.0068550250150934385,1.7091002007523746,-0.43168979255565043,1.0,0.0,0.0,0.0,0.0,0.0,0.0,1.0,0.0,0.0,0.0,0.0,0.0,0.0,0.0,1.0
-0.4988509476821572,0.8602610241224509,0.8602171148562442,0.6932923026628613,-1.2981432410339333,-0.5430535096459499,0.0,0.0,0.0,1.0,0.0,0.0,1.0,0.0,0.0,0.0,0.0,0.0,0.0,0.0,1.0,0.0
-0.4988509476821572,0.5838543119211966,-0.41091689010859794,-1.407149680371003,-0.13848727328627214,-0.5800594883998978,0.0,0.0,0.0,1.0,0.0,0.0,1.0,0.0,0.0,0.0,0.0,1.0,0.0,0.0,0.0,0.0
-0.4988509476821572,0.3040767861565122,0.5653339001002012,-0.0068550250150934385,0.17599570101817838,-0.5620772661048433,0.0,1.0,0.0,0.0,0.0,0.0,1.0,0.0,0.0,1.0,0.0,0.0,0.0,0.0,0.0,0.0
-0.03756778741803903,-0.016150502369331153,-0.5631820532632604,-0.0068550250150934385,0.5690994188987415,-0.49571594447392003,0.0,0.0,0.0,1.0,0.0,0.0,1.0,0.0,0.0,0.0,0.0,0.0,0.0,1.0,0.0,0.0
-0.4988509476821572,-1.0307653849617402,1.081419557839152,-1.407149680371003,-1.1998673115637926,-0.48260460273230765,0.0,0.0,0.0,1.0,0.0,0.0,1.0,0.0,0.0,0.0,0.0,0.0,0.0,0.0,0.0,1.0
-0.4988509476821572,-1.0307653849617402,1.081419557839152,-1.407149680371003,-1.1998673115637926,-0.4944404402196788,0.0,0.0,0.0,1.0,0.0,0.0,1.0,0.0,0.0,0.0,0.0,0.0,0.0,0.0,0.0,1.0
-0.4988509476821572,1.3557706179466507,-0.8063881258329956,-0.0068550250150934385,-1.4750399140801866,-0.5501633471800194,0.0,0.0,0.0,1.0,0.0,0.0,1.0,0.0,0.0,0.0,0.0,0.0,0.0,0.0,1.0,0.0
-0.4988509476821572,1.3557706179466507,-0.8063881258329956,-0.0068550250150934385,-1.4750399140801866,-0.622771784483834,0.0,0.0,0.0,1.0,0.0,0.0,1.0,0.0,0.0,0.0,0.0,0.0,0.0,0.0,1.0,0.0
-0.4988509476821572,1.3557706179466507,-0.8063881258329956,-0.0068550250150934385,-1.4750399140801866,-0.5274625028081009,0.0,0.0,0.0,1.0,0.0,0.0,1.0,0.0,0.0,0.0,0.0,0.0,0.0,0.0,1.0,0.0
2.2688480139025518,0.8670026512493108,0.2674569942439096,-0.7070023526930482,-1.3374536128219896,-0.2384319734585908,1.0,0.0,0.0,0.0,0.0,0.0,0.0,1.0,0.0,0.0,0.0,1.0,0.0,0.0,0.0,0.0
2.2688480139025518,0.8670026512493108,0.2674569942439096,-0.7070023526930482,-1.3374536128219896,-0.20927987475474605,1.0,0.0,0.0,0.0,0.0,0.0,0.0,1.0,0.0,0.0,0.0,1.0,0.0,0.0,0.0,0.0
2.2688480139025518,0.8670026512493108,0.2674569942439096,-0.7070023526930482,-1.3374536128219896,-0.11719406564389252,1.0,0.0,0.0,0.0,0.0,0.0,0.0,1.0,0.0,0.0,0.0,1.0,0.0,0.0,0.0,0.0
-0.4988509476821572,-1.0678443341594694,1.6845868162337074,-0.7070023526930482,0.5887546047927696,-0.548015301306934,0.0,0.0,0.0,1.0,0.0,0.0,1.0,0.0,0.0,0.0,0.0,1.0,0.0,0.0,0.0,0.0
-0.4988509476821572,-0.4071648757272031,0.4043847120640423,0.6932923026628613,0.7853064637330512,3.1532930635888374,0.0,0.0,0.0,1.0,1.0,0.0,0.0,0.0,0.0,0.0,0.0,1.0,0.0,0.0,0.0,0.0
-0.4988509476821572,-1.1993060631332368,0.9087914934758601,-1.407149680371003,0.7459960919449948,1.18651642395452,1.0,0.0,0.0,0.0,0.0,1.0,0.0,0.0,0.0,0.0,0.0,0.0,1.0,0.0,0.0,0.0
-0.4988509476821572,-1.1993060631332368,0.9087914934758601,-1.407149680371003,0.7459960919449948,0.42038446098719523,1.0,0.0,0.0,0.0,0.0,1.0,0.0,0.0,0.0,0.0,0.0,0.0,1.0,0.0,0.0,0.0
0.8849985331101973,-1.0779567748497594,-0.7953219118705649,1.393439630340816,1.394617226447924,4.478914605680125,0.0,0.0,0.0,1.0,1.0,0.0,0.0,0.0,1.0,0.0,0.0,0.0,0.0,0.0,0.0,0.0
-0.4988509476821572,0.5535169898503273,1.4572995220377363,-0.7070023526930482,-1.0622810103055955,-0.028543650437231467,0.0,0.0,0.0,1.0,0.0,0.0,0.0,1.0,0.0,0.0,0.0,0.0,0.0,0.0,0.0,1.0
-0.4988509476821572,1.1602634312677147,1.5969029963218897,0.6932923026628613,1.5911690853882057,-0.5436052311634378,0.0,0.0,0.0,1.0,0.0,0.0,1.0,0.0,0.0,1.0,0.0,0.0,0.0,0.0,0.0,0.0
-0.4988509476821572,1.1602634312677147,1.5969029963218897,0.6932923026628613,1.5911690853882057,-0.5664203477419203,0.0,0.0,0.0,1.0,0.0,0.0,1.0,0.0,0.0,1.0,0.0,0.0,0.0,0.0,0.0,0.0
-0.4988509476821572,-0.40379406216377317,1.3956213629549001,1.393439630340816,1.001513508567361,0.45155269174505214,0.0,0.0,0.0,1.0,0.0,1.0,0.0,0.0,0.0,1.0,0.0,0.0,0.0,0.0,0.0,0.0
-0.4988509476821572,-0.40379406216377317,1.3956213629549001,1.393439630340816,1.001513508567361,1.0050231903399045,0.0,0.0,0.0,1.0,0.0,1.0,0.0,0.0,0.0,1.0,0.0,0.0,0.0,0.0,0.0,0.0
-0.4988509476821572,-0.40379406216377317,1.3956213629549001,1.393439630340816,1.001513508567361,1.254017268394929,0.0,0.0,0.0,1.0,0.0,1.0,0.0,0.0,0.0,1.0,0.0,0.0,0.0,0.0,0.0,0.0
-0.4988509476821572,-0.943124232312562,-1.0488504170092194,-0.0068550250150934385,0.7656512778390231,-0.5113917968908057,1.0,0.0,0.0,0.0,0.0,0.0,0.0,1.0,0.0,0.0,0.0,0.0,0.0,0.0,1.0,0.0
-0.4988509476821572,-0.943124232312562,-1.0488504170092194,-0.0068550250150934385,0.7656512778390231,-0.08088326566503877,1.0,0.0,0.0,0.0,0.0,0.0,0.0,1.0,0.0,0.0,0.0,0.0,0.0,0.0,1.0,0.0
-0.4988509476821572,-0.943124232312562,-1.0488504170092194,-0.0068550250150934385,0.7656512778390231,-0.39294344457002145,1.0,0.0,0.0,0.0,0.0,0.0,0.0,1.0,0.0,0.0,0.0,0.0,0.0,0.0,1.0,0.0
-0.4988509476821572,-1.1521146732452179,0.7958771234540397,0.6932923026628613,1.7287553866464027,-0.4742631495151617,1.0,0.0,0.0,0.0,0.0,0.0,1.0,0.0,0.0,0.0,0.0,0.0,1.0,0.0,0.0,0.0
1.8075648536384334,0.43216770156684964,1.3425471649218097,-1.407149680371003,1.5125483418120929,-0.6015164489207513,1.0,0.0,0.0,0.0,0.0,0.0,1.0,0.0,0.0,0.0,0.0,0.0,1.0,0.0,0.0,0.0
0.8849985331101973,0.9074524140104699,1.5709333061999264,1.393439630340816,-0.7674532218951731,-0.4661542299876957,1.0,0.0,0.0,0.0,0.0,0.0,0.0,1.0,1.0,0.0,0.0,0.0,0.0,0.0,0.0,0.0
0.8849985331101973,0.179356684309605,0.04175009046597666,-1.407149680371003,0.5297890471106852,-0.0035085700131289284,0.0,0.0,0.0,1.0,0.0,0.0,0.0,1.0,0.0,0.0,0.0,0.0,0.0,0.0,1.0,0.0
-0.4988509476821572,1.490603160483848,-1.3010422042612515,-0.0068550250150934385,-0.7084876642130886,0.45994504578052586,1.0,0.0,0.0,0.0,0.0,1.0,0.0,0.0,1.0,0.0,0.0,0.0,0.0,0.0,0.0,0.0
1.8075648536384334,-0.653234265857588,-0.09591908805689206,-0.0068550250150934385,-0.09917690149821581,-0.6324027142167938,1.0,0.0,0.0,0.0,0.0,0.0,1.0,0.0,0.0,1.0,0.0,0.0,0.0,0.0,0.0,0.0
2.73013117416667,-0.45098545205179225,0.49855950407461624,1.393439630340816,-0.31538394633252553,-0.5108391417128483,0.0,0.0,0.0,1.0,0.0,0.0,1.0,0.0,0.0,1.0,0.0,0.0,0.0,0.0,0.0,0.0
2.2688480139025518,0.7591366172195528,-0.07042978092543387,1.393439630340816,-0.13848727328627214,-0.6068308181972458,0.0,0.0,0.0,1.0,0.0,0.0,1.0,0.0,1.0,0.0,0.0,0.0,0.0,0.0,0.0,0.0
2.2688480139025518,0.7591366172195528,-0.07042978092543387,1.393439630340816,-0.13848727328627214,-0.4798985478240266,0.0,0.0,0.0,1.0,0.0,0.0,1.0,0.0,1.0,0.0,0.0,0.0,0.0,0.0,0.0,0.0
-0.4988509476821572,0.39845956593255033,0.5515269503320389,0.6932923026628613,-0.13848727328627214,-0.171183915958048,0.0,0.0,0.0,1.0,0.0,0.0,0.0,1.0,0.0,0.0,0.0,0.0,0.0,1.0,0.0,0.0
-0.4988509476821572,0.39845956593255033,0.5515269503320389,0.6932923026628613,-0.13848727328627214,-0.09302162873183772,0.0,0.0,0.0,1.0,0.0,0.0,0.0,1.0,0.0,0.0,0.0,0.0,0.0,1.0,0.0,0.0
-0.4988509476821572,-1.0577318934691797,-0.7837323821382844,-1.407149680371003,1.3356516687658395,0.20914447835692881,0.0,0.0,0.0,1.0,0.0,1.0,0.0,0.0,0.0,0.0,0.0,0.0,0.0,0.0,1.0,0.0
-0.4988509476821572,-0.39368162147348335,0.23457396630206986,1.393439630340816,-0.21710801686238476,-0.5058095258213884,0.0,0.0,0.0,1.0,0.0,0.0,1.0,0.0,1.0,0.0,0.0,0.0,0.0,0.0,0.0,0.0
-0.4988509476821572,-0.08356677363792964,-0.43737624598416774,-0.7070023526930482,1.4339275982359803,-0.45988847375088365,1.0,0.0,0.0,0.0,0.0,0.0,1.0,0.0,0.0,0.0,1.0,0.0,0.0,0.0,0.0,0.0
-0.4988509476821572,-0.2487366382459964,-1.5903476387386528,-1.407149680371003,-1.6519365871264402,0.46449103207783543,1.0,0.0,0.0,0.0,0.0,1.0,0.0,0.0,0.0,0.0,0.0,1.0,0.0,0.0,0.0,0.0
1.8075648536384334,-1.0611027070326098,0.3207609406637633,0.6932923026628613,-1.5929710294443558,-0.5159291386674039,1.0,0.0,0.0,0.0,0.0,0.0,1.0,0.0,0.0,0.0,0.0,0.0,0.0,1.0,0.0,0.0
1.8075648536384334,-1.0611027070326098,0.3207609406637633,0.6932923026628613,-1.5929710294443558,-0.5788748234331624,1.0,0.0,0.0,0.0,0.0,0.0,1.0,0.0,0.0,0.0,0.0,0.0,0.0,1.0,0.0,0.0
1.8075648536384334,-1.0611027070326098,0.3207609406637633,0.6932923026628613,-1.5929710294443558,-0.5728410589712123,1.0,0.0,0.0,0.0,0.0,0.0,1.0,0.0,0.0,0.0,0.0,0.0,0.0,1.0,0.0,0.0
-0.4988509476821572,1.4535242112861189,-1.6479669096553378,-0.0068550250150934385,0.9032375790972201,-0.59051245720812,0.0,0.0,0.0,1.0,0.0,0.0,1.0,0.0,0.0,0.0,0.0,0.0,0.0,1.0,0.0,0.0
-0.4988509476821572,1.4535242112861189,-1.6479669096553378,-0.0068550250150934385,0.9032375790972201,-0.46896439783197663,0.0,0.0,0.0,1.0,0.0,0.0,1.0,0.0,0.0,0.0,0.0,0.0,0.0,1.0,0.0,0.0
-0.4988509476821572,1.4535242112861189,-1.6479669096553378,-0.0068550250150934385,0.9032375790972201,-0.5307597998410195,0.0,0.0,0.0,1.0,0.0,0.0,1.0,0.0,0.0,0.0,0.0,0.0,0.0,1.0,0.0,0.0
-0.4988509476821572,0.9074524140104699,1.5367460500423193,0.6932923026628613,0.45116830353457255,-0.4660983605286871,0.0,0.0,0.0,1.0,0.0,0.0,1.0,0.0,0.0,0.0,0.0,1.0,0.0,0.0,0.0,0.0
-0.4988509476821572,0.9074524140104699,1.5367460500423193,0.6932923026628613,0.45116830353457255,-0.4538460778264105,0.0,0.0,0.0,1.0,0.0,0.0,1.0,0.0,0.0,0.0,0.0,1.0,0.0,0.0,0.0,0.0
-0.4988509476821572,0.9074524140104699,1.5367460500423193,0.6932923026628613,0.45116830353457255,-0.6006351387284061,0.0,0.0,0.0,1.0,0.0,0.0,1.0,0.0,0.0,0.0,0.0,1.0,0.0,0.0,0.0,0.0
1.3462816933743154,-0.03974619731334069,0.753430528826832,-1.407149680371003,-0.21710801686238476,-0.4881769430494575,1.0,0.0,0.0,0.0,0.0,0.0,1.0,0.0,0.0,0.0,0.0,0.0,1.0,0.0,0.0,0.0
1.8075648536384334,0.6310457018092157,1.3934596394976275,-0.0068550250150934385,-0.09917690149821581,-0.39698317143270817,1.0,0.0,0.0,0.0,0.0,0.0,0.0,1.0,0.0,0.0,0.0,0.0,0.0,0.0,1.0,0.0
1.8075648536384334,0.6310457018092157,1.3934596394976275,-0.0068550250150934385,-0.09917690149821581,-0.41030982311351966,1.0,0.0,0.0,0.0,0.0,0.0,0.0,1.0,0.0,0.0,0.0,0.0,0.0,0.0,1.0,0.0
1.8075648536384334,0.6310457018092157,1.3934596394976275,-0.0068550250150934385,-0.09917690149821581,-0.49407796449737196,1.0,0.0,0.0,0.0,0.0,0.0,0.0,1.0,0.0,0.0,0.0,0.0,0.0,0.0,1.0,0.0
1.8075648536384334,1.3625122450735105,0.34693253088318515,-0.7070023526930482,-0.9836602667294828,-0.4826321750970842,0.0,0.0,0.0,1.0,0.0,0.0,0.0,1.0,0.0,0.0,0.0,0.0,0.0,0.0,0.0,1.0
1.8075648536384334,1.3625122450735105,0.34693253088318515,-0.7070023526930482,-0.9836602667294828,-0.2707141786803567,0.0,0.0,0.0,1.0,0.0,0.0,0.0,1.0,0.0,0.0,0.0,0.0,0.0,0.0,0.0,1.0
0.8849985331101973,-1.2026768766966667,-0.8993457155318794,-0.0068550250150934385,-1.0819361961996237,-0.5673665506014487,1.0,0.0,0.0,0.0,0.0,0.0,1.0,0.0,0.0,0.0,0.0,0.0,0.0,0.0,1.0,0.0
-0.4988509476821572,-0.8184041304656546,-0.7033297295342419,-0.0068550250150934385,-0.0009009720280750351,-0.489866248235456,0.0,0.0,0.0,1.0,0.0,0.0,1.0,0.0,0.0,0.0,0.0,0.0,1.0,0.0,0.0,0.0
-0.4988509476821572,-0.8184041304656546,-0.7033297295342419,-0.0068550250150934385,-0.0009009720280750351,-0.5034100771764057,0.0,0.0,0.0,1.0,0.0,0.0,1.0,0.0,0.0,0.0,0.0,0.0,1.0,0.0,0.0,0.0
-0.4988509476821572,-0.8184041304656546,-0.7033297295342419,-0.0068550250150934385,-0.0009009720280750351,-0.5012481047454069,0.0,0.0,0.0,1.0,0.0,0.0,1.0,0.0,0.0,0.0,0.0,0.0,1.0,0.0,0.0,0.0
-0.4988509476821572,-1.53975823303966,-0.6378270720535688,1.393439630340816,1.1784101816136143,-0.45470159156759965,1.0,0.0,0.0,0.0,0.0,0.0,1.0,0.0,0.0,0.0,1.0,0.0,0.0,0.0,0.0,0.0
-0.4988509476821572,1.6557730250919145,1.3403761587014356,-0.0068550250150934385,1.257030925189727,-0.10210589046621502,0.0,1.0,0.0,0.0,0.0,0.0,0.0,1.0,0.0,0.0,0.0,0.0,0.0,0.0,0.0,1.0
-0.03756778741803903,-0.12738734996251877,0.2750143237539559,-0.0068550250150934385,-1.0819361961996237,-0.4622310670436347,1.0,0.0,0.0,0.0,0.0,0.0,0.0,1.0,0.0,0.0,0.0,0.0,0.0,0.0,0.0,1.0
-0.03756778741803903,-0.12738734996251877,0.2750143237539559,-0.0068550250150934385,-1.0819361961996237,-0.4925232957627252,1.0,0.0,0.0,0.0,0.0,0.0,0.0,1.0,0.0,0.0,0.0,0.0,0.0,0.0,0.0,1.0
2.73013117416667,-0.45098545205179225,0.962030460554003,0.6932923026628613,-1.396419170504074,-0.4869108537490425,0.0,1.0,0.0,0.0,0.0,0.0,1.0,0.0,0.0,0.0,1.0,0.0,0.0,0.0,0.0,0.0
-0.4988509476821572,-0.6734591472381677,-0.3684494092644118,1.393439630340816,1.3553068546598677,-0.15978885109054486,0.0,0.0,0.0,1.0,0.0,0.0,0.0,1.0,0.0,0.0,1.0,0.0,0.0,0.0,0.0,0.0
-0.4988509476821572,-1.0745859612863293,1.353698084097542,-0.7070023526930482,0.7459960919449948,0.004214101360073862,1.0,0.0,0.0,0.0,0.0,0.0,0.0,1.0,0.0,0.0,0.0,0.0,0.0,1.0,0.0,0.0
-0.4988509476821572,1.0085768209133679,0.7894871014040129,-0.0068550250150934385,-0.17779764507432844,-0.6168896451763254,0.0,0.0,0.0,1.0,0.0,0.0,1.0,0.0,0.0,0.0,0.0,0.0,0.0,0.0,0.0,1.0
-0.4988509476821572,1.5580194317524465,-1.1081533490834474,-0.0068550250150934385,1.257030925189727,-0.3735865345508414,0.0,0.0,0.0,1.0,0.0,0.0,0.0,1.0,0.0,0.0,1.0,0.0,0.0,0.0,0.0,0.0
1.8075648536384334,-0.26559070606314605,-1.4684324695444957,0.6932923026628613,1.001513508567361,-0.05914099678614428,0.0,0.0,0.0,1.0,0.0,0.0,0.0,1.0,0.0,0.0,0.0,0.0,0.0,0.0,0.0,1.0
1.8075648536384334,-0.26559070606314605,-1.4684324695444957,0.6932923026628613,1.001513508567361,-0.20776622831891323,0.0,0.0,0.0,1.0,0.0,0.0,0.0,1.0,0.0,0.0,0.0,0.0,0.0,0.0,0.0,1.0
1.8075648536384334,-0.26559070606314605,-1.4684324695444957,0.6932923026628613,1.001513508567361,-0.23743492854258233,0.0,0.0,0.0,1.0,0.0,0.0,0.0,1.0,0.0,0.0,0.0,0.0,0.0,0.0,0.0,1.0
-0.4988509476821572,1.5479069910621566,0.5908394520670871,0.6932923026628613,-1.7895228883846372,-0.5521474605561095,0.0,0.0,0.0,1.0,0.0,0.0,1.0,0.0,0.0,0.0,0.0,0.0,0.0,0.0,0.0,1.0
-0.4988509476821572,1.5479069910621566,0.5908394520670871,0.6932923026628613,-1.7895228883846372,-0.6159660329827045,0.0,0.0,0.0,1.0,0.0,0.0,1.0,0.0,0.0,0.0,0.0,0.0,0.0,0.0,0.0,1.0
-0.4988509476821572,1.1164428549431256,-1.5640136001649538,0.6932923026628613,0.2939268163823473,-0.5653642341107488,0.0,0.0,0.0,1.0,0.0,0.0,1.0,0.0,0.0,1.0,0.0,0.0,0.0,0.0,0.0,0.0
-0.4988509476821572,0.6108208204286362,-0.4155965630571649,-0.7070023526930482,-0.8264187795772576,0.16892336469138566,1.0,0.0,0.0,0.0,0.0,1.0,0.0,0.0,0.0,0.0,0.0,1.0,0.0,0.0,0.0,0.0
-0.4988509476821572,0.22317726063419416,-1.0578918282701255,-0.0068550250150934385,1.257030925189727,-0.510375177750407,0.0,1.0,0.0,0.0,0.0,0.0,1.0,0.0,0.0,0.0,0.0,0.0,0.0,0.0,0.0,1.0
-0.4988509476821572,0.22317726063419416,-1.0578918282701255,-0.0068550250150934385,1.257030925189727,-0.4612701606639839,0.0,1.0,0.0,0.0,0.0,0.0,1.0,0.0,0.0,0.0,0.0,0.0,0.0,0.0,0.0,1.0
-0.4988509476821572,-1.4656003346442013,-1.2661645425979668,0.6932923026628613,0.883582393203192,-0.4954697258028118,1.0,0.0,0.0,0.0,0.0,0.0,0.0,1.0,0.0,1.0,0.0,0.0,0.0,0.0,0.0,0.0
-0.4988509476821572,-1.4656003346442013,-1.2661645425979668,0.6932923026628613,0.883582393203192,-0.2784815025287447,1.0,0.0,0.0,0.0,0.0,0.0,0.0,1.0,0.0,1.0,0.0,0.0,0.0,0.0,0.0,0.0
-0.4988509476821572,-1.482454402461351,1.204760791514784,0.6932923026628613,0.7853064637330512,-0.4112969699227317,0.0,0.0,0.0,1.0,0.0,0.0,0.0,1.0,0.0,0.0,0.0,0.0,0.0,0.0,1.0,0.0
-0.4988509476821572,-1.482454402461351,1.204760791514784,0.6932923026628613,0.7853064637330512,-0.3607096982853552,0.0,0.0,0.0,1.0,0.0,0.0,0.0,1.0,0.0,0.0,0.0,0.0,0.0,0.0,1.0,0.0
-0.4988509476821572,-1.482454402461351,1.204760791514784,0.6932923026628613,0.7853064637330512,-0.029862266300428344,0.0,0.0,0.0,1.0,0.0,0.0,0.0,1.0,0.0,0.0,0.0,0.0,0.0,0.0,1.0,0.0
-0.4988509476821572,1.0928471599991159,-1.3916524152408316,1.393439630340816,-1.003315452623511,-0.516461201082277,0.0,1.0,0.0,0.0,0.0,0.0,1.0,0.0,1.0,0.0,0.0,0.0,0.0,0.0,0.0,0.0
-0.4988509476821572,1.0928471599991159,-1.3916524152408316,1.393439630340816,-1.003315452623511,-0.4871610551676084,0.0,1.0,0.0,0.0,0.0,0.0,1.0,0.0,1.0,0.0,0.0,0.0,0.0,0.0,0.0,0.0
-0.4988509476821572,1.1198136685065554,-0.7482989150342948,-0.7070023526930482,-0.4922806193787789,0.5093920829371495,0.0,0.0,0.0,1.0,0.0,1.0,0.0,0.0,0.0,0.0,0.0,0.0,0.0,1.0,0.0,0.0
-0.4988509476821572,1.1198136685065554,-0.7482989150342948,-0.7070023526930482,-0.4922806193787789,0.35740449194782986,0.0,0.0,0.0,1.0,0.0,1.0,0.0,0.0,0.0,0.0,0.0,0.0,0.0,1.0,0.0,0.0
-0.4988509476821572,-0.8622247067902438,-0.40979715680947393,-1.407149680371003,-0.8657291513653139,-0.5741519966196383,1.0,0.0,0.0,0.0,0.0,0.0,1.0,0.0,1.0,0.0,0.0,0.0,0.0,0.0,0.0,0.0
-0.4988509476821572,-0.8622247067902438,-0.40979715680947393,-1.407149680371003,-0.8657291513653139,-0.5851078950244448,1.0,0.0,0.0,0.0,0.0,0.0,1.0,0.0,1.0,0.0,0.0,0.0,0.0,0.0,0.0,0.0
-0.4988509476821572,-0.8622247067902438,-0.40979715680947393,-1.407149680371003,-0.8657291513653139,-0.5182246310746473,1.0,0.0,0.0,0.0,0.0,0.0,1.0,0.0,1.0,0.0,0.0,0.0,0.0,0.0,0.0,0.0
-0.4988509476821572,-0.5689639267718397,-0.8686650231358815,-0.7070023526930482,-0.11883208739224398,2.300795750858669,1.0,0.0,0.0,0.0,1.0,0.0,0.0,0.0,0.0,0.0,0.0,0.0,0.0,0.0,1.0,0.0
-0.4988509476821572,-0.5689639267718397,-0.8686650231358815,-0.7070023526930482,-0.11883208739224398,2.745836824817204,1.0,0.0,0.0,0.0,1.0,0.0,0.0,0.0,0.0,0.0,0.0,0.0,0.0,0.0,1.0,0.0
-0.4988509476821572,-0.5689639267718397,-0.8686650231358815,-0.7070023526930482,-0.11883208739224398,3.949145554729535,1.0,0.0,0.0,0.0,1.0,0.0,0.0,0.0,0.0,0.0,0.0,0.0,0.0,0.0,1.0,0.0
0.8849985331101973,-0.6936840286187472,0.8858282582534102,1.393439630340816,-1.3177984269279615,-0.5173055892469615,0.0,0.0,1.0,0.0,0.0,0.0,1.0,0.0,1.0,0.0,0.0,0.0,0.0,0.0,0.0,0.0
-0.4988509476821572,-1.4757127753344912,-0.1700117824426585,0.6932923026628613,-0.11883208739224398,0.8971588979805473,0.0,0.0,0.0,1.0,0.0,1.0,0.0,0.0,0.0,0.0,0.0,0.0,0.0,0.0,0.0,1.0
-0.4988509476821572,-1.4757127753344912,-0.1700117824426585,0.6932923026628613,-0.11883208739224398,0.3175044007855629,0.0,0.0,0.0,1.0,0.0,1.0,0.0,0.0,0.0,0.0,0.0,0.0,0.0,0.0,0.0,1.0
-0.4988509476821572,-1.3206553514167143,1.2110997583677523,0.6932923026628613,1.630479457176262,-0.4538560085786779,1.0,0.0,0.0,0.0,0.0,0.0,1.0,0.0,0.0,0.0,0.0,1.0,0.0,0.0,0.0,0.0
-0.4988509476821572,-1.3206553514167143,1.2110997583677523,0.6932923026628613,1.630479457176262,-0.578332223060262,1.0,0.0,0.0,0.0,0.0,0.0,1.0,0.0,0.0,0.0,0.0,1.0,0.0,0.0,0.0,0.0
-0.4988509476821572,1.0085768209133679,0.2623630779919361,0.6932923026628613,-0.1581424591803003,-0.5047496710192443,0.0,0.0,0.0,1.0,0.0,0.0,1.0,0.0,1.0,0.0,0.0,0.0,0.0,0.0,0.0,0.0
-0.4988509476821572,1.0085768209133679,0.2623630779919361,0.6932923026628613,-0.1581424591803003,-0.5344847460144784,0.0,0.0,0.0,1.0,0.0,0.0,1.0,0.0,1.0,0.0,0.0,0.0,0.0,0.0,0.0,0.0
2.73013117416667,-0.22177012973855692,0.8498772771065094,1.393439630340816,0.6280649765808259,-0.5022759212823464,0.0,0.0,0.0,1.0,0.0,0.0,0.0,1.0,0.0,1.0,0.0,0.0,0.0,0.0,0.0,0.0
2.2688480139025518,0.06811983671641719,0.887595464278867,-0.7070023526930482,0.37254755995845995,-0.29754754140163125,0.0,0.0,0.0,1.0,0.0,0.0,0.0,1.0,0.0,0.0,0.0,0.0,0.0,1.0,0.0,0.0
-0.4988509476821572,0.19621075212675468,-1.5008351144958305,1.393439630340816,-0.7871084077892013,-0.5874136903423247,0.0,0.0,0.0,1.0,0.0,0.0,1.0,0.0,0.0,1.0,0.0,0.0,0.0,0.0,0.0,0.0
-0.4988509476821572,0.19621075212675468,-1.5008351144958305,1.393439630340816,-0.7871084077892013,-0.5623763051479721,0.0,0.0,0.0,1.0,0.0,0.0,1.0,0.0,0.0,1.0,0.0,0.0,0.0,0.0,0.0,0.0
2.73013117416667,0.39845956593255033,1.5332220810998949,1.393439630340816,-1.1802121256697644,4.513178678269579,0.0,0.0,0.0,1.0,1.0,0.0,0.0,0.0,0.0,0.0,0.0,0.0,0.0,1.0,0.0,0.0
-0.4988509476821572,1.4838615333569882,-1.1752839711430543,1.393439630340816,1.1784101816136143,-0.31417062827492787,1.0,0.0,0.0,0.0,0.0,0.0,0.0,1.0,0.0,0.0,0.0,0.0,0.0,0.0,1.0,0.0
-0.4988509476821572,-1.0004280628908708,1.5660946659332455,-0.7070023526930482,0.7656512778390231,-0.5729289601663312,0.0,0.0,0.0,1.0,0.0,0.0,1.0,0.0,0.0,1.0,0.0,0.0,0.0,0.0,0.0,0.0
-0.4988509476821572,-1.0004280628908708,1.5660946659332455,-0.7070023526930482,0.7656512778390231,-0.6159315136617066,0.0,0.0,0.0,1.0,0.0,0.0,1.0,0.0,0.0,1.0,0.0,0.0,0.0,0.0,0.0,0.0
-0.4988509476821572,0.9175648547007598,-1.136425164454594,1.393439630340816,0.510133861216657,-0.5188190985718162,1.0,0.0,0.0,0.0,0.0,0.0,1.0,0.0,0.0,0.0,0.0,0.0,1.0,0.0,0.0,0.0
-0.4988509476821572,0.9175648547007598,-1.136425164454594,1.393439630340816,0.510133861216657,-0.4810238698536428,1.0,0.0,0.0,0.0,0.0,0.0,1.0,0.0,0.0,0.0,0.0,0.0,1.0,0.0,0.0,0.0
-0.4988509476821572,-0.3970524350369133,-0.010530431321931578,0.6932923026628613,1.4928931559180647,1.0310771750873735,1.0,0.0,0.0,0.0,0.0,1.0,0.0,0.0,0.0,0.0,0.0,0.0,0.0,0.0,1.0,0.0
-0.4988509476821572,-0.4745811469958018,0.170405706017244,-0.7070023526930482,0.8442720214151357,-0.4660250649172777,1.0,0.0,0.0,0.0,0.0,0.0,1.0,0.0,0.0,0.0,0.0,0.0,0.0,0.0,0.0,1.0
-0.4988509476821572,-1.0745859612863293,-1.4607672279133939,-0.0068550250150934385,0.6870305342629104,-0.5592446447056331,0.0,0.0,0.0,1.0,0.0,0.0,1.0,0.0,0.0,0.0,0.0,0.0,0.0,0.0,1.0,0.0
3.1914143344307884,-0.40379406216377317,-0.4615926542253264,-0.7070023526930482,-1.0819361961996237,0.8584917805529491,1.0,0.0,0.0,0.0,0.0,1.0,0.0,0.0,0.0,0.0,0.0,0.0,0.0,0.0,0.0,1.0
1.3462816933743154,-0.25210745180942634,-1.6927678450741752,0.6932923026628613,-1.6715917730204684,-0.5792647474674563,0.0,1.0,0.0,0.0,0.0,0.0,1.0,0.0,0.0,0.0,0.0,1.0,0.0,0.0,0.0,0.0
1.3462816933743154,-0.25210745180942634,-1.6927678450741752,0.6932923026628613,-1.6715917730204684,-0.5013010426411229,0.0,1.0,0.0,0.0,0.0,0.0,1.0,0.0,0.0,0.0,0.0,1.0,0.0,0.0,0.0,0.0
-0.4988509476821572,-0.6464926387307282,-1.0965823848773701,1.393439630340816,-0.2957287604384974,-0.22574046553176988,1.0,0.0,0.0,0.0,0.0,0.0,0.0,1.0,0.0,0.0,0.0,0.0,0.0,0.0,1.0,0.0
-0.4988509476821572,0.5535169898503273,-0.958797171815732,1.393439630340816,-0.19745283096835659,-0.20617098779295182,1.0,0.0,0.0,0.0,0.0,0.0,0.0,1.0,0.0,0.0,0.0,1.0,0.0,0.0,0.0,0.0
-0.4988509476821572,0.5535169898503273,-0.958797171815732,1.393439630340816,-0.19745283096835659,-0.331494796224469,1.0,0.0,0.0,0.0,0.0,0.0,0.0,1.0,0.0,0.0,0.0,1.0,0.0,0.0,0.0,0.0
-0.4988509476821572,1.4366701434689693,-0.2315495397335837,-0.0068550250150934385,0.05806458565400943,-0.563869815857314,0.0,0.0,0.0,1.0,0.0,0.0,1.0,0.0,0.0,1.0,0.0,0.0,0.0,0.0,0.0,0.0
-0.4988509476821572,1.4366701434689693,-0.2315495397335837,-0.0068550250150934385,0.05806458565400943,-0.6061245987238714,0.0,0.0,0.0,1.0,0.0,0.0,1.0,0.0,0.0,1.0,0.0,0.0,0.0,0.0,0.0,0.0
-0.4988509476821572,1.4366701434689693,-0.2315495397335837,-0.0068550250150934385,0.05806458565400943,-0.6231478276638737,0.0,0.0,0.0,1.0,0.0,0.0,1.0,0.0,0.0,1.0,0.0,0.0,0.0,0.0,0.0,0.0
-0.4988509476821572,-0.309411282387735,1.072831841624834,0.6932923026628613,-1.376763984610046,-0.6123740191670128,0.0,1.0,0.0,0.0,0.0,0.0,1.0,0.0,0.0,0.0,1.0,0.0,0.0,0.0,0.0,0.0
-0.4988509476821572,-1.0139113171445906,-0.0857799900592282,-1.407149680371003,-0.27607357454446924,0.1244723185911284,1.0,0.0,0.0,0.0,0.0,1.0,0.0,0.0,1.0,0.0,0.0,0.0,0.0,0.0,0.0,0.0
-0.4988509476821572,0.26699783695878293,0.020352161171524958,0.6932923026628613,-1.4357295422921303,1.6587353487021352,0.0,0.0,0.0,1.0,1.0,0.0,0.0,0.0,0.0,0.0,0.0,0.0,0.0,1.0,0.0,0.0
-0.4988509476821572,-1.155485486808648,-1.3663661685522197,-0.0068550250150934385,-1.0426258244115674,-0.29692331429313124,0.0,0.0,0.0,1.0,0.0,0.0,0.0,1.0,0.0,0.0,0.0,0.0,1.0,0.0,0.0,0.0
-0.03756778741803903,-0.7240213506896165,0.9726777898314765,-0.0068550250150934385,-1.1015913820936518,-0.5814050628930172,1.0,0.0,0.0,0.0,0.0,0.0,1.0,0.0,0.0,0.0,0.0,0.0,1.0,0.0,0.0,0.0
1.8075648536384334,1.3186916687489214,0.8632804266797545,0.6932923026628613,1.276686111083755,3.836187001917114,0.0,0.0,0.0,1.0,1.0,0.0,0.0,0.0,0.0,0.0,0.0,0.0,0.0,0.0,0.0,1.0
1.8075648536384334,1.3186916687489214,0.8632804266797545,0.6932923026628613,1.276686111083755,3.6317807806020643,0.0,0.0,0.0,1.0,1.0,0.0,0.0,0.0,0.0,0.0,0.0,0.0,0.0,0.0,0.0,1.0
1.8075648536384334,1.3186916687489214,0.8632804266797545,0.6932923026628613,1.276686111083755,3.4592420429747426,0.0,0.0,0.0,1.0,1.0,0.0,0.0,0.0,0.0,0.0,0.0,0.0,0.0,0.0,0.0,1.0
-0.4988509476821572,-1.377959181995023,1.3721208878179483,-1.407149680371003,-0.629866920636976,0.3959293991748126,1.0,0.0,0.0,0.0,0.0,1.0,0.0,0.0,0.0,0.0,0.0,0.0,0.0,0.0,1.0,0.0
-0.4988509476821572,-1.377959181995023,1.3721208878179483,-1.407149680371003,-0.629866920636976,0.09622531556977357,1.0,0.0,0.0,0.0,0.0,1.0,0.0,0.0,0.0,0.0,0.0,0.0,0.0,0.0,1.0,0.0
1.3462816933743154,0.08160309097013693,1.334056917720058,-0.0068550250150934385,1.4928931559180647,-0.5833632296487848,0.0,0.0,0.0,1.0,0.0,0.0,1.0,0.0,0.0,1.0,0.0,0.0,0.0,0.0,0.0,0.0
1.3462816933743154,0.08160309097013693,1.334056917720058,-0.0068550250150934385,1.4928931559180647,-0.6170028270241592,0.0,0.0,0.0,1.0,0.0,0.0,1.0,0.0,0.0,1.0,0.0,0.0,0.0,0.0,0.0,0.0
1.3462816933743154,0.08160309097013693,1.334056917720058,-0.0068550250150934385,1.4928931559180647,-0.5932084181367788,0.0,0.0,0.0,1.0,0.0,0.0,1.0,0.0,0.0,1.0,0.0,0.0,0.0,0.0,0.0,0.0
-0.4988509476821572,-0.2757031467534359,-1.5210436897678965,-0.7070023526930482,1.3553068546598677,-0.4519703474139224,0.0,0.0,0.0,1.0,0.0,0.0,1.0,0.0,0.0,0.0,0.0,1.0,0.0,0.0,0.0,0.0
-0.4988509476821572,1.295095973804912,-0.3194665890683278,-0.0068550250150934385,-0.0598665297101595,0.34372202422078824,1.0,0.0,0.0,0.0,0.0,1.0,0.0,0.0,0.0,0.0,0.0,1.0,0.0,0.0,0.0,0.0
1.8075648536384334,-0.9599783001297116,-1.084965006855785,-1.407149680371003,0.1170301433360939,-0.47827188929680897,1.0,0.0,0.0,0.0,0.0,0.0,0.0,1.0,0.0,0.0,0.0,0.0,0.0,0.0,1.0,0.0
0.8849985331101973,-0.08356677363792964,-0.8881739101391685,0.6932923026628613,1.4535827841300084,-0.099269149208569,1.0,0.0,0.0,0.0,0.0,0.0,0.0,1.0,0.0,0.0,0.0,0.0,0.0,1.0,0.0,0.0
-0.4988509476821572,1.574873499569596,1.4447086142358765,0.6932923026628613,-1.7109021448085246,-0.02436160237932802,1.0,0.0,0.0,0.0,0.0,0.0,0.0,1.0,0.0,0.0,0.0,1.0,0.0,0.0,0.0,0.0
-0.4988509476821572,1.574873499569596,1.4447086142358765,0.6932923026628613,-1.7109021448085246,-0.29377984924849143,1.0,0.0,0.0,0.0,0.0,0.0,0.0,1.0,0.0,0.0,0.0,1.0,0.0,0.0,0.0,0.0
-0.4988509476821572,-0.309411282387735,-1.5205911550666962,-0.0068550250150934385,-1.6912469589144965,-0.4758571168677555,0.0,1.0,0.0,0.0,0.0,0.0,1.0,0.0,0.0,0.0,0.0,0.0,0.0,0.0,1.0,0.0
1.3462816933743154,0.09508634522385666,-0.3393235796879228,-1.407149680371003,-0.31538394633252553,-0.20715621504847115,0.0,0.0,0.0,1.0,0.0,0.0,0.0,1.0,0.0,0.0,0.0,0.0,1.0,0.0,0.0,0.0
1.3462816933743154,0.09508634522385666,-0.3393235796879228,-1.407149680371003,-0.31538394633252553,-0.38517115861004686,0.0,0.0,0.0,1.0,0.0,0.0,0.0,1.0,0.0,0.0,0.0,0.0,1.0,0.0,0.0,0.0
1.3462816933743154,0.09508634522385666,-0.3393235796879228,-1.407149680371003,-0.31538394633252553,-0.07332158869644437,0.0,0.0,0.0,1.0,0.0,0.0,0.0,1.0,0.0,0.0,0.0,0.0,1.0,0.0,0.0,0.0
0.42371537284607913,0.9647562445887788,0.10843049851515844,0.6932923026628613,0.45116830353457255,3.3689012844561064,1.0,0.0,0.0,0.0,1.0,0.0,0.0,0.0,0.0,0.0,0.0,0.0,0.0,0.0,0.0,1.0
0.42371537284607913,0.9647562445887788,0.10843049851515844,0.6932923026628613,0.45116830353457255,1.1329740777563455,1.0,0.0,0.0,0.0,1.0,0.0,0.0,0.0,0.0,0.0,0.0,0.0,0.0,0.0,0.0,1.0
-0.4988509476821572,-0.5150309097569608,1.2533804236045198,-0.0068550250150934385,-1.5733158435503276,-0.2852300983393096,0.0,0.0,0.0,1.0,0.0,0.0,0.0,1.0,0.0,0.0,0.0,1.0,0.0,0.0,0.0,0.0
-0.4988509476821572,-0.5150309097569608,1.2533804236045198,-0.0068550250150934385,-1.5733158435503276,-0.28854119787735194,0.0,0.0,0.0,1.0,0.0,0.0,0.0,1.0,0.0,0.0,0.0,1.0,0.0,0.0,0.0,0.0
-0.4988509476821572,-1.0577318934691797,-1.373352608131521,1.393439630340816,-1.5733158435503276,-0.016516073040697545,1.0,0.0,0.0,0.0,0.0,0.0,0.0,1.0,0.0,1.0,0.0,0.0,0.0,0.0,0.0,0.0
-0.4988509476821572,-1.0577318934691797,-1.373352608131521,1.393439630340816,-1.5733158435503276,-0.21037254478430362,1.0,0.0,0.0,0.0,0.0,0.0,0.0,1.0,0.0,1.0,0.0,0.0,0.0,0.0,0.0,0.0
-0.4988509476821572,0.31081841328337206,-0.3539427712274704,1.393439630340816,-0.37434950401461,3.112403403323413,0.0,0.0,0.0,1.0,1.0,0.0,0.0,0.0,0.0,0.0,1.0,0.0,0.0,0.0,0.0,0.0
-0.4988509476821572,0.7422825494024032,0.983934300437489,1.393439630340816,1.139099809825558,-0.28733664528970493,0.0,1.0,0.0,0.0,0.0,0.0,0.0,1.0,0.0,0.0,1.0,0.0,0.0,0.0,0.0,0.0
-0.4988509476821572,1.3119500416220615,0.04868431450283167,0.6932923026628613,-0.8460739654712858,-0.5894231561911659,0.0,0.0,0.0,1.0,0.0,0.0,1.0,0.0,0.0,1.0,0.0,0.0,0.0,0.0,0.0,0.0
-0.4988509476821572,1.3119500416220615,0.04868431450283167,0.6932923026628613,-0.8460739654712858,-0.462715173261661,0.0,0.0,0.0,1.0,0.0,0.0,1.0,0.0,0.0,1.0,0.0,0.0,0.0,0.0,0.0,0.0
-0.4988509476821572,1.3119500416220615,0.04868431450283167,0.6932923026628613,-0.8460739654712858,-0.6019861519569881,0.0,0.0,0.0,1.0,0.0,0.0,1.0,0.0,0.0,1.0,0.0,0.0,0.0,0.0,0.0,0.0
-0.4988509476821572,-0.410535689290633,-1.443951502554943,1.393439630340816,1.6894450148583464,-0.007829596370022316,0.0,0.0,0.0,1.0,0.0,0.0,0.0,1.0,0.0,0.0,0.0,0.0,0.0,0.0,1.0,0.0
-0.4988509476821572,-1.4082965040658926,-1.4352686380188342,0.6932923026628613,-1.7305573307025528,-0.5379201529768592,0.0,0.0,0.0,1.0,0.0,0.0,1.0,0.0,0.0,0.0,0.0,1.0,0.0,0.0,0.0,0.0
-0.4988509476821572,1.5681318724427362,1.6870142587847616,-1.407149680371003,1.6894450148583464,3.4515157087796973,0.0,0.0,0.0,1.0,1.0,0.0,0.0,0.0,0.0,1.0,0.0,0.0,0.0,0.0,0.0,0.0
-0.4988509476821572,-0.19480362123111744,1.5360452014281527,-1.407149680371003,-1.750212516596581,1.039176261798985,0.0,0.0,0.0,1.0,0.0,1.0,0.0,0.0,0.0,1.0,0.0,0.0,0.0,0.0,0.0,0.0
-0.4988509476821572,0.4389093286937095,1.1179472306437361,1.393439630340816,1.0211686944613891,-0.0907189934955472,0.0,0.0,0.0,1.0,0.0,1.0,0.0,0.0,0.0,1.0,0.0,0.0,0.0,0.0,0.0,0.0
-0.4988509476821572,0.4389093286937095,1.1179472306437361,1.393439630340816,1.0211686944613891,0.3626798694738044,0.0,0.0,0.0,1.0,0.0,1.0,0.0,0.0,0.0,1.0,0.0,0.0,0.0,0.0,0.0,0.0
-0.4988509476821572,0.4389093286937095,1.1179472306437361,1.393439630340816,1.0211686944613891,0.40671173466868943,0.0,0.0,0.0,1.0,0.0,1.0,0.0,0.0,0.0,1.0,0.0,0.0,0.0,0.0,0.0,0.0
-0.03756778741803903,0.5838543119211966,1.3729482140793736,1.393439630340816,-1.534005471762271,-0.5093436069843065,0.0,1.0,0.0,0.0,0.0,0.0,1.0,0.0,0.0,0.0,0.0,0.0,1.0,0.0,0.0,0.0
-0.03756778741803903,0.5838543119211966,1.3729482140793736,1.393439630340816,-1.534005471762271,-0.5173936079657758,0.0,1.0,0.0,0.0,0.0,0.0,1.0,0.0,0.0,0.0,0.0,0.0,1.0,0.0,0.0,0.0
-0.03756778741803903,0.5838543119211966,1.3729482140793736,1.393439630340816,-1.534005471762271,-0.631185913048441,0.0,1.0,0.0,0.0,0.0,0.0,1.0,0.0,0.0,0.0,0.0,0.0,1.0,0.0,0.0,0.0
-0.4988509476821572,-0.9700907408200015,-0.9750756572596809,-1.407149680371003,0.5494442330047133,0.47281908759369756,0.0,0.0,0.0,1.0,0.0,1.0,0.0,0.0,0.0,0.0,0.0,0.0,0.0,0.0,1.0,0.0
-0.4988509476821572,0.8838567190664605,1.0066747493455017,-0.0068550250150934385,1.5125483418120929,-0.43490775456503117,0.0,0.0,0.0,1.0,0.0,0.0,0.0,1.0,0.0,0.0,0.0,1.0,0.0,0.0,0.0,0.0
-0.4988509476821572,1.0490265836745272,-0.45076779210353585,-1.407149680371003,-0.4726254334847508,-0.5654868962033507,1.0,0.0,0.0,0.0,0.0,0.0,1.0,0.0,1.0,0.0,0.0,0.0,0.0,0.0,0.0,0.0
-0.4988509476821572,1.0490265836745272,-0.45076779210353585,-1.407149680371003,-0.4726254334847508,-0.5386224549937179,1.0,0.0,0.0,0.0,0.0,0.0,1.0,0.0,1.0,0.0,0.0,0.0,0.0,0.0,0.0,0.0
-0.4988509476821572,0.20295237925361453,1.4995616217483008,1.393439630340816,-0.6495221065310042,-0.5828624024205306,0.0,0.0,0.0,1.0,0.0,0.0,1.0,0.0,0.0,0.0,0.0,0.0,1.0,0.0,0.0,0.0
-0.4988509476821572,0.20295237925361453,1.4995616217483008,1.393439630340816,-0.6495221065310042,-0.6143829692174128,0.0,0.0,0.0,1.0,0.0,0.0,1.0,0.0,0.0,0.0,0.0,0.0,1.0,0.0,0.0,0.0
2.2688480139025518,-0.012779688805901218,0.0739264680667112,-0.0068550250150934385,0.7459960919449948,-0.1930692895234623,1.0,0.0,0.0,0.0,0.0,0.0,0.0,1.0,0.0,0.0,0.0,1.0,0.0,0.0,0.0,0.0
1.8075648536384334,-1.2768347750921252,-0.6007029817197101,-0.0068550250150934385,0.5297890471106852,-0.4608465530327489,0.0,0.0,0.0,1.0,0.0,0.0,1.0,0.0,0.0,1.0,0.0,0.0,0.0,0.0,0.0,0.0
1.8075648536384334,-1.2768347750921252,-0.6007029817197101,-0.0068550250150934385,0.5297890471106852,-0.5692152179185073,0.0,0.0,0.0,1.0,0.0,0.0,1.0,0.0,0.0,1.0,0.0,0.0,0.0,0.0,0.0,0.0
-0.4988509476821572,-1.377959181995023,0.20285128374792338,-0.7070023526930482,-1.612626215338384,-0.6041556916081564,1.0,0.0,0.0,0.0,0.0,0.0,1.0,0.0,0.0,1.0,0.0,0.0,0.0,0.0,0.0,0.0
-0.4988509476821572,-1.377959181995023,0.20285128374792338,-0.7070023526930482,-1.612626215338384,-0.5166739581456467,1.0,0.0,0.0,0.0,0.0,0.0,1.0,0.0,0.0,1.0,0.0,0.0,0.0,0.0,0.0,0.0
-0.4988509476821572,-1.377959181995023,0.20285128374792338,-0.7070023526930482,-1.612626215338384,-0.4796516435980281,1.0,0.0,0.0,0.0,0.0,0.0,1.0,0.0,0.0,1.0,0.0,0.0,0.0,0.0,0.0,0.0
-0.4988509476821572,-0.5150309097569608,1.1349706578265841,0.6932923026628613,-0.3350391322265537,0.44035526255876795,0.0,0.0,0.0,1.0,0.0,1.0,0.0,0.0,1.0,0.0,0.0,0.0,0.0,0.0,0.0,0.0
-0.4988509476821572,-0.5150309097569608,1.1349706578265841,0.6932923026628613,-0.3350391322265537,1.1000460080079244,0.0,0.0,0.0,1.0,0.0,1.0,0.0,0.0,1.0,0.0,0.0,0.0,0.0,0.0,0.0,0.0
-0.4988509476821572,-0.6127845030964288,-0.6887325845570605,1.393439630340816,-0.04021134381613135,-0.042305427071434164,0.0,0.0,0.0,1.0,0.0,1.0,0.0,0.0,0.0,0.0,0.0,0.0,0.0,0.0,1.0,0.0
-0.4988509476821572,0.9816103124059284,-0.24896980503902283,-0.7070023526930482,1.2177205534016706,-0.053373919705597114,1.0,0.0,0.0,0.0,0.0,0.0,0.0,1.0,0.0,0.0,0.0,0.0,0.0,0.0,1.0,0.0
-0.4988509476821572,0.5636294305406171,1.4032796425136758,0.6932923026628613,0.7853064637330512,0.1465668386308237,0.0,0.0,0.0,1.0,0.0,1.0,0.0,0.0,0.0,0.0,1.0,0.0,0.0,0.0,0.0,0.0
1.8075648536384334,0.08497390453356686,-0.6779993897208977,1.393439630340816,-1.258832869245877,0.20826372313758998,0.0,0.0,1.0,0.0,0.0,1.0,0.0,0.0,0.0,0.0,1.0,0.0,0.0,0.0,0.0,0.0
1.8075648536384334,0.08497390453356686,-0.6779993897208977,1.393439630340816,-1.258832869245877,1.0063601856032545,0.0,0.0,1.0,0.0,0.0,1.0,0.0,0.0,0.0,0.0,1.0,0.0,0.0,0.0,0.0,0.0
-0.4988509476821572,1.6355481437113348,0.7148676102122337,0.6932923026628613,-0.5119358052728071,-0.5844724248157447,0.0,0.0,0.0,1.0,0.0,0.0,1.0,0.0,0.0,0.0,1.0,0.0,0.0,0.0,0.0,0.0
-0.4988509476821572,-0.3970524350369133,0.09577809240775097,-1.407149680371003,1.0211686944613891,2.8176610852629813,1.0,0.0,0.0,0.0,1.0,0.0,0.0,0.0,0.0,0.0,0.0,0.0,1.0,0.0,0.0,0.0
-0.4988509476821572,-0.3970524350369133,0.09577809240775097,-1.407149680371003,1.0211686944613891,1.3670479611690873,1.0,0.0,0.0,0.0,1.0,0.0,0.0,0.0,0.0,0.0,0.0,0.0,1.0,0.0,0.0,0.0
-0.4988509476821572,-1.3004304700361349,0.4369648898596941,-0.0068550250150934385,0.6280649765808259,0.016685004252305288,0.0,1.0,0.0,0.0,0.0,1.0,0.0,0.0,0.0,0.0,0.0,0.0,0.0,0.0,0.0,1.0
-0.4988509476821572,-1.3004304700361349,0.4369648898596941,-0.0068550250150934385,0.6280649765808259,0.09459470041147507,0.0,1.0,0.0,0.0,0.0,1.0,0.0,0.0,0.0,0.0,0.0,0.0,0.0,0.0,0.0,1.0
0.42371537284607913,0.0040743790112484505,0.9692315640300274,-0.7070023526930482,-0.6888324783190605,-0.5753260648664987,0.0,0.0,0.0,1.0,0.0,0.0,1.0,0.0,0.0,0.0,0.0,1.0,0.0,0.0,0.0,0.0
-0.4988509476821572,1.2849835331146222,1.3806343419274538,-1.407149680371003,1.1587549957195862,1.1472193468737204,1.0,0.0,0.0,0.0,0.0,1.0,0.0,0.0,0.0,1.0,0.0,0.0,0.0,0.0,0.0,0.0
-0.4988509476821572,1.2849835331146222,1.3806343419274538,-1.407149680371003,1.1587549957195862,0.06329289091552574,1.0,0.0,0.0,0.0,0.0,1.0,0.0,0.0,0.0,1.0,0.0,0.0,0.0,0.0,0.0,0.0
2.73013117416667,1.3288041094392113,0.5918884042975618,1.393439630340816,1.1587549957195862,-0.4841400694009331,0.0,0.0,0.0,1.0,0.0,0.0,1.0,0.0,0.0,0.0,0.0,0.0,0.0,0.0,0.0,1.0
2.73013117416667,1.3288041094392113,0.5918884042975618,1.393439630340816,1.1587549957195862,-0.4983291687209665,0.0,0.0,0.0,1.0,0.0,0.0,1.0,0.0,0.0,0.0,0.0,0.0,0.0,0.0,0.0,1.0
-0.4988509476821572,-1.624028572125408,-1.4001159744986664,-0.0068550250150934385,-1.396419170504074,0.5389719874797952,1.0,0.0,0.0,0.0,0.0,1.0,0.0,0.0,0.0,0.0,0.0,0.0,0.0,0.0,0.0,1.0
-0.03756778741803903,1.3254332958757813,-1.410313089765715,-0.7070023526930482,0.21530607280623468,-0.6129442049628783,1.0,0.0,0.0,0.0,0.0,0.0,1.0,0.0,1.0,0.0,0.0,0.0,0.0,0.0,0.0,0.0
-0.4988509476821572,-0.7476170456336261,0.10177359702596213,-0.0068550250150934385,1.1980653675076425,-0.41964693054961094,0.0,0.0,0.0,1.0,0.0,0.0,0.0,1.0,0.0,0.0,0.0,1.0,0.0,0.0,0.0,0.0
-0.4988509476821572,-0.7476170456336261,0.10177359702596213,-0.0068550250150934385,1.1980653675076425,-0.2470285053276647,0.0,0.0,0.0,1.0,0.0,0.0,0.0,1.0,0.0,0.0,0.0,1.0,0.0,0.0,0.0,0.0
-0.03756778741803903,-1.52964579234937,-0.2806553565407631,-0.7070023526930482,-0.6691772924250323,-0.560054154449139,0.0,0.0,0.0,1.0,0.0,0.0,1.0,0.0,0.0,0.0,0.0,0.0,0.0,0.0,1.0,0.0
-0.4988509476821572,0.3478973624811013,1.0804785177297325,-0.0068550250150934385,1.001513508567361,0.35573820834795555,1.0,0.0,0.0,0.0,0.0,1.0,0.0,0.0,0.0,0.0,0.0,0.0,0.0,0.0,1.0,0.0
-0.4988509476821572,0.27373946408564276,0.713251249087177,-0.0068550250150934385,1.257030925189727,-0.522270142714789,1.0,0.0,0.0,0.0,0.0,0.0,1.0,0.0,1.0,0.0,0.0,0.0,0.0,0.0,0.0,0.0
-0.4988509476821572,0.27373946408564276,0.713251249087177,-0.0068550250150934385,1.257030925189727,-0.5986263649635494,1.0,0.0,0.0,0.0,0.0,0.0,1.0,0.0,1.0,0.0,0.0,0.0,0.0,0.0,0.0,0.0
-0.4988509476821572,0.27373946408564276,0.713251249087177,-0.0068550250150934385,1.257030925189727,-0.4934055918482935,1.0,0.0,0.0,0.0,0.0,0.0,1.0,0.0,1.0,0.0,0.0,0.0,0.0,0.0,0.0,0.0
-0.4988509476821572,1.079363905745396,0.9844935869143571,-1.407149680371003,0.7853064637330512,-0.10639132673066294,0.0,1.0,0.0,0.0,0.0,0.0,0.0,1.0,0.0,0.0,0.0,0.0,0.0,1.0,0.0,0.0
1.8075648536384334,0.20295237925361453,-0.7726940164651582,0.6932923026628613,0.21530607280623468,-0.5287388231991162,1.0,0.0,0.0,0.0,0.0,0.0,1.0,0.0,0.0,0.0,0.0,0.0,0.0,0.0,0.0,1.0
-0.4988509476821572,1.6018400080770356,-0.6998637778612021,-0.7070023526930482,-0.39400468990863813,-0.567188012520744,0.0,0.0,0.0,1.0,0.0,0.0,1.0,0.0,0.0,0.0,0.0,0.0,0.0,1.0,0.0,0.0
-0.4988509476821572,1.6962227878530738,-1.398819868700613,0.6932923026628613,1.5518587136001494,-0.023759195503620652,1.0,0.0,0.0,0.0,0.0,1.0,0.0,0.0,0.0,0.0,1.0,0.0,0.0,0.0,0.0,0.0
-0.4988509476821572,1.6962227878530738,-1.398819868700613,0.6932923026628613,1.5518587136001494,1.1936348668347356,1.0,0.0,0.0,0.0,0.0,1.0,0.0,0.0,0.0,0.0,1.0,0.0,0.0,0.0,0.0,0.0
-0.4988509476821572,-1.2667223344018355,0.2761328967076922,0.6932923026628613,-0.0598665297101595,-0.4536164365254581,1.0,0.0,0.0,0.0,0.0,0.0,1.0,0.0,0.0,0.0,0.0,0.0,0.0,0.0,1.0,0.0
-0.4988509476821572,1.2040840075923038,0.7901125275679796,-1.407149680371003,-0.6691772924250323,-0.488620705994466,0.0,0.0,0.0,1.0,0.0,0.0,1.0,0.0,0.0,0.0,0.0,0.0,0.0,0.0,0.0,1.0
-0.4988509476821572,0.024299260391828052,-0.36785067104436203,-0.7070023526930482,0.254616444594291,1.9979320296426744,0.0,0.0,0.0,1.0,1.0,0.0,0.0,0.0,0.0,0.0,0.0,0.0,0.0,0.0,1.0,0.0
-0.4988509476821572,-0.35323185871232415,0.7724056569517801,1.393439630340816,1.7287553866464027,-0.5799679635575019,1.0,0.0,0.0,0.0,0.0,0.0,1.0,0.0,0.0,0.0,0.0,0.0,0.0,0.0,1.0,0.0
-0.4988509476821572,0.4052011930594102,-0.7911736771095614,0.6932923026628613,-0.45297024759072263,-0.0530233138765329,1.0,0.0,0.0,0.0,0.0,0.0,0.0,1.0,1.0,0.0,0.0,0.0,0.0,0.0,0.0,0.0
-0.4988509476821572,0.4052011930594102,-0.7911736771095614,0.6932923026628613,-0.45297024759072263,-0.2875675793513076,1.0,0.0,0.0,0.0,0.0,0.0,0.0,1.0,1.0,0.0,0.0,0.0,0.0,0.0,0.0,0.0
2.2688480139025518,1.2748710924243323,1.6479639951073322,-0.7070023526930482,-1.3177984269279615,3.906449104757205,0.0,0.0,0.0,1.0,1.0,0.0,0.0,0.0,0.0,0.0,0.0,0.0,0.0,0.0,0.0,1.0
2.2688480139025518,1.2748710924243323,1.6479639951073322,-0.7070023526930482,-1.3177984269279615,2.8613204199305025,0.0,0.0,0.0,1.0,1.0,0.0,0.0,0.0,0.0,0.0,0.0,0.0,0.0,0.0,0.0,1.0
2.2688480139025518,1.2748710924243323,1.6479639951073322,-0.7070023526930482,-1.3177984269279615,2.2143712279151555,0.0,0.0,0.0,1.0,1.0,0.0,0.0,0.0,0.0,0.0,0.0,0.0,0.0,0.0,0.0,1.0
-0.4988509476821572,-0.943124232312562,1.2768774177053088,-1.407149680371003,0.5690994188987415,1.0245523835675525,0.0,1.0,0.0,0.0,0.0,1.0,0.0,0.0,0.0,0.0,0.0,0.0,1.0,0.0,0.0,0.0
-0.4988509476821572,-0.943124232312562,1.2768774177053088,-1.407149680371003,0.5690994188987415,0.41937997943290106,0.0,1.0,0.0,0.0,0.0,1.0,0.0,0.0,0.0,0.0,0.0,0.0,1.0,0.0,0.0,0.0
-0.4988509476821572,-0.943124232312562,1.2768774177053088,-1.407149680371003,0.5690994188987415,0.9336097666171211,0.0,1.0,0.0,0.0,0.0,1.0,0.0,0.0,0.0,0.0,0.0,0.0,1.0,0.0,0.0,0.0
3.1914143344307884,-0.22514094330198686,0.10864980379343248,-0.0068550250150934385,-1.12124656798768,-0.24227136812415698,0.0,0.0,0.0,1.0,0.0,0.0,0.0,1.0,0.0,1.0,0.0,0.0,0.0,0.0,0.0,0.0
-0.4988509476821572,1.5040864147375674,-1.2495495569915869,-1.407149680371003,-1.514350285868243,0.4955871489903318,0.0,0.0,1.0,0.0,0.0,1.0,0.0,0.0,0.0,0.0,0.0,0.0,0.0,1.0,0.0,0.0
-0.4988509476821572,0.08834471809699679,-1.2495785656262792,0.6932923026628613,-0.07952171560418766,-0.21932474905953545,0.0,0.0,0.0,1.0,0.0,0.0,0.0,1.0,0.0,0.0,0.0,0.0,0.0,1.0,0.0,0.0
-0.4988509476821572,0.08834471809699679,-1.2495785656262792,0.6932923026628613,-0.07952171560418766,-0.004097801176755036,0.0,0.0,0.0,1.0,0.0,0.0,0.0,1.0,0.0,0.0,0.0,0.0,0.0,1.0,0.0,0.0
-0.4988509476821572,0.08834471809699679,-1.2495785656262792,0.6932923026628613,-0.07952171560418766,-0.3643521689409695,0.0,0.0,0.0,1.0,0.0,0.0,0.0,1.0,0.0,0.0,0.0,0.0,0.0,1.0,0.0,0.0
0.8849985331101973,0.46924665076457894,-0.3944991632181258,-0.0068550250150934385,1.394617226447924,-0.05512560385751446,0.0,0.0,0.0,1.0,0.0,0.0,0.0,1.0,0.0,0.0,0.0,0.0,0.0,0.0,1.0,0.0
-0.4988509476821572,-0.13749979065280857,0.35192201605026624,0.6932923026628613,-1.0622810103055955,-0.3760404619577697,0.0,0.0,0.0,1.0,0.0,0.0,0.0,1.0,1.0,0.0,0.0,0.0,0.0,0.0,0.0,0.0
-0.4988509476821572,-0.13749979065280857,0.35192201605026624,0.6932923026628613,-1.0622810103055955,-0.39998774958567673,0.0,0.0,0.0,1.0,0.0,0.0,0.0,1.0,1.0,0.0,0.0,0.0,0.0,0.0,0.0,0.0
-0.4988509476821572,-0.13749979065280857,0.35192201605026624,0.6932923026628613,-1.0622810103055955,-0.2642656600388972,0.0,0.0,0.0,1.0,0.0,0.0,0.0,1.0,1.0,0.0,0.0,0.0,0.0,0.0,0.0,0.0
1.3462816933743154,1.0928471599991159,-0.011861347481615766,1.393439630340816,-1.3374536128219896,-0.5161514869701429,1.0,0.0,0.0,0.0,0.0,0.0,1.0,0.0,1.0,0.0,0.0,0.0,0.0,0.0,0.0,0.0
1.3462816933743154,1.0928471599991159,-0.011861347481615766,1.393439630340816,-1.3374536128219896,-0.6062218691691571,1.0,0.0,0.0,0.0,0.0,0.0,1.0,0.0,1.0,0.0,0.0,0.0,0.0,0.0,0.0,0.0
-0.4988509476821572,0.1389069215484458,-1.597806338890745,1.393439630340816,-1.4357295422921303,0.4907957993332533,0.0,0.0,0.0,1.0,0.0,1.0,0.0,0.0,0.0,0.0,0.0,0.0,0.0,1.0,0.0,0.0
-0.4988509476821572,0.1389069215484458,-1.597806338890745,1.393439630340816,-1.4357295422921303,-0.10286202486469408,0.0,0.0,0.0,1.0,0.0,1.0,0.0,0.0,0.0,0.0,0.0,0.0,0.0,1.0,0.0,0.0
-0.4988509476821572,0.5568878034137572,-1.4605293571089168,-1.407149680371003,-0.8460739654712858,-0.48952426081072636,1.0,0.0,0.0,0.0,0.0,0.0,0.0,1.0,0.0,0.0,0.0,0.0,0.0,0.0,0.0,1.0
-0.4988509476821572,0.5568878034137572,-1.4605293571089168,-1.407149680371003,-0.8460739654712858,-0.1560763363124292,1.0,0.0,0.0,0.0,0.0,0.0,0.0,1.0,0.0,0.0,0.0,0.0,0.0,0.0,0.0,1.0
-0.4988509476821572,0.5568878034137572,-1.4605293571089168,-1.407149680371003,-0.8460739654712858,-0.35678558209354205,1.0,0.0,0.0,0.0,0.0,0.0,0.0,1.0,0.0,0.0,0.0,0.0,0.0,0.0,0.0,1.0
-0.4988509476821572,0.21980644707076422,-1.645768055145659,1.393439630340816,1.2177205534016706,-0.6126496122328948,0.0,0.0,0.0,1.0,0.0,0.0,1.0,0.0,0.0,0.0,0.0,0.0,1.0,0.0,0.0,0.0
0.8849985331101973,-1.4689711482076313,0.4436078672042381,-1.407149680371003,1.1980653675076425,-0.4980692585393358,1.0,0.0,0.0,0.0,0.0,0.0,1.0,0.0,0.0,0.0,1.0,0.0,0.0,0.0,0.0,0.0
0.8849985331101973,-1.4689711482076313,0.4436078672042381,-1.407149680371003,1.1980653675076425,-0.543291736705766,1.0,0.0,0.0,0.0,0.0,0.0,1.0,0.0,0.0,0.0,1.0,0.0,0.0,0.0,0.0,0.0
-0.4988509476821572,-1.088069215540049,-1.0932057797991825,0.6932923026628613,-1.12124656798768,-0.5415279802586861,0.0,0.0,0.0,1.0,0.0,0.0,1.0,0.0,0.0,0.0,1.0,0.0,0.0,0.0,0.0,0.0
-0.4988509476821572,-1.088069215540049,-1.0932057797991825,0.6932923026628613,-1.12124656798768,-0.6187713692972826,0.0,0.0,0.0,1.0,0.0,0.0,1.0,0.0,0.0,0.0,1.0,0.0,0.0,0.0,0.0,0.0
1.3462816933743154,-0.7004256557456071,0.25229476106292154,-0.7070023526930482,1.4142724123419521,1.141590458071766,0.0,0.0,0.0,1.0,0.0,1.0,0.0,0.0,0.0,0.0,0.0,0.0,0.0,1.0,0.0,0.0
1.3462816933743154,-0.7004256557456071,0.25229476106292154,-0.7070023526930482,1.4142724123419521,-0.12448020177935841,0.0,0.0,0.0,1.0,0.0,1.0,0.0,0.0,0.0,0.0,0.0,0.0,0.0,1.0,0.0,0.0
1.3462816933743154,-0.7004256557456071,0.25229476106292154,-0.7070023526930482,1.4142724123419521,0.19365720576761647,0.0,0.0,0.0,1.0,0.0,1.0,0.0,0.0,0.0,0.0,0.0,0.0,0.0,1.0,0.0,0.0
0.8849985331101973,-0.707167282872467,1.6299275864010279,-0.0068550250150934385,0.9818583226733327,0.59536353897643,0.0,0.0,0.0,1.0,0.0,1.0,0.0,0.0,0.0,0.0,0.0,0.0,0.0,1.0,0.0,0.0
0.8849985331101973,-0.707167282872467,1.6299275864010279,-0.0068550250150934385,0.9818583226733327,1.030174090365895,0.0,0.0,0.0,1.0,0.0,1.0,0.0,0.0,0.0,0.0,0.0,0.0,0.0,1.0,0.0,0.0
0.8849985331101973,0.6074500068652062,0.28619889294593137,1.393439630340816,-0.7084876642130886,2.0982662980820845,0.0,0.0,0.0,1.0,1.0,0.0,0.0,0.0,0.0,0.0,0.0,0.0,0.0,0.0,1.0,0.0
0.8849985331101973,0.6074500068652062,0.28619889294593137,1.393439630340816,-0.7084876642130886,1.3208338441766405,0.0,0.0,0.0,1.0,1.0,0.0,0.0,0.0,0.0,0.0,0.0,0.0,0.0,0.0,1.0,0.0
0.8849985331101973,0.6074500068652062,0.28619889294593137,1.393439630340816,-0.7084876642130886,1.8237226208641806,0.0,0.0,0.0,1.0,1.0,0.0,0.0,0.0,0.0,0.0,0.0,0.0,0.0,0.0,1.0,0.0
-0.4988509476821572,-1.6004328771813985,-0.4889118260331769,1.393439630340816,0.8246168355211075,-0.5158725836535051,1.0,0.0,0.0,0.0,0.0,0.0,0.0,1.0,1.0,0.0,0.0,0.0,0.0,0.0,0.0,0.0
-0.4988509476821572,0.8872275326298903,-0.3269252892204202,1.393439630340816,-1.1802121256697644,3.6888059088700835,0.0,0.0,0.0,1.0,1.0,0.0,0.0,0.0,0.0,0.0,0.0,0.0,0.0,0.0,0.0,1.0
-0.4988509476821572,-0.7678419270142056,1.560164140656745,-1.407149680371003,-1.2981432410339333,-0.56685196657173,0.0,0.0,0.0,1.0,0.0,0.0,1.0,0.0,0.0,0.0,0.0,0.0,1.0,0.0,0.0,0.0
2.2688480139025518,0.1186820401678662,-0.001584168382816422,-1.407149680371003,1.6697898289643183,0.3594002075243008,0.0,0.0,0.0,1.0,0.0,1.0,0.0,0.0,0.0,0.0,0.0,0.0,0.0,1.0,0.0,0.0
2.2688480139025518,0.1186820401678662,-0.001584168382816422,-1.407149680371003,1.6697898289643183,0.6847249921279799,0.0,0.0,0.0,1.0,0.0,1.0,0.0,0.0,0.0,0.0,0.0,0.0,0.0,1.0,0.0,0.0
-0.4988509476821572,-0.9330117916222722,1.5333613225464182,-0.0068550250150934385,-0.7084876642130886,2.9665243936863996,0.0,0.0,0.0,1.0,1.0,0.0,0.0,0.0,0.0,0.0,0.0,0.0,1.0,0.0,0.0,0.0
-0.4988509476821572,-0.9330117916222722,1.5333613225464182,-0.0068550250150934385,-0.7084876642130886,1.3028248264790183,0.0,0.0,0.0,1.0,1.0,0.0,0.0,0.0,0.0,0.0,0.0,0.0,1.0,0.0,0.0,0.0
-0.4988509476821572,1.3186916687489214,-1.2294976283468595,-0.7070023526930482,-1.0819361961996237,0.617660088777736,0.0,0.0,0.0,1.0,0.0,1.0,0.0,0.0,0.0,0.0,0.0,0.0,0.0,1.0,0.0,0.0
-0.4988509476821572,1.3186916687489214,-1.2294976283468595,-0.7070023526930482,-1.0819361961996237,0.7771020771889667,0.0,0.0,0.0,1.0,0.0,1.0,0.0,0.0,0.0,0.0,0.0,0.0,0.0,1.0,0.0,0.0
-0.4988509476821572,-0.16446629916024805,1.5958227147659472,0.6932923026628613,-0.7674532218951731,-0.45266060978108935,0.0,0.0,0.0,1.0,0.0,0.0,0.0,1.0,0.0,0.0,0.0,0.0,0.0,0.0,0.0,1.0
-0.4988509476821572,-0.16446629916024805,1.5958227147659472,0.6932923026628613,-0.7674532218951731,-0.42873836122941206,0.0,0.0,0.0,1.0,0.0,0.0,0.0,1.0,0.0,0.0,0.0,0.0,0.0,0.0,0.0,1.0
1.8075648536384334,1.2007131940288738,0.7383738870761241,1.393439630340816,0.17599570101817838,-0.35128571472193326,1.0,0.0,0.0,0.0,0.0,0.0,0.0,1.0,0.0,0.0,0.0,0.0,0.0,0.0,1.0,0.0
-0.4988509476821572,0.4153136337497,0.3655398295202345,1.393439630340816,-0.27607357454446924,0.519476765129233,0.0,0.0,0.0,1.0,0.0,1.0,0.0,0.0,0.0,0.0,0.0,0.0,0.0,0.0,0.0,1.0
-0.4988509476821572,0.4153136337497,0.3655398295202345,1.393439630340816,-0.27607357454446924,1.284043299414681,0.0,0.0,0.0,1.0,0.0,1.0,0.0,0.0,0.0,0.0,0.0,0.0,0.0,0.0,0.0,1.0
1.8075648536384334,-0.6768299608015976,-0.9406261630444553,1.393439630340816,-1.1015913820936518,-0.47238806548299866,0.0,0.0,0.0,1.0,0.0,0.0,1.0,0.0,0.0,0.0,0.0,0.0,0.0,0.0,1.0,0.0
-0.4988509476821572,-0.24199501111913652,-1.6280553828025213,1.393439630340816,0.17599570101817838,-0.5449798601257156,0.0,0.0,0.0,1.0,0.0,0.0,1.0,0.0,0.0,0.0,0.0,0.0,1.0,0.0,0.0,0.0
-0.4988509476821572,1.6186940758941852,1.5292977929987164,0.6932923026628613,-1.2784880551399052,-0.48856671038549077,0.0,0.0,0.0,1.0,0.0,0.0,1.0,0.0,0.0,0.0,0.0,0.0,0.0,0.0,1.0,0.0
-0.4988509476821572,1.349028990819791,-0.6814897086470791,-1.407149680371003,-1.769867702490609,-0.5453201238695783,1.0,0.0,0.0,0.0,0.0,0.0,1.0,0.0,0.0,0.0,1.0,0.0,0.0,0.0,0.0,0.0
-0.4988509476821572,1.349028990819791,-0.6814897086470791,-1.407149680371003,-1.769867702490609,-0.49730273635199584,1.0,0.0,0.0,0.0,0.0,0.0,1.0,0.0,0.0,0.0,1.0,0.0,0.0,0.0,0.0,0.0
0.8849985331101973,1.7029644149799337,-0.8436816265934575,1.393439630340816,-0.5119358052728071,0.5930925045560331,0.0,1.0,0.0,0.0,0.0,1.0,0.0,0.0,0.0,0.0,0.0,0.0,0.0,0.0,1.0,0.0
0.8849985331101973,1.7029644149799337,-0.8436816265934575,1.393439630340816,-0.5119358052728071,1.1542223880140767,0.0,1.0,0.0,0.0,0.0,1.0,0.0,0.0,0.0,0.0,0.0,0.0,0.0,0.0,1.0,0.0
0.8849985331101973,1.7029644149799337,-0.8436816265934575,1.393439630340816,-0.5119358052728071,0.7605975978407783,0.0,1.0,0.0,0.0,0.0,1.0,0.0,0.0,0.0,0.0,0.0,0.0,0.0,0.0,1.0,0.0
-0.4988509476821572,-1.6476242670694177,-0.03216971245702348,0.6932923026628613,0.3922027458524881,-0.5656741049211435,0.0,0.0,0.0,1.0,0.0,0.0,1.0,0.0,0.0,0.0,0.0,0.0,0.0,0.0,1.0,0.0
-0.4988509476821572,-1.5667247415470993,1.465876795143565,1.393439630340816,-1.4750399140801866,-0.2020640569637376,0.0,0.0,0.0,1.0,0.0,0.0,0.0,1.0,0.0,0.0,0.0,0.0,1.0,0.0,0.0,0.0
-0.4988509476821572,-1.5667247415470993,1.465876795143565,1.393439630340816,-1.4750399140801866,-0.010344466342147045,0.0,0.0,0.0,1.0,0.0,0.0,0.0,1.0,0.0,0.0,0.0,0.0,1.0,0.0,0.0,0.0
-0.4988509476821572,-1.5667247415470993,1.465876795143565,1.393439630340816,-1.4750399140801866,-0.4329749598692971,0.0,0.0,0.0,1.0,0.0,0.0,0.0,1.0,0.0,0.0,0.0,0.0,1.0,0.0,0.0,0.0
1.3462816933743154,1.1164428549431256,0.06908202607309177,0.6932923026628613,0.7853064637330512,-0.49594168137654515,0.0,0.0,0.0,1.0,0.0,0.0,1.0,0.0,1.0,0.0,0.0,0.0,0.0,0.0,0.0,0.0
1.3462816933743154,1.1164428549431256,0.06908202607309177,0.6932923026628613,0.7853064637330512,-0.49609823599710234,0.0,0.0,0.0,1.0,0.0,0.0,1.0,0.0,1.0,0.0,0.0,0.0,0.0,0.0,0.0,0.0
1.3462816933743154,1.1164428549431256,0.06908202607309177,0.6932923026628613,0.7853064637330512,-0.5882741792532888,0.0,0.0,0.0,1.0,0.0,0.0,1.0,0.0,1.0,0.0,0.0,0.0,0.0,0.0,0.0,0.0
-0.4988509476821572,-0.8622247067902438,-0.1694582976927288,-1.407149680371003,-0.2564183886504411,-0.6011602607161521,1.0,0.0,0.0,0.0,0.0,0.0,1.0,0.0,0.0,0.0,0.0,1.0,0.0,0.0,0.0,0.0
-0.4988509476821572,-0.8622247067902438,-0.1694582976927288,-1.407149680371003,-0.2564183886504411,-0.6340296796114385,1.0,0.0,0.0,0.0,0.0,0.0,1.0,0.0,0.0,0.0,0.0,1.0,0.0,0.0,0.0,0.0
-0.4988509476821572,-0.22514094330198686,-1.0340815409146595,-1.407149680371003,1.0211686944613891,-0.13499937560269643,1.0,0.0,0.0,0.0,0.0,0.0,0.0,1.0,0.0,0.0,0.0,1.0,0.0,0.0,0.0,0.0
-0.4988509476821572,0.802957193544142,0.7891738081493357,0.6932923026628613,0.23496125870026283,-0.5041391484794552,1.0,0.0,0.0,0.0,0.0,0.0,1.0,0.0,0.0,0.0,0.0,0.0,0.0,1.0,0.0,0.0
-0.4988509476821572,0.44228014225713946,0.6518921849859565,0.6932923026628613,1.0801342521434736,3.539135069018699,0.0,0.0,0.0,1.0,1.0,0.0,0.0,0.0,0.0,0.0,0.0,1.0,0.0,0.0,0.0,0.0
-0.4988509476821572,0.03441170108211786,1.2540058497684865,0.6932923026628613,-1.1998673115637926,-0.028786199757403288,1.0,0.0,0.0,0.0,0.0,0.0,0.0,1.0,0.0,0.0,0.0,0.0,0.0,0.0,0.0,1.0
-0.4988509476821572,0.03441170108211786,1.2540058497684865,0.6932923026628613,-1.1998673115637926,-0.25562884365865307,1.0,0.0,0.0,0.0,0.0,0.0,0.0,1.0,0.0,0.0,0.0,0.0,0.0,0.0,0.0,1.0
2.2688480139025518,1.4602658384129787,0.22647823653213386,-1.407149680371003,0.7066857201569385,3.8109044427067236,1.0,0.0,0.0,0.0,1.0,0.0,0.0,0.0,0.0,0.0,1.0,0.0,0.0,0.0,0.0,0.0
-0.4988509476821572,1.086105532872256,-0.08493293792621212,-0.0068550250150934385,0.7853064637330512,-0.5752528476042196,0.0,0.0,0.0,1.0,0.0,0.0,1.0,0.0,0.0,0.0,0.0,1.0,0.0,0.0,0.0,0.0
-0.4988509476821572,-0.5723347403352697,0.18361159687458117,-1.407149680371003,-0.02055615792210319,-0.47980361479446193,0.0,0.0,0.0,1.0,0.0,0.0,0.0,1.0,0.0,0.0,0.0,0.0,1.0,0.0,0.0,0.0
-0.4988509476821572,-1.4521170803904817,-0.05286563279192075,-0.0068550250150934385,-0.9640050808354547,0.8065053893209773,0.0,0.0,0.0,1.0,0.0,1.0,0.0,0.0,0.0,0.0,0.0,1.0,0.0,0.0,0.0,0.0
-0.4988509476821572,-1.4521170803904817,-0.05286563279192075,-0.0068550250150934385,-0.9640050808354547,0.7409366213759411,0.0,0.0,0.0,1.0,0.0,1.0,0.0,0.0,0.0,0.0,0.0,1.0,0.0,0.0,0.0,0.0
-0.4988509476821572,-1.5431290466030898,-0.3001189900739301,-1.407149680371003,-0.35469431812058183,-0.12213343639541813,1.0,0.0,0.0,0.0,0.0,0.0,0.0,1.0,0.0,0.0,0.0,1.0,0.0,0.0,0.0,0.0
-0.03756778741803903,-1.094810842666909,1.0113787895472104,-0.0068550250150934385,-0.8460739654712858,-0.3707093586128588,0.0,1.0,0.0,0.0,0.0,0.0,0.0,1.0,0.0,0.0,0.0,0.0,0.0,0.0,0.0,1.0
-0.4988509476821572,-1.0408778256520301,1.5849177888124057,-1.407149680371003,0.31358200227637545,-0.01822390126692122,0.0,0.0,0.0,1.0,0.0,0.0,0.0,1.0,0.0,0.0,0.0,1.0,0.0,0.0,0.0,0.0
-0.4988509476821572,-1.0408778256520301,1.5849177888124057,-1.407149680371003,0.31358200227637545,-0.18789393772052293,0.0,0.0,0.0,1.0,0.0,0.0,0.0,1.0,0.0,0.0,0.0,1.0,0.0,0.0,0.0,0.0
-0.4988509476821572,0.06137820958955732,1.5389333010981212,1.393439630340816,-0.629866920636976,0.13038879440499737,0.0,0.0,0.0,1.0,0.0,1.0,0.0,0.0,0.0,0.0,0.0,1.0,0.0,0.0,0.0,0.0
-0.4988509476821572,-1.3476218599241536,-0.7118397026075844,-0.0068550250150934385,0.038409399759981276,-0.5303362379134439,0.0,1.0,0.0,0.0,0.0,0.0,1.0,0.0,0.0,0.0,0.0,0.0,1.0,0.0,0.0,0.0
-0.4988509476821572,-1.3476218599241536,-0.7118397026075844,-0.0068550250150934385,0.038409399759981276,-0.5003027049644642,0.0,1.0,0.0,0.0,0.0,0.0,1.0,0.0,0.0,0.0,0.0,0.0,1.0,0.0,0.0,0.0
-0.4988509476821572,-0.5015476555032412,1.1221383981840842,0.6932923026628613,-0.37434950401461,0.6620714706307715,0.0,0.0,0.0,1.0,0.0,1.0,0.0,0.0,0.0,0.0,0.0,0.0,0.0,0.0,1.0,0.0
-0.4988509476821572,-0.5015476555032412,1.1221383981840842,0.6932923026628613,-0.37434950401461,0.7401160905214375,0.0,0.0,0.0,1.0,0.0,1.0,0.0,0.0,0.0,0.0,0.0,0.0,0.0,0.0,1.0,0.0
-0.4988509476821572,-0.5015476555032412,1.1221383981840842,0.6932923026628613,-0.37434950401461,-0.02189699337430019,0.0,0.0,0.0,1.0,0.0,1.0,0.0,0.0,0.0,0.0,0.0,0.0,0.0,0.0,1.0,0.0
-0.4988509476821572,1.3995911942712398,-0.591847225720835,0.6932923026628613,0.13668532923012205,-0.4594222050181923,0.0,0.0,0.0,1.0,0.0,0.0,1.0,0.0,0.0,0.0,0.0,0.0,0.0,0.0,0.0,1.0
-0.4988509476821572,1.3995911942712398,-0.591847225720835,0.6932923026628613,0.13668532923012205,-0.5510971447605812,0.0,0.0,0.0,1.0,0.0,0.0,1.0,0.0,0.0,0.0,0.0,0.0,0.0,0.0,0.0,1.0
0.8849985331101973,-1.6408826399425578,1.1491175887933407,0.6932923026628613,1.630479457176262,-0.13327157487733668,0.0,0.0,0.0,1.0,0.0,0.0,0.0,1.0,0.0,0.0,1.0,0.0,0.0,0.0,0.0,0.0
0.8849985331101973,-1.6408826399425578,1.1491175887933407,0.6932923026628613,1.630479457176262,-0.3907265951023313,0.0,0.0,0.0,1.0,0.0,0.0,0.0,1.0,0.0,0.0,1.0,0.0,0.0,0.0,0.0,0.0
-0.4988509476821572,1.4029620078346698,0.24993577888974114,-1.407149680371003,-1.258832869245877,-0.5223511165409693,0.0,0.0,0.0,1.0,0.0,0.0,1.0,0.0,0.0,0.0,0.0,0.0,1.0,0.0,0.0,0.0
-0.4988509476821572,1.4029620078346698,0.24993577888974114,-1.407149680371003,-1.258832869245877,-0.6261393149829855,0.0,0.0,0.0,1.0,0.0,0.0,1.0,0.0,0.0,0.0,0.0,0.0,1.0,0.0,0.0,0.0
-0.4988509476821572,1.4029620078346698,0.24993577888974114,-1.407149680371003,-1.258832869245877,-0.614256487604708,0.0,0.0,0.0,1.0,0.0,0.0,1.0,0.0,0.0,0.0,0.0,0.0,1.0,0.0,0.0,0.0
0.42371537284607913,-1.290318029345845,0.5263080036759132,-1.407149680371003,-1.1015913820936518,0.02979507934964427,0.0,1.0,0.0,0.0,0.0,1.0,0.0,0.0,0.0,1.0,0.0,0.0,0.0,0.0,0.0,0.0
-0.4988509476821572,-0.36671511296604387,-0.8033735485157685,1.393439630340816,0.6477201624748541,1.0142206861548693,0.0,0.0,0.0,1.0,0.0,1.0,0.0,0.0,0.0,0.0,0.0,0.0,0.0,0.0,0.0,1.0
-0.4988509476821572,-0.36671511296604387,-0.8033735485157685,1.393439630340816,0.6477201624748541,0.9174997359655023,0.0,0.0,0.0,1.0,0.0,1.0,0.0,0.0,0.0,0.0,0.0,0.0,0.0,0.0,0.0,1.0
-0.4988509476821572,1.5074572283009975,-0.2547216371258184,-0.0068550250150934385,0.9622031367793046,0.8257390039254187,1.0,0.0,0.0,0.0,0.0,1.0,0.0,0.0,0.0,0.0,0.0,0.0,1.0,0.0,0.0,0.0
-0.4988509476821572,1.2647586517340426,-0.1368816009332401,-0.0068550250150934385,1.1587549957195862,-0.02395593669893513,0.0,0.0,0.0,1.0,0.0,1.0,0.0,0.0,0.0,0.0,1.0,0.0,0.0,0.0,0.0,0.0
-0.4988509476821572,1.2647586517340426,-0.1368816009332401,-0.0068550250150934385,1.1587549957195862,0.6534149429151591,0.0,0.0,0.0,1.0,0.0,1.0,0.0,0.0,0.0,0.0,1.0,0.0,0.0,0.0,0.0,0.0
-0.4988509476821572,1.2647586517340426,-0.1368816009332401,-0.0068550250150934385,1.1587549957195862,0.9465546425731916,0.0,0.0,0.0,1.0,0.0,1.0,0.0,0.0,0.0,0.0,1.0,0.0,0.0,0.0,0.0,0.0
-0.4988509476821572,-0.4273897571077827,-1.1438014800841603,-0.7070023526930482,-1.5536606576562992,-0.6247457124729832,0.0,0.0,0.0,1.0,0.0,0.0,1.0,0.0,0.0,0.0,0.0,0.0,1.0,0.0,0.0,0.0
-0.4988509476821572,1.622064889457615,-0.7502761435749242,0.6932923026628613,-1.0229706385175392,-0.5695254151836117,1.0,0.0,0.0,0.0,0.0,0.0,1.0,0.0,0.0,1.0,0.0,0.0,0.0,0.0,0.0,0.0
-0.4988509476821572,-1.6038036907448285,0.9202185748538635,0.6932923026628613,1.2963412969777832,-0.5541416222081625,0.0,0.0,0.0,1.0,0.0,0.0,1.0,0.0,1.0,0.0,0.0,0.0,0.0,0.0,0.0,0.0
-0.4988509476821572,-1.6038036907448285,0.9202185748538635,0.6932923026628613,1.2963412969777832,-0.6188878352794954,0.0,0.0,0.0,1.0,0.0,0.0,1.0,0.0,1.0,0.0,0.0,0.0,0.0,0.0,0.0,0.0
-0.4988509476821572,-1.6038036907448285,0.9202185748538635,0.6932923026628613,1.2963412969777832,-0.5282641254058219,0.0,0.0,0.0,1.0,0.0,0.0,1.0,0.0,1.0,0.0,0.0,0.0,0.0,0.0,0.0,0.0
-0.4988509476821572,1.5344237368084368,-1.0704896981443113,-0.0068550250150934385,0.6280649765808259,-0.2527714117015098,0.0,0.0,0.0,1.0,0.0,0.0,0.0,1.0,0.0,0.0,0.0,0.0,0.0,0.0,0.0,1.0
-0.4988509476821572,1.5344237368084368,-1.0704896981443113,-0.0068550250150934385,0.6280649765808259,-0.30606243347691725,0.0,0.0,0.0,1.0,0.0,0.0,0.0,1.0,0.0,0.0,0.0,0.0,0.0,0.0,0.0,1.0
-0.4988509476821572,1.5344237368084368,-1.0704896981443113,-0.0068550250150934385,0.6280649765808259,-0.0013908060789102079,0.0,0.0,0.0,1.0,0.0,0.0,0.0,1.0,0.0,0.0,0.0,0.0,0.0,0.0,0.0,1.0
-0.4988509476821572,-0.4172773164174929,-0.021937786828344175,-0.7070023526930482,-1.3177984269279615,-0.06637648020886171,0.0,0.0,1.0,0.0,0.0,0.0,0.0,1.0,0.0,1.0,0.0,0.0,0.0,0.0,0.0,0.0
-0.4988509476821572,-0.4172773164174929,-0.021937786828344175,-0.7070023526930482,-1.3177984269279615,-0.10341814046257382,0.0,0.0,1.0,0.0,0.0,0.0,0.0,1.0,0.0,1.0,0.0,0.0,0.0,0.0,0.0,0.0
-0.4988509476821572,-1.627399385688838,-0.2289236781212338,1.393439630340816,1.2177205534016706,-0.5865204188494181,0.0,0.0,0.0,1.0,0.0,0.0,1.0,0.0,0.0,0.0,0.0,0.0,0.0,0.0,0.0,1.0
-0.4988509476821572,1.5950983809501758,0.9656693036898091,-1.407149680371003,-1.0426258244115674,-0.13496884555825045,0.0,0.0,0.0,1.0,0.0,0.0,0.0,1.0,0.0,0.0,0.0,0.0,0.0,0.0,1.0,0.0
-0.4988509476821572,0.2467729555782033,-0.38426143586250805,-1.407149680371003,1.6697898289643183,-0.11660936567163628,1.0,0.0,0.0,0.0,0.0,0.0,0.0,1.0,0.0,0.0,0.0,1.0,0.0,0.0,0.0,0.0
-0.4988509476821572,0.4861007185817286,-0.5672479035017376,1.393439630340816,1.5125483418120929,-0.6016533705550705,0.0,0.0,0.0,1.0,0.0,0.0,1.0,0.0,1.0,0.0,0.0,0.0,0.0,0.0,0.0,0.0
-0.4988509476821572,0.4861007185817286,-0.5672479035017376,1.393439630340816,1.5125483418120929,-0.5092092121094399,0.0,0.0,0.0,1.0,0.0,0.0,1.0,0.0,1.0,0.0,0.0,0.0,0.0,0.0,0.0,0.0
-0.4988509476821572,0.4861007185817286,-0.5672479035017376,1.393439630340816,1.5125483418120929,-0.5888383843988735,0.0,0.0,0.0,1.0,0.0,0.0,1.0,0.0,1.0,0.0,0.0,0.0,0.0,0.0,0.0,0.0
2.2688480139025518,0.8299237020515815,0.08022482283111029,0.6932923026628613,-1.4160743563981022,-0.5669870012978274,0.0,0.0,0.0,1.0,0.0,0.0,1.0,0.0,0.0,0.0,0.0,0.0,0.0,0.0,0.0,1.0
-0.4988509476821572,-1.0509902663423198,-0.947312073168344,-0.0068550250150934385,1.5715138994941775,0.3269457125649728,1.0,0.0,0.0,0.0,0.0,1.0,0.0,0.0,0.0,0.0,0.0,0.0,0.0,1.0,0.0,0.0
-0.4988509476821572,0.4928423457085885,0.4917680025204475,-1.407149680371003,1.1194446239315299,-0.4939401940808077,0.0,0.0,0.0,1.0,0.0,0.0,1.0,0.0,0.0,1.0,0.0,0.0,0.0,0.0,0.0,0.0
-0.4988509476821572,1.193971566902014,-1.318918485304054,1.393439630340816,-1.514350285868243,-0.28067742624954656,1.0,0.0,0.0,0.0,0.0,0.0,0.0,1.0,0.0,0.0,0.0,1.0,0.0,0.0,0.0,0.0
-0.4988509476821572,0.1591318029290254,0.09910016125271681,0.6932923026628613,1.4732379700240366,0.042083435297336574,0.0,0.0,0.0,1.0,0.0,1.0,0.0,0.0,1.0,0.0,0.0,0.0,0.0,0.0,0.0,0.0
-0.4988509476821572,0.1591318029290254,0.09910016125271681,0.6932923026628613,1.4732379700240366,1.2068263466784717,0.0,0.0,0.0,1.0,0.0,1.0,0.0,0.0,1.0,0.0,0.0,0.0,0.0,0.0,0.0,0.0
-0.4988509476821572,0.1591318029290254,0.09910016125271681,0.6932923026628613,1.4732379700240366,-0.027375151507717608,0.0,0.0,0.0,1.0,0.0,1.0,0.0,0.0,1.0,0.0,0.0,0.0,0.0,0.0,0.0,0.0
-0.4988509476821572,-0.26559070606314605,1.3773946576050142,-1.407149680371003,-0.9836602667294828,-0.45631196653390016,1.0,0.0,0.0,0.0,0.0,0.0,0.0,1.0,0.0,0.0,0.0,0.0,0.0,1.0,0.0,0.0
-0.4988509476821572,1.632177330147905,-0.27003819624336967,-0.7070023526930482,-1.7305573307025528,-0.01450501409287329,0.0,0.0,0.0,1.0,0.0,1.0,0.0,0.0,0.0,0.0,0.0,0.0,0.0,1.0,0.0,0.0
-0.4988509476821572,1.632177330147905,-0.27003819624336967,-0.7070023526930482,-1.7305573307025528,1.2226210220805738,0.0,0.0,0.0,1.0,0.0,1.0,0.0,0.0,0.0,0.0,0.0,0.0,0.0,1.0,0.0,0.0
-0.4988509476821572,1.632177330147905,-0.27003819624336967,-0.7070023526930482,-1.7305573307025528,0.5365717945180746,0.0,0.0,0.0,1.0,0.0,1.0,0.0,0.0,0.0,0.0,0.0,0.0,0.0,1.0,0.0,0.0
1.3462816933743154,0.30070597259308224,0.11187904500738287,0.6932923026628613,1.1784101816136143,4.572349867566048,0.0,1.0,0.0,0.0,1.0,0.0,0.0,0.0,0.0,0.0,0.0,1.0,0.0,0.0,0.0,0.0
-0.4988509476821572,1.5512778046255866,0.3977591399003137,-0.7070023526930482,0.4315131176405444,0.047723201570216506,1.0,0.0,0.0,0.0,0.0,1.0,0.0,0.0,1.0,0.0,0.0,0.0,0.0,0.0,0.0,0.0
-0.4988509476821572,0.6141916339920661,-0.9883070757155474,-1.407149680371003,0.7263409060509667,-0.4985560286277928,0.0,0.0,0.0,1.0,0.0,0.0,1.0,0.0,0.0,0.0,0.0,0.0,0.0,0.0,1.0,0.0
-0.4988509476821572,0.6141916339920661,-0.9883070757155474,-1.407149680371003,0.7263409060509667,-0.5832204057133152,0.0,0.0,0.0,1.0,0.0,0.0,1.0,0.0,0.0,0.0,0.0,0.0,0.0,0.0,1.0,0.0
-0.4988509476821572,0.1894691249998948,1.370846828582261,-0.0068550250150934385,0.9622031367793046,0.7565812190189254,0.0,1.0,0.0,0.0,0.0,1.0,0.0,0.0,0.0,0.0,0.0,0.0,0.0,0.0,1.0,0.0
-0.4988509476821572,-1.6476242670694177,-0.9899454834029703,1.393439630340816,-0.7477980360011449,-0.08035990000363058,0.0,0.0,0.0,1.0,0.0,0.0,0.0,1.0,0.0,0.0,0.0,0.0,0.0,0.0,1.0,0.0
0.42371537284607913,-1.5262749787859402,1.285139076865685,-1.407149680371003,-0.19745283096835659,-0.5770536044280907,1.0,0.0,0.0,0.0,0.0,0.0,1.0,0.0,0.0,0.0,0.0,1.0,0.0,0.0,0.0,0.0
0.42371537284607913,-1.5262749787859402,1.285139076865685,-1.407149680371003,-0.19745283096835659,-0.5305973298611235,1.0,0.0,0.0,0.0,0.0,0.0,1.0,0.0,0.0,0.0,0.0,1.0,0.0,0.0,0.0,0.0
-0.4988509476821572,-0.9835739950737212,-0.5582378215662993,0.6932923026628613,-1.0229706385175392,-0.5136582282997967,1.0,0.0,0.0,0.0,0.0,0.0,1.0,0.0,0.0,0.0,1.0,0.0,0.0,0.0,0.0,0.0
-0.4988509476821572,-0.9835739950737212,-0.5582378215662993,0.6932923026628613,-1.0229706385175392,-0.5179842102391824,1.0,0.0,0.0,0.0,0.0,0.0,1.0,0.0,0.0,0.0,1.0,0.0,0.0,0.0,0.0,0.0
-0.4988509476821572,-1.0341361985251702,0.025023711702378087,1.393439630340816,0.6870305342629104,1.9174725916192956,0.0,0.0,0.0,1.0,1.0,0.0,0.0,0.0,0.0,1.0,0.0,0.0,0.0,0.0,0.0,0.0
-0.4988509476821572,-0.8015500626485049,-1.4936154454936028,-0.0068550250150934385,0.9228927649912483,2.6856830851938343,0.0,0.0,0.0,1.0,1.0,0.0,0.0,0.0,1.0,0.0,0.0,0.0,0.0,0.0,0.0,0.0
-0.4988509476821572,-0.8015500626485049,-1.4936154454936028,-0.0068550250150934385,0.9228927649912483,1.7072666869272997,0.0,0.0,0.0,1.0,1.0,0.0,0.0,0.0,1.0,0.0,0.0,0.0,0.0,0.0,0.0,0.0
-0.4988509476821572,-0.8015500626485049,-1.4936154454936028,-0.0068550250150934385,0.9228927649912483,4.530575743555784,0.0,0.0,0.0,1.0,1.0,0.0,0.0,0.0,1.0,0.0,0.0,0.0,0.0,0.0,0.0,0.0
-0.4988509476821572,-0.6330093844770085,0.10200682644888848,-1.407149680371003,-0.9836602667294828,-0.20531050541108192,0.0,0.0,0.0,1.0,0.0,0.0,0.0,1.0,1.0,0.0,0.0,0.0,0.0,0.0,0.0,0.0
-0.4988509476821572,-0.4476146384883623,1.5625973849347379,-0.0068550250150934385,0.01875421386595312,0.8747881907273983,0.0,0.0,0.0,1.0,0.0,1.0,0.0,0.0,0.0,1.0,0.0,0.0,0.0,0.0,0.0,0.0
-0.4988509476821572,-1.327396978543574,-0.6805208202483553,-1.407149680371003,-1.3177984269279615,-0.5450334966345102,0.0,0.0,0.0,1.0,0.0,0.0,1.0,0.0,0.0,0.0,0.0,0.0,0.0,0.0,1.0,0.0
-0.4988509476821572,-1.327396978543574,-0.6805208202483553,-1.407149680371003,-1.3177984269279615,-0.4877188160972247,0.0,0.0,0.0,1.0,0.0,0.0,1.0,0.0,0.0,0.0,0.0,0.0,0.0,0.0,1.0,0.0
-0.4988509476821572,0.6108208204286362,1.5370779088231996,1.393439630340816,1.4142724123419521,-0.5783007658844406,0.0,0.0,0.0,1.0,0.0,0.0,1.0,0.0,0.0,1.0,0.0,0.0,0.0,0.0,0.0,0.0
-0.4988509476821572,0.6108208204286362,1.5370779088231996,1.393439630340816,1.4142724123419521,-0.47245079049090977,0.0,0.0,0.0,1.0,0.0,0.0,1.0,0.0,0.0,1.0,0.0,0.0,0.0,0.0,0.0,0.0
0.8849985331101973,0.1490193622387356,0.27247432770029534,1.393439630340816,0.6477201624748541,0.6437393215324488,0.0,0.0,0.0,1.0,0.0,1.0,0.0,0.0,0.0,0.0,0.0,0.0,1.0,0.0,0.0,0.0
-0.4988509476821572,-0.16446629916024805,0.8138589959271224,-0.0068550250150934385,1.5715138994941775,-0.03708759698167582,1.0,0.0,0.0,0.0,0.0,0.0,0.0,1.0,0.0,0.0,1.0,0.0,0.0,0.0,0.0,0.0
-0.4988509476821572,1.129926109196845,0.9906631433407223,1.393439630340816,-0.0009009720280750351,-0.6172551438692436,0.0,0.0,0.0,1.0,0.0,0.0,1.0,0.0,0.0,0.0,1.0,0.0,0.0,0.0,0.0,0.0
-0.4988509476821572,1.129926109196845,0.9906631433407223,1.393439630340816,-0.0009009720280750351,-0.50434862793754,0.0,0.0,0.0,1.0,0.0,0.0,1.0,0.0,0.0,0.0,1.0,0.0,0.0,0.0,0.0,0.0
-0.4988509476821572,-0.21839931617512698,-1.25399484017184,-0.7070023526930482,1.5911690853882057,1.5521565370529458,0.0,0.0,0.0,1.0,1.0,0.0,0.0,0.0,0.0,0.0,0.0,0.0,0.0,0.0,1.0,0.0
-0.4988509476821572,0.49958397283544836,1.6259255551588738,1.393439630340816,0.8639272073091638,-0.6306787983024789,0.0,0.0,0.0,1.0,0.0,0.0,1.0,0.0,0.0,0.0,0.0,0.0,0.0,0.0,1.0,0.0
-0.4988509476821572,1.5546486181890165,-0.6631945429193192,-1.407149680371003,-0.13848727328627214,-0.4568617162649418,1.0,0.0,0.0,0.0,0.0,0.0,1.0,0.0,0.0,1.0,0.0,0.0,0.0,0.0,0.0,0.0
-0.4988509476821572,-0.22514094330198686,-1.468749243835336,1.393439630340816,1.5715138994941775,0.35315136164144834,1.0,0.0,0.0,0.0,0.0,1.0,0.0,0.0,0.0,0.0,0.0,0.0,1.0,0.0,0.0,0.0
1.8075648536384334,0.5130672270891681,-1.0409461442282528,1.393439630340816,1.0604790662494454,-0.5674359222272483,0.0,0.0,0.0,1.0,0.0,0.0,1.0,0.0,0.0,0.0,1.0,0.0,0.0,0.0,0.0,0.0
-0.4988509476821572,-1.0644735205960396,0.05858902273218148,0.6932923026628613,-0.8853843372593421,1.119960554903931,1.0,0.0,0.0,0.0,0.0,1.0,0.0,0.0,1.0,0.0,0.0,0.0,0.0,0.0,0.0,0.0
-0.4988509476821572,0.229918887761054,0.6631707421543351,0.6932923026628613,1.1980653675076425,-0.05414499267158951,1.0,0.0,0.0,0.0,0.0,0.0,0.0,1.0,0.0,0.0,0.0,0.0,1.0,0.0,0.0,0.0
-0.4988509476821572,1.6456605844016248,-0.0762396302816141,-1.407149680371003,1.5125483418120929,0.6719663847001386,0.0,1.0,0.0,0.0,0.0,1.0,0.0,0.0,0.0,0.0,0.0,0.0,0.0,1.0,0.0,0.0
-0.4988509476821572,-0.2891864010071556,-1.409710870509502,1.393439630340816,0.37254755995845995,-0.5815320407168806,0.0,0.0,0.0,1.0,0.0,0.0,1.0,0.0,1.0,0.0,0.0,0.0,0.0,0.0,0.0,0.0
-0.4988509476821572,0.29059353190279247,-0.671991121303422,-1.407149680371003,-0.09917690149821581,-0.45272373306374625,0.0,0.0,0.0,1.0,0.0,0.0,0.0,1.0,0.0,1.0,0.0,0.0,0.0,0.0,0.0,0.0
-0.4988509476821572,0.3175600404102319,-0.177012146166612,1.393439630340816,1.4339275982359803,-0.48682284808841647,0.0,0.0,0.0,1.0,0.0,0.0,1.0,0.0,0.0,0.0,0.0,0.0,1.0,0.0,0.0,0.0
-0.4988509476821572,-1.5532414872933797,-1.4957353965169184,0.6932923026628613,-1.003315452623511,1.5931195908661926,0.0,0.0,0.0,1.0,1.0,0.0,0.0,0.0,0.0,0.0,0.0,0.0,1.0,0.0,0.0,0.0
0.42371537284607913,1.1063304142528356,1.4939641155980683,-0.0068550250150934385,1.0997894380375017,-0.4555826862998365,1.0,0.0,0.0,0.0,0.0,0.0,1.0,0.0,0.0,0.0,0.0,0.0,1.0,0.0,0.0,0.0
-0.4988509476821572,-1.0071696900177307,0.2017269090672486,-0.7070023526930482,0.8639272073091638,-0.5993270934687075,0.0,0.0,0.0,1.0,0.0,0.0,1.0,0.0,0.0,0.0,1.0,0.0,0.0,0.0,0.0,0.0
-0.4988509476821572,-1.0071696900177307,0.2017269090672486,-0.7070023526930482,0.8639272073091638,-0.591931373016308,0.0,0.0,0.0,1.0,0.0,0.0,1.0,0.0,0.0,0.0,1.0,0.0,0.0,0.0,0.0,0.0
-0.4988509476821572,-1.0071696900177307,0.2017269090672486,-0.7070023526930482,0.8639272073091638,-0.46888876480484615,0.0,0.0,0.0,1.0,0.0,0.0,1.0,0.0,0.0,0.0,1.0,0.0,0.0,0.0,0.0,0.0
0.42371537284607913,1.622064889457615,1.513788616546808,-1.407149680371003,0.8049616496270794,0.5583753715914404,1.0,0.0,0.0,0.0,0.0,1.0,0.0,0.0,0.0,1.0,0.0,0.0,0.0,0.0,0.0,0.0
-0.4988509476821572,0.36475143029825097,-1.167412188032943,-0.7070023526930482,-1.0426258244115674,-0.0941706252569974,0.0,0.0,0.0,1.0,0.0,0.0,0.0,1.0,0.0,0.0,0.0,0.0,1.0,0.0,0.0,0.0
-0.4988509476821572,0.36475143029825097,-1.167412188032943,-0.7070023526930482,-1.0426258244115674,-0.2559444013100899,0.0,0.0,0.0,1.0,0.0,0.0,0.0,1.0,0.0,0.0,0.0,0.0,1.0,0.0,0.0,0.0
-0.4988509476821572,0.3950887523691204,0.4037871341893803,-0.0068550250150934385,1.4339275982359803,-0.46262922426570574,0.0,0.0,0.0,1.0,0.0,0.0,1.0,0.0,0.0,0.0,0.0,0.0,0.0,0.0,1.0,0.0
-0.4988509476821572,0.22654807419762407,0.7776875491565599,0.6932923026628613,0.6477201624748541,-0.45960132418828015,0.0,1.0,0.0,0.0,0.0,0.0,0.0,1.0,0.0,0.0,1.0,0.0,0.0,0.0,0.0,0.0
0.42371537284607913,1.4231868892152495,1.4916886782928018,-0.0068550250150934385,0.254616444594291,1.2869749018818557,0.0,0.0,1.0,0.0,0.0,1.0,0.0,0.0,0.0,0.0,0.0,1.0,0.0,0.0,0.0,0.0
0.42371537284607913,1.4231868892152495,1.4916886782928018,-0.0068550250150934385,0.254616444594291,-0.10058030884619759,0.0,0.0,1.0,0.0,0.0,1.0,0.0,0.0,0.0,0.0,0.0,1.0,0.0,0.0,0.0,0.0
3.6526974946949062,0.6108208204286362,-0.5133823499142404,-0.0068550250150934385,-1.7109021448085246,-0.1651963317793242,1.0,0.0,0.0,0.0,0.0,0.0,0.0,1.0,1.0,0.0,0.0,0.0,0.0,0.0,0.0,0.0
-0.4988509476821572,-0.2992988416974452,0.48691543810911425,-0.0068550250150934385,0.8639272073091638,-0.5872434964439985,0.0,0.0,0.0,1.0,0.0,0.0,1.0,0.0,0.0,0.0,0.0,0.0,0.0,0.0,1.0,0.0
-0.4988509476821572,1.244533770353463,1.6379409316484377,-1.407149680371003,-1.7305573307025528,-0.5316093068155511,0.0,1.0,0.0,0.0,0.0,0.0,1.0,0.0,0.0,0.0,0.0,1.0,0.0,0.0,0.0,0.0
-0.4988509476821572,1.244533770353463,1.6379409316484377,-1.407149680371003,-1.7305573307025528,-0.5576208524507661,0.0,1.0,0.0,0.0,0.0,0.0,1.0,0.0,0.0,0.0,0.0,1.0,0.0,0.0,0.0,0.0
0.42371537284607913,1.5445361774987267,-1.0529858879709584,-1.407149680371003,-0.7477980360011449,0.5372641461953832,0.0,0.0,0.0,1.0,0.0,1.0,0.0,0.0,0.0,0.0,0.0,0.0,0.0,1.0,0.0,0.0
-0.4988509476821572,1.0928471599991159,-0.3790050712562575,-0.0068550250150934385,-0.27607357454446924,-0.41573064274173505,1.0,0.0,0.0,0.0,0.0,0.0,0.0,1.0,0.0,1.0,0.0,0.0,0.0,0.0,0.0,0.0
0.8849985331101973,0.5434045491600374,1.4493383923327727,-0.7070023526930482,-1.4357295422921303,-0.010928245712122085,0.0,0.0,0.0,1.0,0.0,0.0,0.0,1.0,0.0,0.0,0.0,1.0,0.0,0.0,0.0,0.0
0.8849985331101973,0.5434045491600374,1.4493383923327727,-0.7070023526930482,-1.4357295422921303,-0.3454761658836613,0.0,0.0,0.0,1.0,0.0,0.0,0.0,1.0,0.0,0.0,0.0,1.0,0.0,0.0,0.0,0.0
0.8849985331101973,0.5434045491600374,1.4493383923327727,-0.7070023526930482,-1.4357295422921303,-0.3151289164878073,0.0,0.0,0.0,1.0,0.0,0.0,0.0,1.0,0.0,0.0,0.0,1.0,0.0,0.0,0.0,0.0
-0.4988509476821572,1.520940482554717,-1.1494071086521065,1.393439630340816,-0.4726254334847508,-0.541325160476678,1.0,0.0,0.0,0.0,0.0,0.0,1.0,0.0,0.0,0.0,0.0,1.0,0.0,0.0,0.0,0.0
-0.4988509476821572,-0.7408754185067662,-0.16370646560593324,-0.7070023526930482,-1.1605569397757363,4.25947354535786,1.0,0.0,0.0,0.0,1.0,0.0,0.0,0.0,0.0,0.0,0.0,0.0,1.0,0.0,0.0,0.0
-0.4988509476821572,-0.7408754185067662,-0.16370646560593324,-0.7070023526930482,-1.1605569397757363,2.085441740273801,1.0,0.0,0.0,0.0,1.0,0.0,0.0,0.0,0.0,0.0,0.0,0.0,1.0,0.0,0.0,0.0
-0.4988509476821572,-1.088069215540049,-0.765851459713931,0.6932923026628613,1.139099809825558,-0.6339819649910768,1.0,0.0,0.0,0.0,0.0,0.0,1.0,0.0,0.0,1.0,0.0,0.0,0.0,0.0,0.0,0.0
-0.4988509476821572,-0.029633756623050886,1.6038163341417662,-1.407149680371003,0.9228927649912483,-0.5350070604917215,1.0,0.0,0.0,0.0,0.0,0.0,1.0,0.0,0.0,0.0,0.0,0.0,0.0,1.0,0.0,0.0
-0.4988509476821572,0.7052036002046739,-0.1713206520399765,-0.0068550250150934385,-1.4946950999742148,-0.12970345754639107,0.0,1.0,0.0,0.0,0.0,0.0,0.0,1.0,0.0,0.0,0.0,0.0,0.0,1.0,0.0,0.0
-0.4988509476821572,-0.895932842424543,0.659108372952021,1.393439630340816,0.6870305342629104,-0.0547355296540542,0.0,0.0,0.0,1.0,0.0,0.0,0.0,1.0,1.0,0.0,0.0,0.0,0.0,0.0,0.0,0.0
-0.4988509476821572,-1.6476242670694177,0.45417397230457307,-0.7070023526930482,0.01875421386595312,-0.18242364714560796,1.0,0.0,0.0,0.0,0.0,0.0,0.0,1.0,0.0,0.0,0.0,1.0,0.0,0.0,0.0,0.0
-0.4988509476821572,-1.6476242670694177,0.45417397230457307,-0.7070023526930482,0.01875421386595312,-0.09377519066720477,1.0,0.0,0.0,0.0,0.0,0.0,0.0,1.0,0.0,0.0,0.0,1.0,0.0,0.0,0.0,0.0
-0.4988509476821572,-1.6476242670694177,0.45417397230457307,-0.7070023526930482,0.01875421386595312,-0.15125879845854298,1.0,0.0,0.0,0.0,0.0,0.0,0.0,1.0,0.0,0.0,0.0,1.0,0.0,0.0,0.0,0.0
-0.4988509476821572,-0.504918469066671,0.9830953707221867,1.393439630340816,-0.9443498949414265,-0.6122601191188177,0.0,0.0,0.0,1.0,0.0,0.0,1.0,0.0,0.0,1.0,0.0,0.0,0.0,0.0,0.0,0.0
-0.4988509476821572,-0.309411282387735,0.11471957051645601,1.393439630340816,-0.2564183886504411,-0.10247298225811628,0.0,0.0,0.0,1.0,0.0,0.0,0.0,1.0,0.0,0.0,0.0,0.0,0.0,0.0,0.0,1.0
-0.4988509476821572,-0.309411282387735,0.11471957051645601,1.393439630340816,-0.2564183886504411,-0.43349256686962717,0.0,0.0,0.0,1.0,0.0,0.0,0.0,1.0,0.0,0.0,0.0,0.0,0.0,0.0,0.0,1.0
-0.4988509476821572,-0.309411282387735,0.11471957051645601,1.393439630340816,-0.2564183886504411,-0.20170882853598482,0.0,0.0,0.0,1.0,0.0,0.0,0.0,1.0,0.0,0.0,0.0,0.0,0.0,0.0,0.0,1.0
-0.4988509476821572,-1.0105405035811608,-1.3086749562214979,1.393439630340816,-0.11883208739224398,-0.6011218957586747,1.0,0.0,0.0,0.0,0.0,0.0,1.0,0.0,0.0,0.0,0.0,1.0,0.0,0.0,0.0,0.0
-0.4988509476821572,-1.0105405035811608,-1.3086749562214979,1.393439630340816,-0.11883208739224398,-0.5012335644526393,1.0,0.0,0.0,0.0,0.0,0.0,1.0,0.0,0.0,0.0,0.0,1.0,0.0,0.0,0.0,0.0
-0.4988509476821572,-1.0105405035811608,-1.3086749562214979,1.393439630340816,-0.11883208739224398,-0.5004812691615457,1.0,0.0,0.0,0.0,0.0,0.0,1.0,0.0,0.0,0.0,0.0,1.0,0.0,0.0,0.0,0.0
-0.03756778741803903,-1.088069215540049,-0.7494116862610927,-0.0068550250150934385,-1.6912469589144965,-0.5807599426830999,1.0,0.0,0.0,0.0,0.0,0.0,1.0,0.0,0.0,0.0,0.0,1.0,0.0,0.0,0.0,0.0
-0.03756778741803903,-1.088069215540049,-0.7494116862610927,-0.0068550250150934385,-1.6912469589144965,-0.5935998830373022,1.0,0.0,0.0,0.0,0.0,0.0,1.0,0.0,0.0,0.0,0.0,1.0,0.0,0.0,0.0,0.0
-0.03756778741803903,1.39622038070781,-0.12031883086930625,-0.7070023526930482,-1.4160743563981022,-0.5704856033629013,0.0,0.0,0.0,1.0,0.0,0.0,1.0,0.0,0.0,0.0,0.0,1.0,0.0,0.0,0.0,0.0
-0.03756778741803903,1.39622038070781,-0.12031883086930625,-0.7070023526930482,-1.4160743563981022,-0.4998831976043824,0.0,0.0,0.0,1.0,0.0,0.0,1.0,0.0,0.0,0.0,0.0,1.0,0.0,0.0,0.0,0.0
-0.4988509476821572,1.7029644149799337,-1.1513263199233512,-0.7070023526930482,1.4142724123419521,-0.5865210782879315,0.0,0.0,0.0,1.0,0.0,0.0,1.0,0.0,0.0,0.0,0.0,0.0,0.0,1.0,0.0,0.0
-0.4988509476821572,-1.1082940969206287,1.1483993349983586,-0.7070023526930482,0.7459960919449948,-0.5495501150661402,0.0,0.0,0.0,1.0,0.0,0.0,1.0,0.0,0.0,0.0,0.0,0.0,0.0,1.0,0.0,0.0
-0.4988509476821572,-1.1082940969206287,1.1483993349983586,-0.7070023526930482,0.7459960919449948,-0.6190833947087611,0.0,0.0,0.0,1.0,0.0,0.0,1.0,0.0,0.0,0.0,0.0,0.0,0.0,1.0,0.0,0.0
-0.4988509476821572,-1.4757127753344912,1.3278745974944282,1.393439630340816,-0.4333150616966945,3.908599775326156,1.0,0.0,0.0,0.0,1.0,0.0,0.0,0.0,0.0,0.0,0.0,0.0,0.0,1.0,0.0,0.0
-0.4988509476821572,-1.4757127753344912,1.3278745974944282,1.393439630340816,-0.4333150616966945,3.790607747927607,1.0,0.0,0.0,0.0,1.0,0.0,0.0,0.0,0.0,0.0,0.0,0.0,0.0,1.0,0.0,0.0
-0.4988509476821572,-0.10379165501850925,-0.06436349523857342,1.393439630340816,0.7656512778390231,-0.46388708690743774,0.0,0.0,0.0,1.0,0.0,0.0,1.0,0.0,0.0,0.0,0.0,0.0,0.0,0.0,0.0,1.0
-0.4988509476821572,-0.9700907408200015,0.30309700282690855,-0.0068550250150934385,-1.6715917730204684,0.22138477364226722,0.0,0.0,0.0,1.0,0.0,1.0,0.0,0.0,1.0,0.0,0.0,0.0,0.0,0.0,0.0,0.0
-0.4988509476821572,0.9479021767716291,-0.11972125299464423,-0.0068550250150934385,-0.7477980360011449,0.3735105398519911,0.0,0.0,0.0,1.0,0.0,1.0,0.0,0.0,0.0,0.0,0.0,1.0,0.0,0.0,0.0,0.0
-0.4988509476821572,0.7422825494024032,1.3492806492065939,-1.407149680371003,-1.003315452623511,-0.3625228865045696,0.0,0.0,0.0,1.0,0.0,0.0,0.0,1.0,0.0,0.0,0.0,0.0,1.0,0.0,0.0,0.0
1.3462816933743154,0.4793590914548687,0.8239957732340109,-0.0068550250150934385,0.45116830353457255,-0.5257315877048111,1.0,0.0,0.0,0.0,0.0,0.0,1.0,0.0,0.0,0.0,0.0,0.0,0.0,0.0,1.0,0.0
2.2688480139025518,1.4029620078346698,0.5183526756978881,-0.0068550250150934385,0.19565088691220653,-0.5818393717096344,0.0,1.0,0.0,0.0,0.0,0.0,1.0,0.0,0.0,0.0,0.0,0.0,0.0,1.0,0.0,0.0
2.2688480139025518,1.4029620078346698,0.5183526756978881,-0.0068550250150934385,0.19565088691220653,-0.5207706121806013,0.0,1.0,0.0,0.0,0.0,0.0,1.0,0.0,0.0,0.0,0.0,0.0,0.0,1.0,0.0,0.0
2.2688480139025518,1.4029620078346698,0.5183526756978881,-0.0068550250150934385,0.19565088691220653,-0.4769826608865743,0.0,1.0,0.0,0.0,0.0,0.0,1.0,0.0,0.0,0.0,0.0,0.0,0.0,1.0,0.0,0.0
-0.4988509476821572,1.6085816352038955,-1.1935211196014295,-0.7070023526930482,-0.19745283096835659,-0.5393149960147582,0.0,0.0,0.0,1.0,0.0,0.0,1.0,0.0,0.0,0.0,0.0,1.0,0.0,0.0,0.0,0.0
-0.4988509476821572,-1.0745859612863293,-0.9026120877982359,-0.7070023526930482,-0.5709013629548916,-0.467419888367894,0.0,0.0,0.0,1.0,0.0,0.0,1.0,0.0,1.0,0.0,0.0,0.0,0.0,0.0,0.0,0.0
-0.4988509476821572,-1.0745859612863293,-0.9026120877982359,-0.7070023526930482,-0.5709013629548916,-0.5747570804239648,0.0,0.0,0.0,1.0,0.0,0.0,1.0,0.0,1.0,0.0,0.0,0.0,0.0,0.0,0.0,0.0
-0.4988509476821572,-0.9094160966782626,-1.4801798062495024,-0.7070023526930482,-1.7895228883846372,-0.1263369847604988,1.0,0.0,0.0,0.0,0.0,0.0,0.0,1.0,0.0,0.0,1.0,0.0,0.0,0.0,0.0,0.0
-0.4988509476821572,-1.3543634870510135,-0.21589648045360138,-1.407149680371003,1.6108242712822338,-0.08609416838585845,1.0,0.0,0.0,0.0,0.0,1.0,0.0,0.0,0.0,0.0,1.0,0.0,0.0,0.0,0.0,0.0
-0.4988509476821572,-1.3543634870510135,-0.21589648045360138,-1.407149680371003,1.6108242712822338,-0.07362024905210991,1.0,0.0,0.0,0.0,0.0,1.0,0.0,0.0,0.0,0.0,1.0,0.0,0.0,0.0,0.0,0.0
-0.4988509476821572,-0.19143280766768753,0.266876821550063,1.393439630340816,1.001513508567361,-0.5320266987491145,0.0,0.0,0.0,1.0,0.0,0.0,1.0,0.0,0.0,0.0,1.0,0.0,0.0,0.0,0.0,0.0
2.2688480139025518,0.30070597259308224,0.9503817532069502,-0.0068550250150934385,1.0408238803554173,-0.4120556245515692,0.0,0.0,0.0,1.0,0.0,0.0,0.0,1.0,0.0,0.0,0.0,0.0,0.0,0.0,1.0,0.0
-0.4988509476821572,0.0984571587872866,0.7501920048497801,-0.7070023526930482,1.1194446239315299,-0.4558389467178134,0.0,0.0,1.0,0.0,0.0,0.0,1.0,0.0,0.0,0.0,0.0,0.0,0.0,0.0,1.0,0.0
-0.4988509476821572,0.16587343005588528,0.777301154142458,-0.0068550250150934385,0.2939268163823473,1.2428910389808185,1.0,0.0,0.0,0.0,0.0,1.0,0.0,0.0,0.0,0.0,1.0,0.0,0.0,0.0,0.0,0.0
1.3462816933743154,1.571502686006166,-0.2631445842950839,0.6932923026628613,0.9032375790972201,-0.5633034299942689,0.0,1.0,0.0,0.0,0.0,0.0,1.0,0.0,0.0,0.0,1.0,0.0,0.0,0.0,0.0,0.0
1.3462816933743154,1.571502686006166,-0.2631445842950839,0.6932923026628613,0.9032375790972201,-0.5618152731421651,0.0,1.0,0.0,0.0,0.0,0.0,1.0,0.0,0.0,0.0,1.0,0.0,0.0,0.0,0.0,0.0
-0.4988509476821572,-0.9667199272565715,1.4967396617654307,1.393439630340816,-0.5315909911668353,4.090861280925354,0.0,0.0,0.0,1.0,1.0,0.0,0.0,0.0,0.0,0.0,1.0,0.0,0.0,0.0,0.0,0.0
1.3462816933743154,0.5467753627234674,-0.680873565246214,-0.0068550250150934385,-1.0819361961996237,-0.008895040076795535,1.0,0.0,0.0,0.0,0.0,0.0,0.0,1.0,0.0,0.0,1.0,0.0,0.0,0.0,0.0,0.0
-0.4988509476821572,-1.5161625380956503,0.8436636275554119,1.393439630340816,0.3922027458524881,0.7399940029891245,1.0,0.0,0.0,0.0,0.0,1.0,0.0,0.0,0.0,0.0,1.0,0.0,0.0,0.0,0.0,0.0
-0.4988509476821572,-1.5161625380956503,0.8436636275554119,1.393439630340816,0.3922027458524881,0.15371807715117022,1.0,0.0,0.0,0.0,0.0,1.0,0.0,0.0,0.0,0.0,1.0,0.0,0.0,0.0,0.0,0.0
-0.4988509476821572,0.19958156569018462,-0.6302917891058887,0.6932923026628613,-0.31538394633252553,-0.4515605814623764,1.0,0.0,0.0,0.0,0.0,0.0,1.0,0.0,0.0,0.0,0.0,0.0,0.0,0.0,1.0,0.0
-0.4988509476821572,0.19958156569018462,-0.6302917891058887,0.6932923026628613,-0.31538394633252553,-0.5806390630332127,1.0,0.0,0.0,0.0,0.0,0.0,1.0,0.0,0.0,0.0,0.0,0.0,0.0,0.0,1.0,0.0
-0.4988509476821572,-1.3071720971629948,-0.862602218485184,-1.407149680371003,-1.0229706385175392,4.121305010746097,0.0,0.0,1.0,0.0,1.0,0.0,0.0,0.0,0.0,0.0,0.0,0.0,0.0,0.0,0.0,1.0
-0.4988509476821572,-1.3071720971629948,-0.862602218485184,-1.407149680371003,-1.0229706385175392,1.712747587280278,0.0,0.0,1.0,0.0,1.0,0.0,0.0,0.0,0.0,0.0,0.0,0.0,0.0,0.0,0.0,1.0
-0.4988509476821572,-1.3071720971629948,-0.862602218485184,-1.407149680371003,-1.0229706385175392,4.021748612059734,0.0,0.0,1.0,0.0,1.0,0.0,0.0,0.0,0.0,0.0,0.0,0.0,0.0,0.0,0.0,1.0
-0.4988509476821572,0.7085744137681038,-0.37345629961230825,1.393439630340816,0.31358200227637545,-0.47595399556738965,0.0,0.0,0.0,1.0,0.0,0.0,0.0,1.0,0.0,0.0,0.0,0.0,0.0,1.0,0.0,0.0
-0.4988509476821572,-0.27233233319000594,-1.4308291565655198,-0.0068550250150934385,0.7263409060509667,-0.44748233294395157,1.0,0.0,0.0,0.0,0.0,0.0,0.0,1.0,0.0,0.0,0.0,0.0,0.0,0.0,1.0,0.0
-0.4988509476821572,0.5434045491600374,-0.6101505138663088,-1.407149680371003,0.6673753483688822,-0.5373791979356954,0.0,0.0,0.0,1.0,0.0,0.0,1.0,0.0,0.0,0.0,0.0,1.0,0.0,0.0,0.0,0.0
2.73013117416667,1.5007156011741376,-0.22177362984226784,0.6932923026628613,0.7656512778390231,-0.5154633008549293,1.0,0.0,0.0,0.0,0.0,0.0,1.0,0.0,1.0,0.0,0.0,0.0,0.0,0.0,0.0,0.0
2.73013117416667,1.5007156011741376,-0.22177362984226784,0.6932923026628613,0.7656512778390231,-0.5301329741530307,1.0,0.0,0.0,0.0,0.0,0.0,1.0,0.0,1.0,0.0,0.0,0.0,0.0,0.0,0.0,0.0
2.73013117416667,1.5007156011741376,-0.22177362984226784,0.6932923026628613,0.7656512778390231,-0.6288428300736255,1.0,0.0,0.0,0.0,0.0,0.0,1.0,0.0,1.0,0.0,0.0,0.0,0.0,0.0,0.0,0.0
1.3462816933743154,-1.6476242670694177,-0.08967526952571454,-0.0068550250150934385,0.49047867532262884,0.810663482132287,1.0,0.0,0.0,0.0,0.0,1.0,0.0,0.0,0.0,0.0,1.0,0.0,0.0,0.0,0.0,0.0
-0.4988509476821572,1.3220624823123515,0.896156492549268,-0.0068550250150934385,1.1194446239315299,-0.24747627713650758,1.0,0.0,0.0,0.0,0.0,0.0,0.0,1.0,1.0,0.0,0.0,0.0,0.0,0.0,0.0,0.0
-0.4988509476821572,1.3220624823123515,0.896156492549268,-0.0068550250150934385,1.1194446239315299,-0.45695783106055543,1.0,0.0,0.0,0.0,0.0,0.0,0.0,1.0,1.0,0.0,0.0,0.0,0.0,0.0,0.0,0.0
0.8849985331101973,-1.438633826136762,0.3076455567466662,-0.7070023526930482,-1.5536606576562992,-0.46958345389787587,0.0,0.0,0.0,1.0,0.0,0.0,1.0,0.0,0.0,0.0,0.0,0.0,1.0,0.0,0.0,0.0
-0.4988509476821572,-0.7105380964358969,1.179690369068283,-1.407149680371003,0.254616444594291,-0.5953730087345489,0.0,0.0,0.0,1.0,0.0,0.0,1.0,0.0,0.0,0.0,0.0,0.0,1.0,0.0,0.0,0.0
0.42371537284607913,-0.37345674009290375,1.5775902076891228,-0.7070023526930482,1.3553068546598677,-0.048693120671392684,0.0,0.0,0.0,1.0,0.0,1.0,0.0,0.0,1.0,0.0,0.0,0.0,0.0,0.0,0.0,0.0
-0.4988509476821572,-1.3509926734875837,-1.2838899787403695,-0.7070023526930482,0.8246168355211075,-0.49252435347598444,0.0,0.0,0.0,1.0,0.0,0.0,0.0,1.0,0.0,0.0,0.0,0.0,0.0,1.0,0.0,0.0
1.3462816933743154,-1.283576402218985,-1.6683042832654378,-0.7070023526930482,-1.3177984269279615,-0.5493525250885806,0.0,0.0,0.0,1.0,0.0,0.0,1.0,0.0,0.0,0.0,0.0,0.0,1.0,0.0,0.0,0.0
1.3462816933743154,-1.283576402218985,-1.6683042832654378,-0.7070023526930482,-1.3177984269279615,-0.6245485664738287,0.0,0.0,0.0,1.0,0.0,0.0,1.0,0.0,0.0,0.0,0.0,0.0,1.0,0.0,0.0,0.0
1.3462816933743154,-1.283576402218985,-1.6683042832654378,-0.7070023526930482,-1.3177984269279615,-0.6320043807091796,0.0,0.0,0.0,1.0,0.0,0.0,1.0,0.0,0.0,0.0,0.0,0.0,1.0,0.0,0.0,0.0
-0.4988509476821572,0.7894739392904223,0.6941299174433795,-0.7070023526930482,1.1587549957195862,-0.539067491112094,0.0,1.0,0.0,0.0,0.0,0.0,1.0,0.0,1.0,0.0,0.0,0.0,0.0,0.0,0.0,0.0
-0.4988509476821572,1.520940482554717,-1.5938414387009974,1.393439630340816,-0.07952171560418766,-0.13791794599786197,0.0,0.0,0.0,1.0,0.0,0.0,0.0,1.0,0.0,0.0,0.0,0.0,1.0,0.0,0.0,0.0
-0.4988509476821572,1.520940482554717,-1.5938414387009974,1.393439630340816,-0.07952171560418766,-0.04007551941535829,0.0,0.0,0.0,1.0,0.0,0.0,0.0,1.0,0.0,0.0,0.0,0.0,1.0,0.0,0.0,0.0
-0.4988509476821572,0.752394990092693,-0.9175329691385837,-0.7070023526930482,-1.2981432410339333,-0.5163606073280471,0.0,0.0,0.0,1.0,0.0,0.0,0.0,1.0,1.0,0.0,0.0,0.0,0.0,0.0,0.0,0.0
-0.4988509476821572,0.9074524140104699,-0.9705375464484126,-0.7070023526930482,0.7853064637330512,-0.5968677338554107,1.0,0.0,0.0,0.0,0.0,0.0,1.0,0.0,0.0,0.0,0.0,0.0,0.0,0.0,0.0,1.0
-0.4988509476821572,0.9074524140104699,-0.9705375464484126,-0.7070023526930482,0.7853064637330512,-0.4778253253703918,1.0,0.0,0.0,0.0,0.0,0.0,1.0,0.0,0.0,0.0,0.0,0.0,0.0,0.0,0.0,1.0
-0.4988509476821572,-0.7745835541410655,0.7011430449665976,-1.407149680371003,0.19565088691220653,-0.4612474328870984,1.0,0.0,0.0,0.0,0.0,0.0,1.0,0.0,0.0,0.0,0.0,0.0,1.0,0.0,0.0,0.0
-0.4988509476821572,-0.7745835541410655,0.7011430449665976,-1.407149680371003,0.19565088691220653,-0.5555587098699767,1.0,0.0,0.0,0.0,0.0,0.0,1.0,0.0,0.0,0.0,0.0,0.0,1.0,0.0,0.0,0.0
-0.03756778741803903,-1.5094209109687904,-1.2621648320465881,-0.0068550250150934385,1.394617226447924,-0.5496561083812675,0.0,0.0,0.0,1.0,0.0,0.0,1.0,0.0,0.0,1.0,0.0,0.0,0.0,0.0,0.0,0.0
1.8075648536384334,-1.6543658941962776,1.3447715470300177,1.393439630340816,0.1563405151241502,-0.46272778747164167,0.0,0.0,0.0,1.0,0.0,0.0,1.0,0.0,0.0,0.0,0.0,0.0,0.0,0.0,0.0,1.0
1.8075648536384334,-1.6543658941962776,1.3447715470300177,1.393439630340816,0.1563405151241502,-0.5916669904051552,0.0,0.0,0.0,1.0,0.0,0.0,1.0,0.0,0.0,0.0,0.0,0.0,0.0,0.0,0.0,1.0
1.8075648536384334,-1.6543658941962776,1.3447715470300177,1.393439630340816,0.1563405151241502,-0.48987170002910707,0.0,0.0,0.0,1.0,0.0,0.0,1.0,0.0,0.0,0.0,0.0,0.0,0.0,0.0,0.0,1.0
-0.4988509476821572,-0.4779519605592317,-1.3076457298626138,-0.7070023526930482,-1.3177984269279615,-0.5836433865515077,0.0,0.0,0.0,1.0,0.0,0.0,1.0,0.0,0.0,1.0,0.0,0.0,0.0,0.0,0.0,0.0
-0.4988509476821572,-0.848741452536524,0.06839510160357735,0.6932923026628613,1.0997894380375017,-0.4555992049081445,0.0,0.0,0.0,1.0,0.0,0.0,1.0,0.0,0.0,0.0,0.0,1.0,0.0,0.0,0.0,0.0
-0.4988509476821572,-1.4521170803904817,-0.20481982338268137,0.6932923026628613,-1.7895228883846372,-0.5313342556644871,1.0,0.0,0.0,0.0,0.0,0.0,1.0,0.0,0.0,0.0,1.0,0.0,0.0,0.0,0.0,0.0
-0.4988509476821572,-1.05436107990575,-1.2808904859131822,0.6932923026628613,0.038409399759981276,-0.5568149663545372,1.0,0.0,0.0,0.0,0.0,0.0,1.0,0.0,0.0,0.0,0.0,0.0,1.0,0.0,0.0,0.0
-0.4988509476821572,-1.05436107990575,-1.2808904859131822,0.6932923026628613,0.038409399759981276,-0.522965654473687,1.0,0.0,0.0,0.0,0.0,0.0,1.0,0.0,0.0,0.0,0.0,0.0,1.0,0.0,0.0,0.0
-0.4988509476821572,-1.243126639457826,-0.4294789352755273,-1.407149680371003,-0.4726254334847508,-0.4615062004772454,1.0,0.0,0.0,0.0,0.0,0.0,1.0,0.0,0.0,0.0,0.0,1.0,0.0,0.0,0.0,0.0
-0.4988509476821572,1.4231868892152495,-1.0956134964786461,0.6932923026628613,-1.3571087987160178,-0.31205973947689425,1.0,0.0,0.0,0.0,0.0,0.0,0.0,1.0,0.0,0.0,0.0,0.0,1.0,0.0,0.0,0.0
-0.4988509476821572,1.4231868892152495,-1.0956134964786461,0.6932923026628613,-1.3571087987160178,-0.0878729613368647,1.0,0.0,0.0,0.0,0.0,0.0,0.0,1.0,0.0,0.0,0.0,0.0,1.0,0.0,0.0,0.0
-0.4988509476821572,-1.189193622442947,-0.8309886083974808,-1.407149680371003,0.27427163048831915,-0.07659177040117984,1.0,0.0,0.0,0.0,0.0,0.0,0.0,1.0,0.0,0.0,1.0,0.0,0.0,0.0,0.0,0.0
-0.4988509476821572,-1.189193622442947,-0.8309886083974808,-1.407149680371003,0.27427163048831915,-0.4395480209824861,1.0,0.0,0.0,0.0,0.0,0.0,0.0,1.0,0.0,0.0,1.0,0.0,0.0,0.0,0.0,0.0
0.8849985331101973,0.15239017580216555,-1.1548305629941849,1.393439630340816,1.139099809825558,-0.48358828259250325,0.0,0.0,1.0,0.0,0.0,0.0,1.0,0.0,0.0,0.0,0.0,0.0,0.0,0.0,0.0,1.0
-0.4988509476821572,0.33778492179081154,0.2908031434442983,0.6932923026628613,0.05806458565400943,-0.5792621293006849,1.0,0.0,0.0,0.0,0.0,0.0,1.0,0.0,0.0,1.0,0.0,0.0,0.0,0.0,0.0,0.0
-0.4988509476821572,0.1692442436193152,-1.5925650587745346,-0.0068550250150934385,-0.5905565488489197,-0.6191223668719984,0.0,0.0,0.0,1.0,0.0,0.0,1.0,0.0,0.0,1.0,0.0,0.0,0.0,0.0,0.0,0.0
-0.4988509476821572,0.1692442436193152,-1.5925650587745346,-0.0068550250150934385,-0.5905565488489197,-0.5042871695739023,0.0,0.0,0.0,1.0,0.0,0.0,1.0,0.0,0.0,1.0,0.0,0.0,0.0,0.0,0.0,0.0
-0.4988509476821572,-1.327396978543574,-1.6998645174653073,-0.7070023526930482,0.7263409060509667,-0.5015273149294718,0.0,0.0,0.0,1.0,0.0,0.0,1.0,0.0,0.0,0.0,0.0,0.0,0.0,1.0,0.0,0.0
-0.4988509476821572,-1.327396978543574,-1.6998645174653073,-0.7070023526930482,0.7263409060509667,-0.5402965669775295,0.0,0.0,0.0,1.0,0.0,0.0,1.0,0.0,0.0,0.0,0.0,0.0,0.0,1.0,0.0,0.0
-0.4988509476821572,-1.327396978543574,-1.6998645174653073,-0.7070023526930482,0.7263409060509667,-0.5629144787950098,0.0,0.0,0.0,1.0,0.0,0.0,1.0,0.0,0.0,0.0,0.0,0.0,0.0,1.0,0.0,0.0
-0.4988509476821572,-0.5858179945889894,0.11261122294701732,1.393439630340816,-0.4726254334847508,1.75798230749832,0.0,0.0,0.0,1.0,1.0,0.0,0.0,0.0,0.0,0.0,1.0,0.0,0.0,0.0,0.0,0.0
-0.4988509476821572,-0.5858179945889894,0.11261122294701732,1.393439630340816,-0.4726254334847508,1.9939102773763007,0.0,0.0,0.0,1.0,1.0,0.0,0.0,0.0,0.0,0.0,1.0,0.0,0.0,0.0,0.0,0.0
-0.4988509476821572,-1.489196029588211,0.43835266294337527,-0.0068550250150934385,1.0801342521434736,-0.17493386203317152,1.0,0.0,0.0,0.0,0.0,0.0,0.0,1.0,1.0,0.0,0.0,0.0,0.0,0.0,0.0,0.0
-0.4988509476821572,-1.489196029588211,0.43835266294337527,-0.0068550250150934385,1.0801342521434736,-0.22171949022760512,1.0,0.0,0.0,0.0,0.0,0.0,0.0,1.0,1.0,0.0,0.0,0.0,0.0,0.0,0.0,0.0
-0.4988509476821572,-1.0240237578348803,-0.40206577549127365,0.6932923026628613,0.7263409060509667,-0.491264682275161,1.0,0.0,0.0,0.0,0.0,0.0,0.0,1.0,1.0,0.0,0.0,0.0,0.0,0.0,0.0,0.0
-0.4988509476821572,0.23328970132448396,-1.005812046234288,1.393439630340816,-0.8657291513653139,-0.47968861785844247,0.0,0.0,0.0,1.0,0.0,0.0,1.0,0.0,1.0,0.0,0.0,0.0,0.0,0.0,0.0,0.0
-0.4988509476821572,0.6748662781338045,-0.47318450464838224,1.393439630340816,-1.4357295422921303,-0.32563275346888615,1.0,0.0,0.0,0.0,0.0,0.0,0.0,1.0,0.0,0.0,1.0,0.0,0.0,0.0,0.0,0.0
-0.4988509476821572,0.6748662781338045,-0.47318450464838224,1.393439630340816,-1.4357295422921303,-0.10917497992342654,1.0,0.0,0.0,0.0,0.0,0.0,0.0,1.0,0.0,0.0,1.0,0.0,0.0,0.0,0.0,0.0
-0.4988509476821572,0.6748662781338045,-0.47318450464838224,1.393439630340816,-1.4357295422921303,-0.38572482579760425,1.0,0.0,0.0,0.0,0.0,0.0,0.0,1.0,0.0,0.0,1.0,0.0,0.0,0.0,0.0,0.0
-0.4988509476821572,-0.3566026722757541,0.4380718593595535,-0.0068550250150934385,1.139099809825558,0.52025043014562,0.0,0.0,0.0,1.0,0.0,1.0,0.0,0.0,0.0,0.0,0.0,1.0,0.0,0.0,0.0,0.0
1.8075648536384334,-0.9228993509319824,0.43538449944165586,-0.7070023526930482,0.8246168355211075,-0.38327917075301837,0.0,1.0,0.0,0.0,0.0,0.0,0.0,1.0,0.0,0.0,1.0,0.0,0.0,0.0,0.0,0.0
-0.4988509476821572,0.8130696342344318,-0.357398279792021,0.6932923026628613,1.1194446239315299,-0.2557634409354396,0.0,0.0,0.0,1.0,0.0,0.0,0.0,1.0,0.0,0.0,0.0,1.0,0.0,0.0,0.0,0.0
-0.4988509476821572,0.8905983461933202,-0.08374126321305113,0.6932923026628613,1.0801342521434736,-0.11736907801373304,0.0,0.0,0.0,1.0,0.0,0.0,0.0,1.0,0.0,1.0,0.0,0.0,0.0,0.0,0.0,0.0
-0.4988509476821572,-0.2487366382459964,-0.13942275733228834,-1.407149680371003,1.4339275982359803,4.0803833775064104,0.0,0.0,0.0,1.0,1.0,0.0,0.0,0.0,0.0,0.0,0.0,0.0,0.0,1.0,0.0,0.0
-0.4988509476821572,-0.2487366382459964,-0.13942275733228834,-1.407149680371003,1.4339275982359803,1.6253854798815703,0.0,0.0,0.0,1.0,1.0,0.0,0.0,0.0,0.0,0.0,0.0,0.0,0.0,1.0,0.0,0.0
-0.4988509476821572,-0.6599758929844479,1.3269892539636183,-1.407149680371003,-0.5709013629548916,-0.5163522174420092,0.0,0.0,0.0,1.0,0.0,0.0,0.0,1.0,0.0,0.0,0.0,0.0,1.0,0.0,0.0,0.0
-0.4988509476821572,-0.07345433294764002,-0.3327223747773358,1.393439630340816,1.276686111083755,-0.33867656478926145,0.0,0.0,0.0,1.0,0.0,0.0,0.0,1.0,0.0,0.0,0.0,0.0,0.0,1.0,0.0,0.0
-0.4988509476821572,-1.3476218599241536,-0.2875431667621104,0.6932923026628613,1.3749620405538958,-0.5898858796257105,1.0,0.0,0.0,0.0,0.0,0.0,1.0,0.0,0.0,0.0,0.0,0.0,1.0,0.0,0.0,0.0
-0.4988509476821572,-1.3476218599241536,-0.2875431667621104,0.6932923026628613,1.3749620405538958,-0.506143965613231,1.0,0.0,0.0,0.0,0.0,0.0,1.0,0.0,0.0,0.0,0.0,0.0,1.0,0.0,0.0,0.0
1.8075648536384334,-1.5060500974053606,0.2611389136079197,-0.0068550250150934385,0.7263409060509667,-0.26378899045915655,0.0,0.0,0.0,1.0,0.0,0.0,0.0,1.0,0.0,0.0,0.0,1.0,0.0,0.0,0.0,0.0
-0.4988509476821572,-1.283576402218985,-0.006423968994885076,-1.407149680371003,-0.8657291513653139,1.1791568224511957,1.0,0.0,0.0,0.0,0.0,1.0,0.0,0.0,0.0,0.0,0.0,0.0,0.0,0.0,1.0,0.0
-0.4988509476821572,-1.283576402218985,-0.006423968994885076,-1.407149680371003,-0.8657291513653139,0.734779992419469,1.0,0.0,0.0,0.0,0.0,1.0,0.0,0.0,0.0,0.0,0.0,0.0,0.0,0.0,1.0,0.0
-0.4988509476821572,-1.0307653849617402,-0.09009415421067181,-1.407149680371003,-0.0598665297101595,-0.48244134273201433,0.0,0.0,0.0,1.0,0.0,0.0,1.0,0.0,0.0,0.0,0.0,1.0,0.0,0.0,0.0,0.0
-0.4988509476821572,-1.0307653849617402,-0.09009415421067181,-1.407149680371003,-0.0598665297101595,-0.5872138739436453,0.0,0.0,0.0,1.0,0.0,0.0,1.0,0.0,0.0,0.0,0.0,1.0,0.0,0.0,0.0,0.0
-0.4988509476821572,0.037782514645547785,-0.04579100696315484,-0.0068550250150934385,0.6870305342629104,-0.45607181339129715,0.0,0.0,0.0,1.0,0.0,0.0,1.0,0.0,0.0,0.0,0.0,0.0,0.0,1.0,0.0,0.0
-0.4988509476821572,-0.8655955203536737,0.7357387427006726,-0.0068550250150934385,1.3749620405538958,-0.6108650279753395,1.0,0.0,0.0,0.0,0.0,0.0,1.0,0.0,1.0,0.0,0.0,0.0,0.0,0.0,0.0,0.0
2.73013117416667,1.490603160483848,0.9478463985348403,-0.7070023526930482,1.2177205534016706,-0.6231182704544624,0.0,0.0,0.0,1.0,0.0,0.0,1.0,0.0,0.0,0.0,1.0,0.0,0.0,0.0,0.0,0.0
2.73013117416667,1.490603160483848,0.9478463985348403,-0.7070023526930482,1.2177205534016706,-0.48522089565362475,0.0,0.0,0.0,1.0,0.0,0.0,1.0,0.0,0.0,0.0,1.0,0.0,0.0,0.0,0.0,0.0
-0.4988509476821572,1.5580194317524465,-1.6373404665948428,-0.0068550250150934385,-1.1015913820936518,-0.6269425698542547,0.0,0.0,0.0,1.0,0.0,0.0,1.0,0.0,0.0,0.0,0.0,0.0,0.0,0.0,0.0,1.0
-0.4988509476821572,1.571502686006166,0.7569115649899119,-0.7070023526930482,1.1587549957195862,-0.5024370005651794,0.0,0.0,0.0,1.0,0.0,0.0,1.0,0.0,0.0,0.0,0.0,0.0,0.0,0.0,1.0,0.0
-0.4988509476821572,1.1636342448311445,-1.4305878047248795,1.393439630340816,-0.21710801686238476,-0.477892725209745,0.0,0.0,0.0,1.0,0.0,0.0,1.0,0.0,1.0,0.0,0.0,0.0,0.0,0.0,0.0,0.0
-0.4988509476821572,-0.43413138423464254,-0.20849579757089368,1.393439630340816,-0.8853843372593421,-0.5307518669915751,0.0,0.0,0.0,1.0,0.0,0.0,1.0,0.0,0.0,0.0,0.0,0.0,0.0,1.0,0.0,0.0
-0.4988509476821572,-0.43413138423464254,-0.20849579757089368,1.393439630340816,-0.8853843372593421,-0.5597220912475827,0.0,0.0,0.0,1.0,0.0,0.0,1.0,0.0,0.0,0.0,0.0,0.0,0.0,1.0,0.0,0.0
1.3462816933743154,-1.4150381311927525,-1.6334916009438643,-1.407149680371003,1.5715138994941775,-0.11254228190428131,0.0,0.0,0.0,1.0,0.0,0.0,0.0,1.0,0.0,0.0,0.0,0.0,0.0,0.0,1.0,0.0
-0.4988509476821572,0.2568853962684931,-1.4980421631476528,-0.0068550250150934385,1.0997894380375017,-0.1206758487623255,0.0,0.0,0.0,1.0,0.0,0.0,0.0,1.0,0.0,1.0,0.0,0.0,0.0,0.0,0.0,0.0
-0.4988509476821572,0.051265768899267525,-1.0104012122426151,1.393439630340816,-0.3350391322265537,-0.6062198647372399,0.0,0.0,0.0,1.0,0.0,0.0,1.0,0.0,0.0,0.0,0.0,0.0,1.0,0.0,0.0,0.0
-0.4988509476821572,0.051265768899267525,-1.0104012122426151,1.393439630340816,-0.3350391322265537,-0.5784099388684399,0.0,0.0,0.0,1.0,0.0,0.0,1.0,0.0,0.0,0.0,0.0,0.0,1.0,0.0,0.0,0.0
1.3462816933743154,-0.4981768419398113,0.4130281248569695,1.393439630340816,-0.0009009720280750351,-0.4526105903904776,1.0,0.0,0.0,0.0,0.0,0.0,1.0,0.0,1.0,0.0,0.0,0.0,0.0,0.0,0.0,0.0
1.3462816933743154,-0.4981768419398113,0.4130281248569695,1.393439630340816,-0.0009009720280750351,-0.4657506340301619,1.0,0.0,0.0,0.0,0.0,0.0,1.0,0.0,1.0,0.0,0.0,0.0,0.0,0.0,0.0,0.0
0.42371537284607913,-1.0341361985251702,-1.5575713625724807,-1.407149680371003,-0.5905565488489197,-0.5127871361398633,0.0,0.0,0.0,1.0,0.0,0.0,1.0,0.0,0.0,0.0,0.0,0.0,0.0,0.0,0.0,1.0
-0.4988509476821572,-1.6442534535059876,-1.4590255494864663,-0.0068550250150934385,-0.5119358052728071,-0.588142382957911,0.0,1.0,0.0,0.0,0.0,0.0,1.0,0.0,0.0,0.0,0.0,0.0,0.0,0.0,1.0,0.0
-0.4988509476821572,-1.6442534535059876,-1.4590255494864663,-0.0068550250150934385,-0.5119358052728071,-0.630422570529973,0.0,1.0,0.0,0.0,0.0,0.0,1.0,0.0,0.0,0.0,0.0,0.0,0.0,0.0,1.0,0.0
-0.4988509476821572,0.05463658246269746,-1.4983090425868222,0.6932923026628613,1.1784101816136143,0.39199195057265757,0.0,0.0,0.0,1.0,0.0,1.0,0.0,0.0,0.0,0.0,0.0,1.0,0.0,0.0,0.0,0.0
-0.4988509476821572,0.21306481994390433,0.4754605084418062,-0.0068550250150934385,-0.2367632027564129,-0.575136525262079,1.0,0.0,0.0,0.0,0.0,0.0,1.0,0.0,0.0,1.0,0.0,0.0,0.0,0.0,0.0,0.0
-0.4988509476821572,0.21306481994390433,0.4754605084418062,-0.0068550250150934385,-0.2367632027564129,-0.5380240373945624,1.0,0.0,0.0,0.0,0.0,0.0,1.0,0.0,0.0,1.0,0.0,0.0,0.0,0.0,0.0,0.0
-0.4988509476821572,0.21306481994390433,0.4754605084418062,-0.0068550250150934385,-0.2367632027564129,-0.6275052667790808,1.0,0.0,0.0,0.0,0.0,0.0,1.0,0.0,0.0,1.0,0.0,0.0,0.0,0.0,0.0,0.0
-0.4988509476821572,0.04115332820897772,0.9711577373735982,-0.0068550250150934385,1.0211686944613891,-0.5898423240383497,1.0,0.0,0.0,0.0,0.0,0.0,1.0,0.0,0.0,0.0,0.0,0.0,1.0,0.0,0.0,0.0
-0.4988509476821572,0.04115332820897772,0.9711577373735982,-0.0068550250150934385,1.0211686944613891,-0.49590759297576403,1.0,0.0,0.0,0.0,0.0,0.0,1.0,0.0,0.0,0.0,0.0,0.0,1.0,0.0,0.0,0.0
-0.4988509476821572,1.1703758719580044,-0.2019700151105067,1.393439630340816,-0.5512461770608634,1.1303331636208271,0.0,0.0,0.0,1.0,0.0,1.0,0.0,0.0,0.0,0.0,0.0,0.0,0.0,1.0,0.0,0.0
-0.4988509476821572,-1.1622271139355076,-0.0941170716698044,1.393439630340816,-1.2391776833518489,-0.5949873547278572,0.0,1.0,0.0,0.0,0.0,0.0,1.0,0.0,0.0,0.0,1.0,0.0,0.0,0.0,0.0,0.0
-0.4988509476821572,-1.1622271139355076,-0.0941170716698044,1.393439630340816,-1.2391776833518489,-0.5418724095646438,0.0,1.0,0.0,0.0,0.0,0.0,1.0,0.0,0.0,0.0,1.0,0.0,0.0,0.0,0.0,0.0
-0.4988509476821572,1.2209380754094534,-0.1263874372469421,-0.7070023526930482,-0.09917690149821581,-0.45320828326017765,0.0,0.0,0.0,1.0,0.0,0.0,1.0,0.0,1.0,0.0,0.0,0.0,0.0,0.0,0.0,0.0
-0.4988509476821572,1.2209380754094534,-0.1263874372469421,-0.7070023526930482,-0.09917690149821581,-0.45226708821589523,0.0,0.0,0.0,1.0,0.0,0.0,1.0,0.0,1.0,0.0,0.0,0.0,0.0,0.0,0.0,0.0
0.42371537284607913,-1.088069215540049,0.6760378121584659,0.6932923026628613,-1.1998673115637926,0.7971107213904814,0.0,0.0,0.0,1.0,0.0,1.0,0.0,0.0,0.0,0.0,0.0,0.0,0.0,0.0,1.0,0.0
0.42371537284607913,-1.088069215540049,0.6760378121584659,0.6932923026628613,-1.1998673115637926,0.8104232441114595,0.0,0.0,0.0,1.0,0.0,1.0,0.0,0.0,0.0,0.0,0.0,0.0,0.0,0.0,1.0,0.0
-0.4988509476821572,-1.0206529442714505,-0.7696887219110327,-0.0068550250150934385,-0.17779764507432844,-0.4836128450448569,0.0,0.0,0.0,1.0,0.0,0.0,1.0,0.0,0.0,0.0,0.0,1.0,0.0,0.0,0.0,0.0
-0.4988509476821572,-1.0206529442714505,-0.7696887219110327,-0.0068550250150934385,-0.17779764507432844,-0.5495203162802438,0.0,0.0,0.0,1.0,0.0,0.0,1.0,0.0,0.0,0.0,0.0,1.0,0.0,0.0,0.0,0.0
-0.4988509476821572,1.4636366519764086,-0.5055569806196369,1.393439630340816,1.001513508567361,-0.10245717532107529,0.0,0.0,1.0,0.0,0.0,0.0,0.0,1.0,0.0,0.0,0.0,0.0,0.0,0.0,1.0,0.0
-0.4988509476821572,-1.5532414872933797,-1.130357718422346,1.393439630340816,-1.1605569397757363,-0.5412572905425429,1.0,0.0,0.0,0.0,0.0,0.0,1.0,0.0,0.0,0.0,0.0,0.0,0.0,1.0,0.0,0.0
-0.4988509476821572,-1.5532414872933797,-1.130357718422346,1.393439630340816,-1.1605569397757363,-0.6338292951815644,1.0,0.0,0.0,0.0,0.0,0.0,1.0,0.0,0.0,0.0,0.0,0.0,0.0,1.0,0.0,0.0
2.2688480139025518,-0.1004208414550793,0.6705969526355722,-1.407149680371003,1.7287553866464027,-0.5830364354262422,0.0,0.0,0.0,1.0,0.0,0.0,1.0,0.0,0.0,0.0,0.0,0.0,0.0,0.0,1.0,0.0
0.42371537284607913,-0.606042875969569,1.4814996854434672,1.393439630340816,0.1563405151241502,-0.2173150808087743,0.0,0.0,0.0,1.0,0.0,0.0,0.0,1.0,0.0,1.0,0.0,0.0,0.0,0.0,0.0,0.0
1.3462816933743154,0.5804834983577668,-1.1972179800066203,-1.407149680371003,1.0997894380375017,-0.1341960489113911,0.0,0.0,0.0,1.0,0.0,0.0,0.0,1.0,0.0,0.0,0.0,0.0,0.0,0.0,0.0,1.0
1.3462816933743154,0.5804834983577668,-1.1972179800066203,-1.407149680371003,1.0997894380375017,-0.40879338875446647,0.0,0.0,0.0,1.0,0.0,0.0,0.0,1.0,0.0,0.0,0.0,0.0,0.0,0.0,0.0,1.0
-0.4988509476821572,1.1703758719580044,1.1648924843390307,1.393439630340816,-0.37434950401461,0.4093232809385283,0.0,0.0,0.0,1.0,0.0,1.0,0.0,0.0,0.0,0.0,0.0,1.0,0.0,0.0,0.0,0.0
1.8075648536384334,-0.4476146384883623,1.6441963536334923,1.393439630340816,1.4535827841300084,0.21887075245238757,0.0,0.0,0.0,1.0,0.0,1.0,0.0,0.0,1.0,0.0,0.0,0.0,0.0,0.0,0.0,0.0
-0.4988509476821572,-0.22177012973855692,0.18553312883660125,0.6932923026628613,0.7656512778390231,1.0079650891886214,0.0,0.0,0.0,1.0,0.0,1.0,0.0,0.0,0.0,0.0,0.0,0.0,0.0,1.0,0.0,0.0
-0.03756778741803903,-0.18132036697739773,-1.2213380795806004,-1.407149680371003,1.394617226447924,-0.48875974958439783,0.0,0.0,0.0,1.0,0.0,0.0,1.0,0.0,0.0,0.0,0.0,0.0,0.0,0.0,0.0,1.0
-0.4988509476821572,-0.8723371474805334,1.0280030579166919,1.393439630340816,0.6280649765808259,-0.5564798214205218,0.0,1.0,0.0,0.0,0.0,0.0,1.0,0.0,0.0,0.0,0.0,0.0,0.0,1.0,0.0,0.0
-0.4988509476821572,-0.8723371474805334,1.0280030579166919,1.393439630340816,0.6280649765808259,-0.4773167219909537,0.0,1.0,0.0,0.0,0.0,0.0,1.0,0.0,0.0,0.0,0.0,0.0,0.0,1.0,0.0,0.0
-0.4988509476821572,-0.8723371474805334,1.0280030579166919,1.393439630340816,0.6280649765808259,-0.5847112068485671,0.0,1.0,0.0,0.0,0.0,0.0,1.0,0.0,0.0,0.0,0.0,0.0,0.0,1.0,0.0,0.0
1.3462816933743154,0.752394990092693,0.774509363139668,-0.0068550250150934385,-0.1581424591803003,-0.5301264907624972,0.0,0.0,0.0,1.0,0.0,0.0,1.0,0.0,0.0,1.0,0.0,0.0,0.0,0.0,0.0,0.0
1.3462816933743154,0.752394990092693,0.774509363139668,-0.0068550250150934385,-0.1581424591803003,-0.4663344068710428,0.0,0.0,0.0,1.0,0.0,0.0,1.0,0.0,0.0,1.0,0.0,0.0,0.0,0.0,0.0,0.0
-0.4988509476821572,-1.293688842909275,-0.4358712780163295,-1.407149680371003,-0.1581424591803003,-0.5443221322349119,1.0,0.0,0.0,0.0,0.0,0.0,1.0,0.0,0.0,0.0,1.0,0.0,0.0,0.0,0.0,0.0
-0.4988509476821572,-0.7509878591970559,-1.0606987037629556,-0.7070023526930482,-0.17779764507432844,-0.45498003784764396,0.0,0.0,0.0,1.0,0.0,0.0,1.0,0.0,0.0,1.0,0.0,0.0,0.0,0.0,0.0,0.0
2.2688480139025518,-1.5026792838419307,1.2434548291581917,-1.407149680371003,0.254616444594291,-0.5734515423364362,0.0,1.0,0.0,0.0,0.0,0.0,1.0,0.0,0.0,0.0,0.0,0.0,0.0,0.0,0.0,1.0
2.2688480139025518,-1.5026792838419307,1.2434548291581917,-1.407149680371003,0.254616444594291,-0.5083311729932853,0.0,1.0,0.0,0.0,0.0,0.0,1.0,0.0,0.0,0.0,0.0,0.0,0.0,0.0,0.0,1.0
-0.4988509476821572,-0.20491606192140727,0.017686847815993504,-1.407149680371003,0.19565088691220653,2.1317253007120835,0.0,0.0,0.0,1.0,1.0,0.0,0.0,0.0,0.0,0.0,0.0,0.0,0.0,0.0,0.0,1.0
0.42371537284607913,1.1265552956334153,-1.5025303791072504,0.6932923026628613,0.01875421386595312,-0.5101163318111297,0.0,0.0,0.0,1.0,0.0,0.0,1.0,0.0,0.0,0.0,0.0,0.0,1.0,0.0,0.0,0.0
0.42371537284607913,1.1265552956334153,-1.5025303791072504,0.6932923026628613,0.01875421386595312,-0.6332723569178164,0.0,0.0,0.0,1.0,0.0,0.0,1.0,0.0,0.0,0.0,0.0,0.0,1.0,0.0,0.0,0.0
0.8849985331101973,-1.576837182237389,-1.1549245509705879,-0.7070023526930482,-0.629866920636976,-0.5422689541004492,1.0,0.0,0.0,0.0,0.0,0.0,1.0,0.0,0.0,0.0,1.0,0.0,0.0,0.0,0.0,0.0
-0.4988509476821572,-0.8622247067902438,0.18217276859384152,0.6932923026628613,0.3332371881704036,-0.47239330834563553,1.0,0.0,0.0,0.0,0.0,0.0,1.0,0.0,0.0,0.0,1.0,0.0,0.0,0.0,0.0,0.0
1.8075648536384334,0.6782370916972345,-0.32208200757218847,-1.407149680371003,1.4732379700240366,2.0866684134325735,0.0,0.0,0.0,1.0,1.0,0.0,0.0,0.0,0.0,0.0,0.0,0.0,1.0,0.0,0.0,0.0
-0.4988509476821572,1.6254357030210451,-0.7814372189614271,-0.0068550250150934385,0.9425479508852764,-0.5723605894586514,0.0,0.0,0.0,1.0,0.0,0.0,1.0,0.0,0.0,0.0,0.0,0.0,0.0,0.0,1.0,0.0
-0.4988509476821572,1.581615126696456,1.549012061135625,0.6932923026628613,0.038409399759981276,-0.2312243953844538,1.0,0.0,0.0,0.0,0.0,0.0,0.0,1.0,0.0,0.0,0.0,0.0,0.0,0.0,1.0,0.0
-0.4988509476821572,-0.8689663339171037,0.886751893182014,-0.7070023526930482,-0.5512461770608634,-0.014872530275897102,0.0,0.0,0.0,1.0,0.0,0.0,0.0,1.0,0.0,0.0,0.0,1.0,0.0,0.0,0.0,0.0
-0.4988509476821572,-1.1622271139355076,-1.6689413128832815,-1.407149680371003,0.038409399759981276,-0.10392921836871098,1.0,0.0,0.0,0.0,0.0,0.0,0.0,1.0,0.0,0.0,1.0,0.0,0.0,0.0,0.0,0.0
-0.4988509476821572,-1.1622271139355076,-1.6689413128832815,-1.407149680371003,0.038409399759981276,-0.4372805579766127,1.0,0.0,0.0,0.0,0.0,0.0,0.0,1.0,0.0,0.0,1.0,0.0,0.0,0.0,0.0,0.0
-0.4988509476821572,0.6108208204286362,-1.351358261307795,0.6932923026628613,-1.2784880551399052,-0.4696571608422194,0.0,0.0,0.0,1.0,0.0,0.0,1.0,0.0,0.0,0.0,0.0,0.0,0.0,1.0,0.0,0.0
-0.4988509476821572,-0.5285141640106805,1.4908427865051734,0.6932923026628613,0.7853064637330512,-0.5255728980704528,0.0,0.0,0.0,1.0,0.0,0.0,1.0,0.0,0.0,0.0,0.0,1.0,0.0,0.0,0.0,0.0
-0.4988509476821572,-1.088069215540049,1.549844028778601,-1.407149680371003,-0.39400468990863813,-0.5847230702127156,0.0,0.0,0.0,1.0,0.0,0.0,1.0,0.0,1.0,0.0,0.0,0.0,0.0,0.0,0.0,0.0
-0.4988509476821572,-1.088069215540049,1.549844028778601,-1.407149680371003,-0.39400468990863813,-0.46635639033119025,0.0,0.0,0.0,1.0,0.0,0.0,1.0,0.0,1.0,0.0,0.0,0.0,0.0,0.0,0.0,0.0
-0.4988509476821572,-1.088069215540049,1.549844028778601,-1.407149680371003,-0.39400468990863813,-0.5921722051847071,0.0,0.0,0.0,1.0,0.0,0.0,1.0,0.0,1.0,0.0,0.0,0.0,0.0,0.0,0.0,0.0
-0.4988509476821572,0.2973351590296523,-0.9322995245423684,-0.0068550250150934385,-0.8657291513653139,-0.4841118833013024,0.0,0.0,0.0,1.0,0.0,0.0,0.0,1.0,0.0,0.0,1.0,0.0,0.0,0.0,0.0,0.0
-0.4988509476821572,-0.029633756623050886,0.8765072037540701,-0.7070023526930482,0.8639272073091638,-0.23526427241630699,1.0,0.0,0.0,0.0,0.0,0.0,0.0,1.0,0.0,0.0,0.0,1.0,0.0,0.0,0.0,0.0
-0.4988509476821572,-0.029633756623050886,0.8765072037540701,-0.7070023526930482,0.8639272073091638,-0.056721268774598405,1.0,0.0,0.0,0.0,0.0,0.0,0.0,1.0,0.0,0.0,0.0,1.0,0.0,0.0,0.0,0.0
-0.4988509476821572,-0.029633756623050886,0.8765072037540701,-0.7070023526930482,0.8639272073091638,-0.3956118135466211,1.0,0.0,0.0,0.0,0.0,0.0,0.0,1.0,0.0,0.0,0.0,1.0,0.0,0.0,0.0,0.0
-0.4988509476821572,-0.17457873985053785,1.0235136816117065,1.393439630340816,1.6108242712822338,4.222341098049395,0.0,0.0,0.0,1.0,1.0,0.0,0.0,0.0,0.0,0.0,0.0,0.0,0.0,0.0,1.0,0.0
-0.4988509476821572,-0.5184017233203907,-1.3970932747637255,-0.7070023526930482,-0.9443498949414265,-0.43642904657016385,0.0,0.0,0.0,1.0,0.0,0.0,0.0,1.0,0.0,0.0,0.0,0.0,0.0,0.0,0.0,1.0
-0.4988509476821572,-0.6734591472381677,-1.1672160896624229,0.6932923026628613,-0.7871084077892013,-0.622101762308665,0.0,0.0,0.0,1.0,0.0,0.0,1.0,0.0,0.0,0.0,0.0,0.0,0.0,0.0,0.0,1.0
-0.4988509476821572,-0.7644711134507757,1.1898167032666822,-0.0068550250150934385,-1.396419170504074,3.0834044706402395,0.0,0.0,0.0,1.0,1.0,0.0,0.0,0.0,0.0,1.0,0.0,0.0,0.0,0.0,0.0,0.0
-0.4988509476821572,-1.53638741947623,-1.035891679719461,-0.7070023526930482,0.4315131176405444,-0.3853561474358141,0.0,0.0,0.0,1.0,0.0,0.0,0.0,1.0,0.0,1.0,0.0,0.0,0.0,0.0,0.0,0.0
-0.4988509476821572,-1.0341361985251702,0.06791587895846003,-1.407149680371003,1.5125483418120929,2.3613751874234157,0.0,0.0,0.0,1.0,1.0,0.0,0.0,0.0,0.0,0.0,0.0,0.0,1.0,0.0,0.0,0.0
-0.4988509476821572,-1.0341361985251702,0.06791587895846003,-1.407149680371003,1.5125483418120929,2.159839815354076,0.0,0.0,0.0,1.0,1.0,0.0,0.0,0.0,0.0,0.0,0.0,0.0,1.0,0.0,0.0,0.0
-0.4988509476821572,0.8568902105590209,1.366995642240507,1.393439630340816,1.276686111083755,-0.060971095359318286,1.0,0.0,0.0,0.0,0.0,0.0,0.0,1.0,0.0,0.0,1.0,0.0,0.0,0.0,0.0,0.0
-0.4988509476821572,0.8568902105590209,1.366995642240507,1.393439630340816,1.276686111083755,-0.2168363610934571,1.0,0.0,0.0,0.0,0.0,0.0,0.0,1.0,0.0,0.0,1.0,0.0,0.0,0.0,0.0,0.0
-0.4988509476821572,-0.5655931132084098,1.7034633150007017,1.393439630340816,0.21530607280623468,-0.6086147103708167,0.0,0.0,1.0,0.0,0.0,0.0,1.0,0.0,0.0,0.0,1.0,0.0,0.0,0.0,0.0,0.0
1.3462816933743154,0.5905959390480565,-1.164374403807962,0.6932923026628613,0.8246168355211075,1.043781160113197,1.0,0.0,0.0,0.0,0.0,1.0,0.0,0.0,0.0,0.0,0.0,1.0,0.0,0.0,0.0,0.0
2.2688480139025518,0.7557658036561229,-1.6387839362571333,0.6932923026628613,-0.7084876642130886,1.2720805428652944,0.0,0.0,0.0,1.0,0.0,1.0,0.0,0.0,0.0,0.0,0.0,0.0,1.0,0.0,0.0,0.0
2.2688480139025518,0.7557658036561229,-1.6387839362571333,0.6932923026628613,-0.7084876642130886,0.43728841643448174,0.0,0.0,0.0,1.0,0.0,1.0,0.0,0.0,0.0,0.0,0.0,0.0,1.0,0.0,0.0,0.0
2.2688480139025518,0.7557658036561229,-1.6387839362571333,0.6932923026628613,-0.7084876642130886,0.4786080175525083,0.0,0.0,0.0,1.0,0.0,1.0,0.0,0.0,0.0,0.0,0.0,0.0,1.0,0.0,0.0,0.0
-0.4988509476821572,0.2973351590296523,1.5550539795693439,-0.0068550250150934385,-1.534005471762271,3.9328589969582226,1.0,0.0,0.0,0.0,1.0,0.0,0.0,0.0,0.0,0.0,0.0,0.0,0.0,1.0,0.0,0.0
-0.4988509476821572,0.2973351590296523,1.5550539795693439,-0.0068550250150934385,-1.534005471762271,3.855926608263316,1.0,0.0,0.0,0.0,1.0,0.0,0.0,0.0,0.0,0.0,0.0,0.0,0.0,1.0,0.0,0.0
-0.4988509476821572,-1.5903204364911088,0.3851937596969832,0.6932923026628613,0.17599570101817838,4.212234615211802,0.0,1.0,0.0,0.0,1.0,0.0,0.0,0.0,0.0,0.0,0.0,0.0,0.0,0.0,1.0,0.0
2.2688480139025518,0.8299237020515815,-1.364272905472821,0.6932923026628613,1.7287553866464027,-0.5788483544853045,0.0,0.0,0.0,1.0,0.0,0.0,1.0,0.0,0.0,0.0,0.0,1.0,0.0,0.0,0.0,0.0
-0.4988509476821572,1.571502686006166,-0.24251132261112207,-0.7070023526930482,-1.7895228883846372,0.02872781402559123,1.0,0.0,0.0,0.0,0.0,1.0,0.0,0.0,0.0,0.0,0.0,1.0,0.0,0.0,0.0,0.0
-0.4988509476821572,1.571502686006166,-0.24251132261112207,-0.7070023526930482,-1.7895228883846372,-0.06504478656999646,1.0,0.0,0.0,0.0,0.0,1.0,0.0,0.0,0.0,0.0,0.0,1.0,0.0,0.0,0.0,0.0
-0.4988509476821572,1.244533770353463,-1.1211631415702643,-0.7070023526930482,-1.5733158435503276,-0.16830895338299676,1.0,0.0,0.0,0.0,0.0,0.0,0.0,1.0,0.0,0.0,1.0,0.0,0.0,0.0,0.0,0.0
-0.4988509476821572,1.244533770353463,-1.1211631415702643,-0.7070023526930482,-1.5733158435503276,-0.24024650014211477,1.0,0.0,0.0,0.0,0.0,0.0,0.0,1.0,0.0,0.0,1.0,0.0,0.0,0.0,0.0,0.0
-0.4988509476821572,-1.094810842666909,0.5206234716216039,0.6932923026628613,0.45116830353457255,-0.5282329359228624,1.0,0.0,0.0,0.0,0.0,0.0,1.0,0.0,0.0,0.0,1.0,0.0,0.0,0.0,0.0,0.0
-0.4988509476821572,-1.094810842666909,0.5206234716216039,0.6932923026628613,0.45116830353457255,-0.5988202464156073,1.0,0.0,0.0,0.0,0.0,0.0,1.0,0.0,0.0,0.0,1.0,0.0,0.0,0.0,0.0,0.0
-0.4988509476821572,-1.094810842666909,0.5206234716216039,0.6932923026628613,0.45116830353457255,-0.4779794968715686,1.0,0.0,0.0,0.0,0.0,0.0,1.0,0.0,0.0,0.0,1.0,0.0,0.0,0.0,0.0,0.0
-0.4988509476821572,-0.5588514860815499,-1.6209343431582475,-0.0068550250150934385,0.27427163048831915,2.7877726940779097,1.0,0.0,0.0,0.0,1.0,0.0,0.0,0.0,0.0,0.0,0.0,0.0,0.0,1.0,0.0,0.0
-0.4988509476821572,-0.5588514860815499,-1.6209343431582475,-0.0068550250150934385,0.27427163048831915,2.4778778696747175,1.0,0.0,0.0,0.0,1.0,0.0,0.0,0.0,0.0,0.0,0.0,0.0,0.0,1.0,0.0,0.0
-0.4988509476821572,-0.5925596217158493,-0.9757254506767892,-0.0068550250150934385,1.2373757392956988,-0.5104673293858455,1.0,0.0,0.0,0.0,0.0,0.0,1.0,0.0,0.0,0.0,0.0,0.0,0.0,0.0,1.0,0.0
-0.4988509476821572,0.1591318029290254,0.8385488250864599,0.6932923026628613,-0.7674532218951731,-0.5822931829306056,1.0,0.0,0.0,0.0,0.0,0.0,1.0,0.0,0.0,0.0,0.0,1.0,0.0,0.0,0.0,0.0
1.3462816933743154,-0.24199501111913652,0.6634109336495877,1.393439630340816,-1.4750399140801866,1.188145152204597,1.0,0.0,0.0,0.0,0.0,1.0,0.0,0.0,0.0,0.0,0.0,0.0,0.0,0.0,0.0,1.0
1.3462816933743154,-0.24199501111913652,0.6634109336495877,1.393439630340816,-1.4750399140801866,0.4377781964353617,1.0,0.0,0.0,0.0,0.0,1.0,0.0,0.0,0.0,0.0,0.0,0.0,0.0,0.0,0.0,1.0
1.3462816933743154,-0.24199501111913652,0.6634109336495877,1.393439630340816,-1.4750399140801866,1.0551606465619559,1.0,0.0,0.0,0.0,0.0,1.0,0.0,0.0,0.0,0.0,0.0,0.0,0.0,0.0,0.0,1.0
-0.4988509476821572,0.9411605496447693,1.5918125611060792,0.6932923026628613,0.35289237406443175,-0.3115106883589312,0.0,0.0,0.0,1.0,0.0,0.0,0.0,1.0,0.0,0.0,0.0,0.0,0.0,0.0,1.0,0.0
-0.4988509476821572,-1.4420046397001918,-1.1276123412350636,-0.0068550250150934385,1.001513508567361,-0.5509460811082402,1.0,0.0,0.0,0.0,0.0,0.0,1.0,0.0,0.0,0.0,1.0,0.0,0.0,0.0,0.0,0.0
-0.4988509476821572,-1.4420046397001918,-1.1276123412350636,-0.0068550250150934385,1.001513508567361,-0.5467603898157771,1.0,0.0,0.0,0.0,0.0,0.0,1.0,0.0,0.0,0.0,1.0,0.0,0.0,0.0,0.0,0.0
-0.4988509476821572,-1.4420046397001918,-1.1276123412350636,-0.0068550250150934385,1.001513508567361,-0.5558466820984485,1.0,0.0,0.0,0.0,0.0,0.0,1.0,0.0,0.0,0.0,1.0,0.0,0.0,0.0,0.0,0.0
-0.03756778741803903,0.43216770156684964,-1.1238261342350204,0.6932923026628613,1.4732379700240366,-0.5360537656981611,0.0,0.0,0.0,1.0,0.0,0.0,1.0,0.0,0.0,0.0,0.0,0.0,0.0,1.0,0.0,0.0
-0.4988509476821572,-0.8689663339171037,-1.2885592085804471,-0.7070023526930482,-1.7305573307025528,1.304229175878062,1.0,0.0,0.0,0.0,1.0,0.0,0.0,0.0,0.0,0.0,0.0,0.0,1.0,0.0,0.0,0.0
1.3462816933743154,0.21980644707076422,-0.16447229356181078,0.6932923026628613,1.0408238803554173,0.4145949499390013,0.0,0.0,0.0,1.0,0.0,1.0,0.0,0.0,0.0,0.0,1.0,0.0,0.0,0.0,0.0,0.0
1.3462816933743154,0.21980644707076422,-0.16447229356181078,0.6932923026628613,1.0408238803554173,0.6899318206940231,0.0,0.0,0.0,1.0,0.0,1.0,0.0,0.0,0.0,0.0,1.0,0.0,0.0,0.0,0.0,0.0
1.3462816933743154,1.5647610588793064,-0.5430001659351112,-0.0068550250150934385,0.9228927649912483,1.1448158697776207,0.0,0.0,0.0,1.0,0.0,1.0,0.0,0.0,0.0,1.0,0.0,0.0,0.0,0.0,0.0,0.0
1.8075648536384334,1.3018376009317718,-0.3089410960565621,0.6932923026628613,-1.5733158435503276,-0.4743582523011754,1.0,0.0,0.0,0.0,0.0,0.0,1.0,0.0,0.0,0.0,0.0,0.0,1.0,0.0,0.0,0.0
2.2688480139025518,-0.8723371474805334,-1.0491196171391644,0.6932923026628613,1.5715138994941775,-0.607302094745183,1.0,0.0,0.0,0.0,0.0,0.0,1.0,0.0,0.0,0.0,0.0,0.0,0.0,1.0,0.0,0.0
2.2688480139025518,-0.8723371474805334,-1.0491196171391644,0.6932923026628613,1.5715138994941775,-0.5874062471749448,1.0,0.0,0.0,0.0,0.0,0.0,1.0,0.0,0.0,0.0,0.0,0.0,0.0,1.0,0.0,0.0
-0.4988509476821572,-1.2768347750921252,1.343371010147072,-1.407149680371003,1.6697898289643183,-0.38087897779129765,0.0,0.0,0.0,1.0,0.0,0.0,0.0,1.0,0.0,0.0,0.0,0.0,0.0,0.0,1.0,0.0
-0.4988509476821572,0.1894691249998948,-0.3059033118315811,-1.407149680371003,0.23496125870026283,-0.4807925309882002,0.0,0.0,0.0,1.0,0.0,0.0,1.0,0.0,0.0,0.0,0.0,0.0,0.0,0.0,1.0,0.0
-0.4988509476821572,0.1894691249998948,-0.3059033118315811,-1.407149680371003,0.23496125870026283,-0.5839821551328003,0.0,0.0,0.0,1.0,0.0,0.0,1.0,0.0,0.0,0.0,0.0,0.0,0.0,0.0,1.0,0.0
0.8849985331101973,-0.9195285373685524,-1.677674072271061,-1.407149680371003,0.7656512778390231,-0.561716703407135,0.0,1.0,0.0,0.0,0.0,0.0,1.0,0.0,0.0,1.0,0.0,0.0,0.0,0.0,0.0,0.0
0.8849985331101973,-0.9195285373685524,-1.677674072271061,-1.407149680371003,0.7656512778390231,-0.6000126614171497,0.0,1.0,0.0,0.0,0.0,0.0,1.0,0.0,0.0,1.0,0.0,0.0,0.0,0.0,0.0,0.0
0.8849985331101973,-0.9195285373685524,-1.677674072271061,-1.407149680371003,0.7656512778390231,-0.5130628728458176,0.0,1.0,0.0,0.0,0.0,0.0,1.0,0.0,0.0,1.0,0.0,0.0,0.0,0.0,0.0,0.0
-0.4988509476821572,-0.4813227741226616,-0.24908235854162908,1.393439630340816,-1.12124656798768,-0.2933373855932274,0.0,0.0,0.0,1.0,0.0,0.0,0.0,1.0,0.0,0.0,0.0,0.0,1.0,0.0,0.0,0.0
0.42371537284607913,-1.3476218599241536,1.4337468313583381,0.6932923026628613,0.49047867532262884,-0.498358497412081,0.0,0.0,0.0,1.0,0.0,0.0,1.0,0.0,0.0,0.0,0.0,0.0,0.0,0.0,1.0,0.0
0.42371537284607913,-1.3476218599241536,1.4337468313583381,0.6932923026628613,0.49047867532262884,-0.5614173052638256,0.0,0.0,0.0,1.0,0.0,0.0,1.0,0.0,0.0,0.0,0.0,0.0,0.0,0.0,1.0,0.0
0.42371537284607913,-1.3476218599241536,1.4337468313583381,0.6932923026628613,0.49047867532262884,-0.5241205206545262,0.0,0.0,0.0,1.0,0.0,0.0,1.0,0.0,0.0,0.0,0.0,0.0,0.0,0.0,1.0,0.0
-0.4988509476821572,0.08160309097013693,-1.6394673796904846,-0.0068550250150934385,1.6501346430702901,-0.5123360475511705,1.0,0.0,0.0,0.0,0.0,0.0,0.0,1.0,0.0,0.0,0.0,1.0,0.0,0.0,0.0,0.0
-0.4988509476821572,-0.943124232312562,0.3124517073424918,1.393439630340816,1.4732379700240366,-0.4774161731536999,1.0,0.0,0.0,0.0,0.0,0.0,1.0,0.0,1.0,0.0,0.0,0.0,0.0,0.0,0.0,0.0
-0.4988509476821572,0.14564854867530566,1.474339194056012,1.393439630340816,1.1784101816136143,-0.4829694158703356,1.0,0.0,0.0,0.0,0.0,0.0,1.0,0.0,0.0,0.0,0.0,0.0,1.0,0.0,0.0,0.0
-0.4988509476821572,1.1535218041408548,-0.05502155452225486,-0.7070023526930482,-1.4160743563981022,-0.13057972074892518,1.0,0.0,0.0,0.0,0.0,0.0,0.0,1.0,0.0,0.0,0.0,0.0,0.0,1.0,0.0,0.0
-0.4988509476821572,1.4636366519764086,-0.6506558506599057,-1.407149680371003,0.27427163048831915,-0.30040110813501236,1.0,0.0,0.0,0.0,0.0,0.0,0.0,1.0,0.0,0.0,1.0,0.0,0.0,0.0,0.0,0.0
-0.4988509476821572,1.4636366519764086,-0.6506558506599057,-1.407149680371003,0.27427163048831915,-0.03802209970441055,1.0,0.0,0.0,0.0,0.0,0.0,0.0,1.0,0.0,0.0,1.0,0.0,0.0,0.0,0.0,0.0
-0.4988509476821572,1.4636366519764086,-0.6506558506599057,-1.407149680371003,0.27427163048831915,-0.3237453163905102,1.0,0.0,0.0,0.0,0.0,0.0,0.0,1.0,0.0,0.0,1.0,0.0,0.0,0.0,0.0,0.0
1.8075648536384334,1.4804907197935584,0.547777874384402,1.393439630340816,1.0604790662494454,-0.508910910853955,0.0,1.0,0.0,0.0,0.0,0.0,1.0,0.0,0.0,0.0,0.0,0.0,1.0,0.0,0.0,0.0
-0.4988509476821572,0.06811983671641719,0.3891308115974265,-0.7070023526930482,0.254616444594291,-0.09529163155535215,1.0,0.0,0.0,0.0,0.0,0.0,0.0,1.0,0.0,0.0,0.0,1.0,0.0,0.0,0.0,0.0
-0.4988509476821572,0.06811983671641719,0.3891308115974265,-0.7070023526930482,0.254616444594291,-0.4045957557487246,1.0,0.0,0.0,0.0,0.0,0.0,0.0,1.0,0.0,0.0,0.0,1.0,0.0,0.0,0.0,0.0
-0.4988509476821572,-0.6296385709135786,-0.2554863047363083,0.6932923026628613,0.01875421386595312,-0.15766103235126908,0.0,0.0,0.0,1.0,0.0,0.0,0.0,1.0,0.0,0.0,0.0,0.0,0.0,1.0,0.0,0.0
-0.4988509476821572,-0.6296385709135786,-0.2554863047363083,0.6932923026628613,0.01875421386595312,-0.5107714741806331,0.0,0.0,0.0,1.0,0.0,0.0,0.0,1.0,0.0,0.0,0.0,0.0,0.0,1.0,0.0,0.0
-0.4988509476821572,-0.11053328214536912,-0.9734024392106273,-0.7070023526930482,-1.003315452623511,2.3656428188479994,0.0,0.0,0.0,1.0,1.0,0.0,0.0,0.0,0.0,0.0,0.0,0.0,0.0,0.0,0.0,1.0
-0.4988509476821572,-1.0307653849617402,0.8286916910180055,-0.0068550250150934385,0.1563405151241502,-0.5573598062067459,1.0,0.0,0.0,0.0,0.0,0.0,1.0,0.0,1.0,0.0,0.0,0.0,0.0,0.0,0.0,0.0
-0.4988509476821572,0.48272990501829866,1.4728342260881737,0.6932923026628613,-0.45297024759072263,-0.5110702585890883,0.0,0.0,0.0,1.0,0.0,0.0,1.0,0.0,0.0,0.0,0.0,1.0,0.0,0.0,0.0,0.0
-0.4988509476821572,-0.9936864357640111,-0.919900073729478,-0.7070023526930482,1.0604790662494454,-0.03541735675072063,0.0,0.0,0.0,1.0,0.0,0.0,0.0,1.0,1.0,0.0,0.0,0.0,0.0,0.0,0.0,0.0
-0.4988509476821572,-0.9936864357640111,-0.919900073729478,-0.7070023526930482,1.0604790662494454,-0.3037139835866752,0.0,0.0,0.0,1.0,0.0,0.0,0.0,1.0,1.0,0.0,0.0,0.0,0.0,0.0,0.0,0.0
-0.4988509476821572,1.3321749230026412,0.7734685333269072,1.393439630340816,1.0211686944613891,-0.6295498526255856,0.0,0.0,0.0,1.0,0.0,0.0,1.0,0.0,0.0,0.0,0.0,0.0,1.0,0.0,0.0,0.0
-0.4988509476821572,0.6377873289360756,0.6450310627085262,0.6932923026628613,0.1563405151241502,0.14721643127026313,1.0,0.0,0.0,0.0,0.0,1.0,0.0,0.0,0.0,0.0,0.0,0.0,0.0,1.0,0.0,0.0
-0.4988509476821572,0.6377873289360756,0.6450310627085262,0.6932923026628613,0.1563405151241502,0.6275589137745247,1.0,0.0,0.0,0.0,0.0,1.0,0.0,0.0,0.0,0.0,0.0,0.0,0.0,1.0,0.0,0.0
1.3462816933743154,0.263627023395353,-0.3043438076305213,-0.0068550250150934385,-0.13848727328627214,-0.2231448763681384,0.0,0.0,0.0,1.0,0.0,0.0,0.0,1.0,1.0,0.0,0.0,0.0,0.0,0.0,0.0,0.0
-0.4988509476821572,-0.15435385846995825,0.18045197638389238,-1.407149680371003,0.5297890471106852,3.3586592249775973,1.0,0.0,0.0,0.0,1.0,0.0,0.0,0.0,0.0,0.0,0.0,0.0,0.0,0.0,0.0,1.0
-0.4988509476821572,0.5602586169771872,-1.6410141200922796,-0.7070023526930482,-1.1998673115637926,0.021913822807590275,1.0,0.0,0.0,0.0,0.0,1.0,0.0,0.0,0.0,0.0,0.0,0.0,1.0,0.0,0.0,0.0
-0.4988509476821572,-1.489196029588211,-1.4033835071104106,0.6932923026628613,0.3332371881704036,-0.46271510144162487,0.0,0.0,0.0,1.0,0.0,0.0,1.0,0.0,0.0,1.0,0.0,0.0,0.0,0.0,0.0,0.0
-0.4988509476821572,-1.489196029588211,-1.4033835071104106,0.6932923026628613,0.3332371881704036,-0.5089950382326305,0.0,0.0,0.0,1.0,0.0,0.0,1.0,0.0,0.0,1.0,0.0,0.0,0.0,0.0,0.0,0.0
0.42371537284607913,0.0007035654478185171,-1.1755369264375712,-1.407149680371003,1.394617226447924,-0.47540489874576725,0.0,0.0,0.0,1.0,0.0,0.0,1.0,0.0,0.0,1.0,0.0,0.0,0.0,0.0,0.0,0.0
0.42371537284607913,0.0007035654478185171,-1.1755369264375712,-1.407149680371003,1.394617226447924,-0.5044894931447517,0.0,0.0,0.0,1.0,0.0,0.0,1.0,0.0,0.0,1.0,0.0,0.0,0.0,0.0,0.0,0.0
0.42371537284607913,0.0007035654478185171,-1.1755369264375712,-1.407149680371003,1.394617226447924,-0.5127242479045974,0.0,0.0,0.0,1.0,0.0,0.0,1.0,0.0,0.0,1.0,0.0,0.0,0.0,0.0,0.0,0.0
-0.4988509476821572,-0.6633467065478779,-1.0640915536765707,0.6932923026628613,-1.2784880551399052,-0.594704782060283,0.0,0.0,0.0,1.0,0.0,0.0,1.0,0.0,0.0,0.0,0.0,0.0,1.0,0.0,0.0,0.0
-0.4988509476821572,-1.04424863921546,1.0247889011927815,1.393439630340816,-1.4750399140801866,-0.5955239548631944,0.0,0.0,0.0,1.0,0.0,0.0,1.0,0.0,1.0,0.0,0.0,0.0,0.0,0.0,0.0,0.0
-0.4988509476821572,-1.04424863921546,1.0247889011927815,1.393439630340816,-1.4750399140801866,-0.5839248035694099,0.0,0.0,0.0,1.0,0.0,0.0,1.0,0.0,1.0,0.0,0.0,0.0,0.0,0.0,0.0,0.0
-0.4988509476821572,-1.04424863921546,1.0247889011927815,1.393439630340816,-1.4750399140801866,-0.4858819403242785,0.0,0.0,0.0,1.0,0.0,0.0,1.0,0.0,1.0,0.0,0.0,0.0,0.0,0.0,0.0,0.0
0.8849985331101973,0.05800739602612739,-0.45669135530771,1.393439630340816,0.7263409060509667,3.663831274800019,1.0,0.0,0.0,0.0,1.0,0.0,0.0,0.0,0.0,0.0,0.0,0.0,0.0,1.0,0.0,0.0
-0.4988509476821572,0.8467777698687311,1.4628169643562177,-0.7070023526930482,-1.003315452623511,-0.614838778341207,1.0,0.0,0.0,0.0,0.0,0.0,1.0,0.0,0.0,0.0,0.0,0.0,0.0,1.0,0.0,0.0
-0.03756778741803903,1.2243088889728833,-1.2801443838288955,0.6932923026628613,-1.4160743563981022,-0.5457104461786179,0.0,0.0,0.0,1.0,0.0,0.0,1.0,0.0,0.0,0.0,0.0,1.0,0.0,0.0,0.0,0.0
-0.4988509476821572,-0.6161553166598588,0.5414992454915937,0.6932923026628613,-0.41365987580266633,-0.28947446007219,0.0,0.0,0.0,1.0,0.0,0.0,0.0,1.0,0.0,0.0,0.0,0.0,0.0,1.0,0.0,0.0
-0.4988509476821572,1.146780177013995,-0.2777568137623053,0.6932923026628613,1.0211686944613891,-0.5644777659339911,1.0,0.0,0.0,0.0,0.0,0.0,1.0,0.0,0.0,1.0,0.0,0.0,0.0,0.0,0.0,0.0
-0.4988509476821572,-1.5127917245322204,0.08449257316704617,-0.0068550250150934385,-1.0426258244115674,-0.05410456452034711,0.0,0.0,0.0,1.0,0.0,0.0,0.0,1.0,0.0,0.0,0.0,1.0,0.0,0.0,0.0,0.0
-0.4988509476821572,-1.5127917245322204,0.08449257316704617,-0.0068550250150934385,-1.0426258244115674,-0.3276428265234873,0.0,0.0,0.0,1.0,0.0,0.0,0.0,1.0,0.0,0.0,0.0,1.0,0.0,0.0,0.0,0.0
-0.4988509476821572,-1.5127917245322204,0.08449257316704617,-0.0068550250150934385,-1.0426258244115674,-0.36913512218291594,0.0,0.0,0.0,1.0,0.0,0.0,0.0,1.0,0.0,0.0,0.0,1.0,0.0,0.0,0.0,0.0
0.8849985331101973,0.24340214201477336,1.0287410375832649,-0.0068550250150934385,-0.5512461770608634,-0.5390529181738554,0.0,0.0,0.0,1.0,0.0,0.0,1.0,0.0,1.0,0.0,0.0,0.0,0.0,0.0,0.0,0.0
0.8849985331101973,0.24340214201477336,1.0287410375832649,-0.0068550250150934385,-0.5512461770608634,-0.4626487201409657,0.0,0.0,0.0,1.0,0.0,0.0,1.0,0.0,1.0,0.0,0.0,0.0,0.0,0.0,0.0,0.0
-0.4988509476821572,-0.19143280766768753,0.5964822116874395,-0.7070023526930482,1.630479457176262,-0.19098299582325334,0.0,0.0,0.0,1.0,0.0,0.0,0.0,1.0,0.0,0.0,1.0,0.0,0.0,0.0,0.0,0.0
-0.4988509476821572,-0.20828687548483718,1.559196412603409,0.6932923026628613,1.6697898289643183,-0.5776381411729922,1.0,0.0,0.0,0.0,0.0,0.0,1.0,0.0,1.0,0.0,0.0,0.0,0.0,0.0,0.0,0.0
-0.4988509476821572,1.3759954993272303,-1.2745608018233154,0.6932923026628613,-1.4357295422921303,0.8186817843614499,1.0,0.0,0.0,0.0,0.0,1.0,0.0,0.0,0.0,0.0,0.0,0.0,0.0,1.0,0.0,0.0
-0.4988509476821572,-0.7813251812679254,-1.6110157107842455,0.6932923026628613,0.27427163048831915,-0.4715130101628902,0.0,0.0,1.0,0.0,0.0,0.0,1.0,0.0,0.0,1.0,0.0,0.0,0.0,0.0,0.0,0.0
-0.4988509476821572,-0.7813251812679254,-1.6110157107842455,0.6932923026628613,0.27427163048831915,-0.5793239924681626,0.0,0.0,1.0,0.0,0.0,0.0,1.0,0.0,0.0,1.0,0.0,0.0,0.0,0.0,0.0,0.0
-0.4988509476821572,-0.7813251812679254,-1.6110157107842455,0.6932923026628613,0.27427163048831915,-0.4909408000286283,0.0,0.0,1.0,0.0,0.0,0.0,1.0,0.0,0.0,1.0,0.0,0.0,0.0,0.0,0.0,0.0
1.8075648536384334,1.2647586517340426,-1.5907270716804285,0.6932923026628613,-0.4922806193787789,1.1100821463846837,0.0,0.0,0.0,1.0,0.0,1.0,0.0,0.0,0.0,1.0,0.0,0.0,0.0,0.0,0.0,0.0
-0.03756778741803903,0.5096964135257381,0.27577783101905806,1.393439630340816,1.4732379700240366,-0.1339468790897077,0.0,0.0,0.0,1.0,0.0,0.0,0.0,1.0,0.0,1.0,0.0,0.0,0.0,0.0,0.0,0.0
-0.03756778741803903,0.5096964135257381,0.27577783101905806,1.393439630340816,1.4732379700240366,-0.15122288191138789,0.0,0.0,0.0,1.0,0.0,0.0,0.0,1.0,0.0,1.0,0.0,0.0,0.0,0.0,0.0,0.0
-0.4988509476821572,-1.5936912500545386,1.103557787490952,-0.0068550250150934385,-0.0598665297101595,-0.58692293750641,1.0,0.0,0.0,0.0,0.0,0.0,1.0,0.0,0.0,0.0,0.0,0.0,0.0,0.0,1.0,0.0
-0.4988509476821572,0.7827323121635624,-0.1011232371206964,1.393439630340816,-0.629866920636976,0.0014660839634150808,1.0,0.0,0.0,0.0,0.0,0.0,0.0,1.0,0.0,0.0,1.0,0.0,0.0,0.0,0.0,0.0
-0.4988509476821572,1.6995936014165034,-1.6828631368448255,1.393439630340816,-0.8460739654712858,4.55037016817683,0.0,0.0,0.0,1.0,1.0,0.0,0.0,0.0,1.0,0.0,0.0,0.0,0.0,0.0,0.0,0.0
-0.03756778741803903,1.2816127195511922,-0.6104672881571491,-0.7070023526930482,1.001513508567361,-0.4850085303359067,0.0,0.0,0.0,1.0,0.0,0.0,1.0,0.0,0.0,1.0,0.0,0.0,0.0,0.0,0.0,0.0
-0.4988509476821572,-0.6599758929844479,-1.4639233673679197,-1.407149680371003,0.7066857201569385,1.040720177115496,0.0,0.0,0.0,1.0,0.0,1.0,0.0,0.0,1.0,0.0,0.0,0.0,0.0,0.0,0.0,0.0
1.3462816933743154,-0.7948084355216452,0.08108115772722793,0.6932923026628613,-0.6102117347429479,-0.4925599892720892,1.0,0.0,0.0,0.0,0.0,0.0,1.0,0.0,0.0,0.0,1.0,0.0,0.0,0.0,0.0,0.0
1.3462816933743154,-0.7948084355216452,0.08108115772722793,0.6932923026628613,-0.6102117347429479,-0.517456300328216,1.0,0.0,0.0,0.0,0.0,0.0,1.0,0.0,0.0,0.0,1.0,0.0,0.0,0.0,0.0,0.0
1.3462816933743154,-0.7948084355216452,0.08108115772722793,0.6932923026628613,-0.6102117347429479,-0.544357036772467,1.0,0.0,0.0,0.0,0.0,0.0,1.0,0.0,0.0,0.0,1.0,0.0,0.0,0.0,0.0,0.0
-0.4988509476821572,-0.3768275536563337,-0.95266126540561,-1.407149680371003,1.5518587136001494,-0.4932847840184424,0.0,0.0,0.0,1.0,0.0,0.0,1.0,0.0,0.0,0.0,0.0,0.0,0.0,0.0,0.0,1.0
-0.4988509476821572,-0.461097892742082,0.8841828884936611,-1.407149680371003,1.001513508567361,-0.39080470265616096,0.0,1.0,0.0,0.0,0.0,0.0,0.0,1.0,0.0,0.0,0.0,0.0,0.0,1.0,0.0,0.0
0.8849985331101973,-0.4071648757272031,-1.4058469203684836,-0.7070023526930482,-1.7109021448085246,-0.09698467791232311,0.0,0.0,0.0,1.0,0.0,0.0,0.0,1.0,1.0,0.0,0.0,0.0,0.0,0.0,0.0,0.0
-0.4988509476821572,-0.5891888081524194,-0.008018283557575636,-1.407149680371003,-1.2391776833518489,-0.6195747351631531,0.0,0.0,0.0,1.0,0.0,0.0,1.0,0.0,0.0,0.0,0.0,0.0,0.0,0.0,1.0,0.0
-0.4988509476821572,0.43216770156684964,1.088270237008093,-1.407149680371003,-0.45297024759072263,-0.3065402848227068,0.0,0.0,0.0,1.0,0.0,0.0,0.0,1.0,0.0,0.0,0.0,1.0,0.0,0.0,0.0,0.0
-0.4988509476821572,-1.1082940969206287,-0.5825400953661473,-0.7070023526930482,1.139099809825558,-0.4811287336354749,0.0,0.0,0.0,1.0,0.0,0.0,1.0,0.0,0.0,0.0,0.0,0.0,0.0,0.0,0.0,1.0
-0.4988509476821572,1.190600753338584,1.4634748801910398,-0.0068550250150934385,-1.5536606576562992,4.563204565330062,1.0,0.0,0.0,0.0,1.0,0.0,0.0,0.0,0.0,0.0,0.0,1.0,0.0,0.0,0.0,0.0
-0.4988509476821572,1.190600753338584,1.4634748801910398,-0.0068550250150934385,-1.5536606576562992,3.352982112285934,1.0,0.0,0.0,0.0,1.0,0.0,0.0,0.0,0.0,0.0,0.0,1.0,0.0,0.0,0.0,0.0
1.8075648536384334,-0.05660026513049036,-1.1832509025749562,-1.407149680371003,0.4708234894286007,-0.4648207147315506,1.0,0.0,0.0,0.0,0.0,0.0,1.0,0.0,0.0,0.0,1.0,0.0,0.0,0.0,0.0,0.0
-0.4988509476821572,1.2141964482825935,0.8854929184363668,0.6932923026628613,1.630479457176262,-0.5218106446527757,0.0,0.0,0.0,1.0,0.0,0.0,1.0,0.0,1.0,0.0,0.0,0.0,0.0,0.0,0.0,0.0
-0.4988509476821572,-1.6004328771813985,0.9324567376578644,-1.407149680371003,1.276686111083755,-0.4723848009359022,0.0,0.0,0.0,1.0,0.0,0.0,1.0,0.0,0.0,0.0,0.0,0.0,1.0,0.0,0.0,0.0
-0.4988509476821572,-1.6004328771813985,0.9324567376578644,-1.407149680371003,1.276686111083755,-0.6220886780039024,0.0,0.0,0.0,1.0,0.0,0.0,1.0,0.0,0.0,0.0,0.0,0.0,1.0,0.0,0.0,0.0
-0.4988509476821572,0.4254260744399898,0.12783379408816542,-0.0068550250150934385,-0.2367632027564129,1.308593209378404,1.0,0.0,0.0,0.0,0.0,1.0,0.0,0.0,0.0,1.0,0.0,0.0,0.0,0.0,0.0,0.0
-0.4988509476821572,0.4254260744399898,0.12783379408816542,-0.0068550250150934385,-0.2367632027564129,0.6801995920646605,1.0,0.0,0.0,0.0,0.0,1.0,0.0,0.0,0.0,1.0,0.0,0.0,0.0,0.0,0.0,0.0
-0.4988509476821572,-0.11727490927222897,-1.5416699893795323,-0.0068550250150934385,0.1563405151241502,-0.3436494493812792,0.0,0.0,0.0,1.0,0.0,0.0,0.0,1.0,0.0,0.0,1.0,0.0,0.0,0.0,0.0,0.0
-0.4988509476821572,0.2501437691416332,-1.1203369756542267,0.6932923026628613,-1.4750399140801866,1.0122553765700546,0.0,0.0,0.0,1.0,0.0,1.0,0.0,0.0,0.0,0.0,1.0,0.0,0.0,0.0,0.0,0.0
-0.4988509476821572,0.2501437691416332,-1.1203369756542267,0.6932923026628613,-1.4750399140801866,0.019271008705661598,0.0,0.0,0.0,1.0,0.0,1.0,0.0,0.0,0.0,0.0,1.0,0.0,0.0,0.0,0.0,0.0
-0.4988509476821572,0.2501437691416332,-1.1203369756542267,0.6932923026628613,-1.4750399140801866,1.095115105491567,0.0,0.0,0.0,1.0,0.0,1.0,0.0,0.0,0.0,0.0,1.0,0.0,0.0,0.0,0.0,0.0
-0.4988509476821572,1.3692538722003704,1.315429893211418,-1.407149680371003,1.0997894380375017,-0.6095961768680809,0.0,0.0,0.0,1.0,0.0,0.0,1.0,0.0,0.0,0.0,1.0,0.0,0.0,0.0,0.0,0.0
-0.4988509476821572,1.3692538722003704,1.315429893211418,-1.407149680371003,1.0997894380375017,-0.5342869079313395,0.0,0.0,0.0,1.0,0.0,0.0,1.0,0.0,0.0,0.0,1.0,0.0,0.0,0.0,0.0,0.0
-0.4988509476821572,1.3692538722003704,1.315429893211418,-1.407149680371003,1.0997894380375017,-0.5342660148299223,0.0,0.0,0.0,1.0,0.0,0.0,1.0,0.0,0.0,0.0,1.0,0.0,0.0,0.0,0.0,0.0
-0.4988509476821572,1.6085816352038955,-0.34691571955959993,0.6932923026628613,0.4315131176405444,-0.5795938007565897,0.0,0.0,0.0,1.0,0.0,0.0,1.0,0.0,0.0,0.0,0.0,0.0,0.0,0.0,1.0,0.0
0.8849985331101973,0.4759882778914388,-0.13034885640052693,-0.0068550250150934385,-1.6912469589144965,-0.131315843473703,0.0,0.0,0.0,1.0,0.0,0.0,0.0,1.0,0.0,0.0,1.0,0.0,0.0,0.0,0.0,0.0
0.42371537284607913,0.9141940411373298,-0.8197471822815083,-0.0068550250150934385,-1.376763984610046,-0.5665950989479931,0.0,0.0,0.0,1.0,0.0,0.0,1.0,0.0,0.0,0.0,0.0,0.0,0.0,0.0,0.0,1.0
-0.4988509476821572,-1.377959181995023,0.7004723653325109,1.393439630340816,0.883582393203192,-0.4881872067855288,0.0,0.0,0.0,1.0,0.0,0.0,1.0,0.0,0.0,0.0,0.0,1.0,0.0,0.0,0.0,0.0
-0.4988509476821572,0.8096988206710019,0.1924766356365578,-0.7070023526930482,-0.07952171560418766,-0.48431678586435795,0.0,1.0,0.0,0.0,0.0,0.0,1.0,0.0,0.0,0.0,0.0,0.0,1.0,0.0,0.0,0.0
-0.4988509476821572,-0.6195261302232887,-0.789730207447271,-0.0068550250150934385,-0.8460739654712858,-0.4337658812816359,0.0,0.0,0.0,1.0,0.0,0.0,0.0,1.0,0.0,0.0,0.0,1.0,0.0,0.0,0.0,0.0
-0.4988509476821572,-0.6195261302232887,-0.789730207447271,-0.0068550250150934385,-0.8460739654712858,-0.4736332159783371,0.0,0.0,0.0,1.0,0.0,0.0,0.0,1.0,0.0,0.0,0.0,1.0,0.0,0.0,0.0,0.0
-0.4988509476821572,-0.6195261302232887,-0.789730207447271,-0.0068550250150934385,-0.8460739654712858,-0.5032249447105662,0.0,0.0,0.0,1.0,0.0,0.0,0.0,1.0,0.0,0.0,0.0,1.0,0.0,0.0,0.0,0.0
-0.4988509476821572,0.3849763116788306,-0.7439093284326512,-0.7070023526930482,0.23496125870026283,-0.5007813920343104,0.0,0.0,0.0,1.0,0.0,0.0,0.0,1.0,0.0,0.0,0.0,0.0,0.0,0.0,1.0,0.0
1.8075648536384334,-1.0375070120886,-1.6618434801467616,1.393439630340816,1.2963412969777832,-0.6114773460160317,1.0,0.0,0.0,0.0,0.0,0.0,1.0,0.0,0.0,0.0,0.0,0.0,0.0,0.0,0.0,1.0
1.8075648536384334,-1.0375070120886,-1.6618434801467616,1.393439630340816,1.2963412969777832,-0.5039190657724011,1.0,0.0,0.0,0.0,0.0,0.0,1.0,0.0,0.0,0.0,0.0,0.0,0.0,0.0,0.0,1.0
-0.4988509476821572,0.4523925829474293,-0.4607514038192488,-0.7070023526930482,0.19565088691220653,-0.5492553068760484,0.0,0.0,0.0,1.0,0.0,0.0,1.0,0.0,0.0,0.0,0.0,0.0,0.0,0.0,1.0,0.0
-0.4988509476821572,0.4523925829474293,-0.4607514038192488,-0.7070023526930482,0.19565088691220653,-0.5512967326409638,0.0,0.0,0.0,1.0,0.0,0.0,1.0,0.0,0.0,0.0,0.0,0.0,0.0,0.0,1.0,0.0
-0.4988509476821572,-1.4453754532636218,1.2640207908096672,1.393439630340816,0.27427163048831915,1.978343415128777,0.0,0.0,0.0,1.0,1.0,0.0,0.0,0.0,0.0,0.0,0.0,0.0,1.0,0.0,0.0,0.0
-0.4988509476821572,-0.8824495881708232,1.5479538261420487,0.6932923026628613,-0.11883208739224398,-0.3032579524736783,0.0,0.0,0.0,1.0,0.0,0.0,0.0,1.0,0.0,0.0,1.0,0.0,0.0,0.0,0.0,0.0
-0.4988509476821572,0.1894691249998948,0.7080157706979049,1.393439630340816,-0.8264187795772576,-0.4971760262209943,0.0,1.0,0.0,0.0,0.0,0.0,1.0,0.0,0.0,0.0,0.0,0.0,0.0,1.0,0.0,0.0
-0.4988509476821572,0.1894691249998948,0.7080157706979049,1.393439630340816,-0.8264187795772576,-0.6273501877338112,0.0,1.0,0.0,0.0,0.0,0.0,1.0,0.0,0.0,0.0,0.0,0.0,0.0,1.0,0.0,0.0
-0.4988509476821572,0.1894691249998948,0.7080157706979049,1.393439630340816,-0.8264187795772576,-0.45261621194057766,0.0,1.0,0.0,0.0,0.0,0.0,1.0,0.0,0.0,0.0,0.0,0.0,0.0,1.0,0.0,0.0
-0.4988509476821572,-1.5060500974053606,0.06460541356737111,-0.7070023526930482,1.7287553866464027,-0.5425617774459063,0.0,0.0,0.0,1.0,0.0,0.0,1.0,0.0,0.0,0.0,0.0,0.0,0.0,0.0,1.0,0.0
-0.4988509476821572,-1.5060500974053606,0.06460541356737111,-0.7070023526930482,1.7287553866464027,-0.628111930624202,0.0,0.0,0.0,1.0,0.0,0.0,1.0,0.0,0.0,0.0,0.0,0.0,0.0,0.0,1.0,0.0
-0.4988509476821572,-1.5060500974053606,0.06460541356737111,-0.7070023526930482,1.7287553866464027,-0.5901590699849295,0.0,0.0,0.0,1.0,0.0,0.0,1.0,0.0,0.0,0.0,0.0,0.0,0.0,0.0,1.0,0.0
-0.4988509476821572,1.6692562793456343,-0.301655287367236,-0.7070023526930482,-0.5119358052728071,-0.5137189554048848,0.0,1.0,0.0,0.0,0.0,0.0,0.0,1.0,0.0,1.0,0.0,0.0,0.0,0.0,0.0,0.0
-0.4988509476821572,0.5602586169771872,1.4062837767224137,0.6932923026628613,1.5911690853882057,-0.5473991506879505,1.0,0.0,0.0,0.0,0.0,0.0,1.0,0.0,0.0,0.0,0.0,0.0,0.0,1.0,0.0,0.0
-0.4988509476821572,0.5602586169771872,1.4062837767224137,0.6932923026628613,1.5911690853882057,-0.508215464385999,1.0,0.0,0.0,0.0,0.0,0.0,1.0,0.0,0.0,0.0,0.0,0.0,0.0,1.0,0.0,0.0
-0.4988509476821572,-0.07682514651106996,-0.9408907217928494,0.6932923026628613,-1.258832869245877,-0.5957563383837079,1.0,0.0,0.0,0.0,0.0,0.0,1.0,0.0,0.0,0.0,1.0,0.0,0.0,0.0,0.0,0.0
-0.4988509476821572,-0.7611002998873457,1.371974684299099,-0.0068550250150934385,-1.4160743563981022,-0.5510389835895109,1.0,0.0,0.0,0.0,0.0,0.0,1.0,0.0,0.0,0.0,0.0,1.0,0.0,0.0,0.0,0.0
0.8849985331101973,-0.4981768419398113,-1.6330866404035593,1.393439630340816,1.6697898289643183,-0.512109958077459,0.0,0.0,0.0,1.0,0.0,0.0,1.0,0.0,0.0,0.0,0.0,0.0,0.0,1.0,0.0,0.0
-0.4988509476821572,0.5265504813428878,-0.9983092529574634,0.6932923026628613,0.5690994188987415,-0.5610233397202263,0.0,0.0,0.0,1.0,0.0,0.0,1.0,0.0,0.0,0.0,0.0,0.0,0.0,0.0,0.0,1.0
1.3462816933743154,1.3153208551854916,-0.19267100717353278,1.393439630340816,0.09737495744206574,0.25287099087460063,0.0,0.0,0.0,1.0,0.0,1.0,0.0,0.0,0.0,0.0,0.0,0.0,1.0,0.0,0.0,0.0
1.3462816933743154,1.3153208551854916,-0.19267100717353278,1.393439630340816,0.09737495744206574,0.3701061069124614,0.0,0.0,0.0,1.0,0.0,1.0,0.0,0.0,0.0,0.0,0.0,0.0,1.0,0.0,0.0,0.0
-0.4988509476821572,-1.0408778256520301,-0.17667564600418098,0.6932923026628613,0.5297890471106852,-0.5395296922191031,0.0,0.0,0.0,1.0,0.0,0.0,1.0,0.0,0.0,0.0,0.0,0.0,0.0,0.0,1.0,0.0
-0.4988509476821572,1.1703758719580044,-0.7892649089468059,-1.407149680371003,0.3332371881704036,-0.4647227913768456,0.0,0.0,1.0,0.0,0.0,0.0,1.0,0.0,0.0,0.0,0.0,0.0,0.0,0.0,1.0,0.0
-0.4988509476821572,-1.2498682665846859,0.025760531023563318,-1.407149680371003,-1.2981432410339333,-0.14890131883103216,0.0,0.0,0.0,1.0,0.0,0.0,0.0,1.0,0.0,0.0,0.0,0.0,0.0,0.0,0.0,1.0
-0.03756778741803903,-0.9363826051857022,-0.6994448931762448,-1.407149680371003,1.0801342521434736,-0.18986866878825792,0.0,0.0,0.0,1.0,0.0,0.0,0.0,1.0,0.0,0.0,1.0,0.0,0.0,0.0,0.0,0.0
1.3462816933743154,-1.53638741947623,-0.5347211015939197,0.6932923026628613,0.27427163048831915,-0.026619232569346916,1.0,0.0,0.0,0.0,0.0,0.0,0.0,1.0,1.0,0.0,0.0,0.0,0.0,0.0,0.0,0.0
1.3462816933743154,-1.53638741947623,-0.5347211015939197,0.6932923026628613,0.27427163048831915,-0.418618356637745,1.0,0.0,0.0,0.0,0.0,0.0,0.0,1.0,1.0,0.0,0.0,0.0,0.0,0.0,0.0,0.0
2.2688480139025518,1.4299285163421094,-0.516141651246175,-1.407149680371003,-0.5905565488489197,-0.5310858171013533,0.0,1.0,0.0,0.0,0.0,0.0,1.0,0.0,0.0,0.0,0.0,0.0,0.0,0.0,0.0,1.0
-0.4988509476821572,-0.11390409570879904,-0.9391467226751464,1.393439630340816,0.6673753483688822,-0.5139698423783409,0.0,1.0,0.0,0.0,0.0,0.0,1.0,0.0,0.0,0.0,0.0,1.0,0.0,0.0,0.0,0.0
-0.4988509476821572,1.4838615333569882,1.380512505661746,-0.7070023526930482,-1.12124656798768,-0.3975687397744921,1.0,0.0,0.0,0.0,0.0,0.0,0.0,1.0,0.0,0.0,0.0,0.0,0.0,1.0,0.0,0.0
-0.4988509476821572,1.4838615333569882,1.380512505661746,-0.7070023526930482,-1.12124656798768,-0.13564304635370286,1.0,0.0,0.0,0.0,0.0,0.0,0.0,1.0,0.0,0.0,0.0,0.0,0.0,1.0,0.0,0.0
-0.03756778741803903,-0.9195285373685524,0.6177223340091649,-0.0068550250150934385,0.35289237406443175,-0.4866707463100988,0.0,0.0,0.0,1.0,0.0,0.0,1.0,0.0,0.0,0.0,1.0,0.0,0.0,0.0,0.0,0.0
0.42371537284607913,1.1568926177042846,-0.29125047027579043,0.6932923026628613,1.4732379700240366,-0.5755551381362565,0.0,0.0,0.0,1.0,0.0,0.0,1.0,0.0,0.0,0.0,0.0,0.0,0.0,1.0,0.0,0.0
1.8075648536384334,0.6647538374435147,0.18669115353351914,0.6932923026628613,1.3356516687658395,-0.5679354566948523,0.0,0.0,0.0,1.0,0.0,0.0,1.0,0.0,1.0,0.0,0.0,0.0,0.0,0.0,0.0,0.0
1.8075648536384334,0.6647538374435147,0.18669115353351914,0.6932923026628613,1.3356516687658395,-0.4605180220711509,0.0,0.0,0.0,1.0,0.0,0.0,1.0,0.0,1.0,0.0,0.0,0.0,0.0,0.0,0.0,0.0
1.8075648536384334,0.6647538374435147,0.18669115353351914,0.6932923026628613,1.3356516687658395,-0.6130330006439016,0.0,0.0,0.0,1.0,0.0,0.0,1.0,0.0,1.0,0.0,0.0,0.0,0.0,0.0,0.0,0.0
2.73013117416667,1.2715002788609024,0.8914872627091903,0.6932923026628613,-1.534005471762271,-0.4232068342800619,0.0,0.0,0.0,1.0,0.0,0.0,0.0,1.0,0.0,0.0,0.0,0.0,0.0,0.0,1.0,0.0
2.73013117416667,1.2715002788609024,0.8914872627091903,0.6932923026628613,-1.534005471762271,-0.4076580380361699,0.0,0.0,0.0,1.0,0.0,0.0,0.0,1.0,0.0,0.0,0.0,0.0,0.0,0.0,1.0,0.0
-0.4988509476821572,1.0254308887305177,-0.9871664561994449,-0.0068550250150934385,1.2373757392956988,4.26982545031707,0.0,0.0,0.0,1.0,1.0,0.0,0.0,0.0,0.0,1.0,0.0,0.0,0.0,0.0,0.0,0.0
-0.4988509476821572,-0.7779543677044954,0.7406272778190244,0.6932923026628613,-0.9640050808354547,-0.602870191310706,0.0,1.0,0.0,0.0,0.0,0.0,1.0,0.0,0.0,0.0,0.0,1.0,0.0,0.0,0.0,0.0
-0.4988509476821572,-0.7779543677044954,0.7406272778190244,0.6932923026628613,-0.9640050808354547,-0.5370763524306522,0.0,1.0,0.0,0.0,0.0,0.0,1.0,0.0,0.0,0.0,0.0,1.0,0.0,0.0,0.0,0.0
-0.4988509476821572,-0.55210985895469,-1.2049482009794328,1.393439630340816,-0.7281428501071168,-0.1311948332419319,0.0,1.0,0.0,0.0,0.0,0.0,0.0,1.0,0.0,0.0,1.0,0.0,0.0,0.0,0.0,0.0
-0.4988509476821572,-0.55210985895469,-1.2049482009794328,1.393439630340816,-0.7281428501071168,-0.45741381646989293,0.0,1.0,0.0,0.0,0.0,0.0,0.0,1.0,0.0,0.0,1.0,0.0,0.0,0.0,0.0,0.0
-0.4988509476821572,1.490603160483848,1.3619783087841213,-1.407149680371003,0.01875421386595312,2.0100886807023075,1.0,0.0,0.0,0.0,1.0,0.0,0.0,0.0,0.0,0.0,0.0,0.0,0.0,0.0,0.0,1.0
-0.4988509476821572,1.490603160483848,1.3619783087841213,-1.407149680371003,0.01875421386595312,2.9082316352517363,1.0,0.0,0.0,0.0,1.0,0.0,0.0,0.0,0.0,0.0,0.0,0.0,0.0,0.0,0.0,1.0
1.3462816933743154,-0.6802007743650276,-1.398570394442259,-1.407149680371003,1.394617226447924,-0.41070147082868036,1.0,0.0,0.0,0.0,0.0,0.0,0.0,1.0,0.0,1.0,0.0,0.0,0.0,0.0,0.0,0.0
1.3462816933743154,-0.6802007743650276,-1.398570394442259,-1.407149680371003,1.394617226447924,-0.07896380990874081,1.0,0.0,0.0,0.0,0.0,0.0,0.0,1.0,0.0,1.0,0.0,0.0,0.0,0.0,0.0,0.0
0.8849985331101973,0.09508634522385666,0.5609547566070467,0.6932923026628613,0.05806458565400943,-0.6089909820691531,0.0,0.0,0.0,1.0,0.0,0.0,1.0,0.0,0.0,0.0,0.0,1.0,0.0,0.0,0.0,0.0
0.8849985331101973,0.09508634522385666,0.5609547566070467,0.6932923026628613,0.05806458565400943,-0.5976354051633287,0.0,0.0,0.0,1.0,0.0,0.0,1.0,0.0,0.0,0.0,0.0,1.0,0.0,0.0,0.0,0.0
-0.4988509476821572,-0.34311941802203433,0.5666009972635623,-0.0068550250150934385,1.3356516687658395,-0.4728175688862898,0.0,0.0,0.0,1.0,0.0,0.0,1.0,0.0,0.0,0.0,0.0,0.0,0.0,1.0,0.0,0.0
-0.4988509476821572,-0.34311941802203433,0.5666009972635623,-0.0068550250150934385,1.3356516687658395,-0.5557865034372725,0.0,0.0,0.0,1.0,0.0,0.0,1.0,0.0,0.0,0.0,0.0,0.0,0.0,1.0,0.0,0.0
-0.4988509476821572,1.574873499569596,0.9598907836590965,0.6932923026628613,1.0801342521434736,-0.554058167326189,0.0,1.0,0.0,0.0,0.0,0.0,1.0,0.0,0.0,0.0,0.0,1.0,0.0,0.0,0.0,0.0
-0.4988509476821572,1.574873499569596,0.9598907836590965,0.6932923026628613,1.0801342521434736,-0.5747839084720034,0.0,1.0,0.0,0.0,0.0,0.0,1.0,0.0,0.0,0.0,0.0,1.0,0.0,0.0,0.0,0.0
-0.4988509476821572,-0.5318849775741105,-0.0009355353110958808,-1.407149680371003,0.05806458565400943,-0.5262891788779785,0.0,0.0,0.0,1.0,0.0,0.0,1.0,0.0,0.0,0.0,0.0,1.0,0.0,0.0,0.0,0.0
-0.4988509476821572,-0.5318849775741105,-0.0009355353110958808,-1.407149680371003,0.05806458565400943,-0.5792932991963617,0.0,0.0,0.0,1.0,0.0,0.0,1.0,0.0,0.0,0.0,0.0,1.0,0.0,0.0,0.0,0.0
-0.4988509476821572,1.2209380754094534,0.05603394218848089,0.6932923026628613,1.0997894380375017,-0.13204817279475478,1.0,0.0,0.0,0.0,0.0,0.0,0.0,1.0,1.0,0.0,0.0,0.0,0.0,0.0,0.0,0.0
2.2688480139025518,-0.19143280766768753,1.506109450771054,-0.0068550250150934385,-1.258832869245877,-0.5505774615082978,0.0,0.0,0.0,1.0,0.0,0.0,1.0,0.0,0.0,0.0,0.0,0.0,0.0,1.0,0.0,0.0
2.2688480139025518,-0.19143280766768753,1.506109450771054,-0.0068550250150934385,-1.258832869245877,-0.4547077550325177,0.0,0.0,0.0,1.0,0.0,0.0,1.0,0.0,0.0,0.0,0.0,0.0,0.0,1.0,0.0,0.0
-0.4988509476821572,-0.3869399943466235,-0.6452706877156212,-0.0068550250150934385,-1.750212516596581,-0.5642514348837945,1.0,0.0,0.0,0.0,0.0,0.0,1.0,0.0,1.0,0.0,0.0,0.0,0.0,0.0,0.0,0.0
-0.4988509476821572,1.4164452620883896,-0.8861873988354376,-0.7070023526930482,-0.11883208739224398,1.2486405136234215,1.0,0.0,0.0,0.0,1.0,0.0,0.0,0.0,0.0,0.0,0.0,0.0,0.0,1.0,0.0,0.0
-0.4988509476821572,1.4164452620883896,-0.8861873988354376,-0.7070023526930482,-0.11883208739224398,1.1878876904332885,1.0,0.0,0.0,0.0,1.0,0.0,0.0,0.0,0.0,0.0,0.0,0.0,0.0,1.0,0.0,0.0
-0.4988509476821572,0.8838567190664605,-0.24832349265807768,-1.407149680371003,0.31358200227637545,2.4844459947926967,1.0,0.0,0.0,0.0,1.0,0.0,0.0,0.0,0.0,0.0,0.0,1.0,0.0,0.0,0.0,0.0
-0.4988509476821572,0.8838567190664605,-0.24832349265807768,-1.407149680371003,0.31358200227637545,1.5862463611765796,1.0,0.0,0.0,0.0,1.0,0.0,0.0,0.0,0.0,0.0,0.0,1.0,0.0,0.0,0.0,0.0
-0.4988509476821572,1.3321749230026412,-1.5510954749637647,-1.407149680371003,0.49047867532262884,0.8111057956183846,0.0,0.0,0.0,1.0,0.0,1.0,0.0,0.0,0.0,0.0,0.0,0.0,0.0,0.0,1.0,0.0
-0.4988509476821572,1.3321749230026412,-1.5510954749637647,-1.407149680371003,0.49047867532262884,-0.041577785640012896,0.0,0.0,0.0,1.0,0.0,1.0,0.0,0.0,0.0,0.0,0.0,0.0,0.0,0.0,1.0,0.0
-0.4988509476821572,1.3321749230026412,-1.5510954749637647,-1.407149680371003,0.49047867532262884,1.0251443830671163,0.0,0.0,0.0,1.0,0.0,1.0,0.0,0.0,0.0,0.0,0.0,0.0,0.0,0.0,1.0,0.0
-0.4988509476821572,-0.35323185871232415,1.289481089306433,-0.7070023526930482,0.31358200227637545,0.060440923810221904,0.0,0.0,0.0,1.0,0.0,1.0,0.0,0.0,0.0,0.0,0.0,0.0,0.0,0.0,0.0,1.0
-0.4988509476821572,-0.35323185871232415,1.289481089306433,-0.7070023526930482,0.31358200227637545,-0.1216252639361968,0.0,0.0,0.0,1.0,0.0,1.0,0.0,0.0,0.0,0.0,0.0,0.0,0.0,0.0,0.0,1.0
1.8075648536384334,0.28048109121250264,1.1641162132746639,-1.407149680371003,-1.514350285868243,-0.5267678920642015,0.0,0.0,0.0,1.0,0.0,0.0,1.0,0.0,0.0,0.0,0.0,0.0,0.0,1.0,0.0,0.0
-0.4988509476821572,1.140038549887135,-1.1150411593047946,-0.0068550250150934385,-0.5905565488489197,-0.6138276632272129,0.0,0.0,0.0,1.0,0.0,0.0,1.0,0.0,0.0,1.0,0.0,0.0,0.0,0.0,0.0,0.0
-0.4988509476821572,1.140038549887135,-1.1150411593047946,-0.0068550250150934385,-0.5905565488489197,-0.5505354076126013,0.0,0.0,0.0,1.0,0.0,0.0,1.0,0.0,0.0,1.0,0.0,0.0,0.0,0.0,0.0,0.0
-0.4988509476821572,-1.0273945713983104,-1.459428189335996,1.393439630340816,-1.1998673115637926,0.7844010691108985,1.0,0.0,0.0,0.0,0.0,1.0,0.0,0.0,0.0,0.0,0.0,0.0,0.0,0.0,0.0,1.0
-0.4988509476821572,-1.0273945713983104,-1.459428189335996,1.393439630340816,-1.1998673115637926,0.21077333718888944,1.0,0.0,0.0,0.0,0.0,1.0,0.0,0.0,0.0,0.0,0.0,0.0,0.0,0.0,0.0,1.0
-0.4988509476821572,0.9849811259693584,-0.7617879301662291,0.6932923026628613,-1.2981432410339333,0.8915224876620825,1.0,0.0,0.0,0.0,0.0,1.0,0.0,0.0,0.0,0.0,0.0,0.0,0.0,1.0,0.0,0.0
-0.4988509476821572,0.9849811259693584,-0.7617879301662291,0.6932923026628613,-1.2981432410339333,-0.10810085252137677,1.0,0.0,0.0,0.0,0.0,1.0,0.0,0.0,0.0,0.0,0.0,0.0,0.0,1.0,0.0,0.0
2.2688480139025518,0.3478973624811013,-1.420674974077816,0.6932923026628613,1.0997894380375017,-0.5145075851051618,0.0,0.0,0.0,1.0,0.0,0.0,1.0,0.0,0.0,0.0,0.0,0.0,0.0,0.0,0.0,1.0
-0.4988509476821572,1.349028990819791,-1.5427479502446992,-0.0068550250150934385,-0.5119358052728071,-0.525798262814709,0.0,0.0,0.0,1.0,0.0,0.0,1.0,0.0,0.0,0.0,0.0,0.0,0.0,0.0,1.0,0.0
-0.4988509476821572,1.349028990819791,-1.5427479502446992,-0.0068550250150934385,-0.5119358052728071,-0.5903707105731922,0.0,0.0,0.0,1.0,0.0,0.0,1.0,0.0,0.0,0.0,0.0,0.0,0.0,0.0,1.0,0.0
-0.4988509476821572,-0.24199501111913652,-0.8600239310337296,-0.7070023526930482,0.45116830353457255,-0.4763476542435618,1.0,0.0,0.0,0.0,0.0,0.0,1.0,0.0,0.0,0.0,0.0,0.0,0.0,0.0,0.0,1.0
-0.4988509476821572,1.146780177013995,0.7863135567686718,-1.407149680371003,-0.629866920636976,-0.49871921680805,0.0,0.0,0.0,1.0,0.0,0.0,1.0,0.0,0.0,0.0,0.0,0.0,0.0,0.0,0.0,1.0
-0.4988509476821572,-1.5970620636179687,0.9427466805559285,-0.7070023526930482,-0.5709013629548916,-0.4922677535451095,0.0,0.0,0.0,1.0,0.0,0.0,1.0,0.0,0.0,0.0,0.0,0.0,0.0,0.0,1.0,0.0
-0.4988509476821572,-1.283576402218985,0.2448511454008692,0.6932923026628613,1.7091002007523746,-0.031288057244801576,0.0,0.0,0.0,1.0,0.0,0.0,0.0,1.0,0.0,0.0,0.0,0.0,1.0,0.0,0.0,0.0
-0.4988509476821572,1.679368720035924,-1.685871912435114,-1.407149680371003,0.17599570101817838,0.6106970775138765,0.0,0.0,0.0,1.0,0.0,1.0,0.0,0.0,0.0,0.0,0.0,0.0,0.0,1.0,0.0,0.0
-0.4988509476821572,-0.7172797235627566,1.6627027022218122,-0.7070023526930482,1.4732379700240366,-0.46058704765495817,0.0,0.0,0.0,1.0,0.0,0.0,1.0,0.0,1.0,0.0,0.0,0.0,0.0,0.0,0.0,0.0
-0.4988509476821572,-0.7172797235627566,1.6627027022218122,-0.7070023526930482,1.4732379700240366,-0.4930831786479542,0.0,0.0,0.0,1.0,0.0,0.0,1.0,0.0,1.0,0.0,0.0,0.0,0.0,0.0,0.0,0.0
-0.4988509476821572,-1.04424863921546,-1.1210552294492089,-1.407149680371003,0.9228927649912483,0.9332822672524056,0.0,0.0,0.0,1.0,0.0,1.0,0.0,0.0,0.0,0.0,0.0,0.0,0.0,1.0,0.0,0.0
1.8075648536384334,-0.44424382492493236,-0.9486743186534958,1.393439630340816,0.5297890471106852,2.044458243866636,1.0,0.0,0.0,0.0,1.0,0.0,0.0,0.0,0.0,0.0,0.0,0.0,1.0,0.0,0.0,0.0
-0.4988509476821572,0.8771150919396006,1.437397277948021,1.393439630340816,-0.6888324783190605,-0.04910698689409185,1.0,0.0,0.0,0.0,0.0,0.0,0.0,1.0,1.0,0.0,0.0,0.0,0.0,0.0,0.0,0.0
-0.4988509476821572,0.8771150919396006,1.437397277948021,1.393439630340816,-0.6888324783190605,-0.386598470833367,1.0,0.0,0.0,0.0,0.0,0.0,0.0,1.0,1.0,0.0,0.0,0.0,0.0,0.0,0.0,0.0
-0.4988509476821572,0.8771150919396006,1.437397277948021,1.393439630340816,-0.6888324783190605,-0.2879004129859788,1.0,0.0,0.0,0.0,0.0,0.0,0.0,1.0,1.0,0.0,0.0,0.0,0.0,0.0,0.0,0.0
2.73013117416667,0.5568878034137572,-0.04824629780351382,-0.7070023526930482,0.7656512778390231,0.27273315484789773,0.0,0.0,0.0,1.0,0.0,1.0,0.0,0.0,0.0,0.0,1.0,0.0,0.0,0.0,0.0,0.0
3.6526974946949062,0.2973351590296523,0.12260063638966873,-0.0068550250150934385,-1.0819361961996237,-0.34900167434590407,0.0,0.0,0.0,1.0,0.0,0.0,0.0,1.0,0.0,0.0,0.0,0.0,0.0,0.0,1.0,0.0
-0.4988509476821572,0.12542366729472607,-1.5635877534076705,-1.407149680371003,0.37254755995845995,-0.5245898645905823,1.0,0.0,0.0,0.0,0.0,0.0,1.0,0.0,0.0,0.0,1.0,0.0,0.0,0.0,0.0,0.0
-0.4988509476821572,0.12542366729472607,-1.5635877534076705,-1.407149680371003,0.37254755995845995,-0.47997851616970116,1.0,0.0,0.0,0.0,0.0,0.0,1.0,0.0,0.0,0.0,1.0,0.0,0.0,0.0,0.0,0.0
-0.4988509476821572,1.1804883126482941,1.2441162260291767,-0.7070023526930482,1.1980653675076425,-0.4616859007367164,1.0,0.0,0.0,0.0,0.0,0.0,0.0,1.0,0.0,0.0,0.0,0.0,0.0,1.0,0.0,0.0
-0.4988509476821572,-0.8689663339171037,1.6602659769076564,-0.0068550250150934385,1.1194446239315299,0.03833647954735339,0.0,0.0,0.0,1.0,0.0,1.0,0.0,0.0,0.0,0.0,0.0,0.0,0.0,1.0,0.0,0.0
-0.4988509476821572,-0.8150333169022247,-0.07343159444339636,-0.0068550250150934385,-1.3571087987160178,-0.06615891773216609,0.0,0.0,0.0,1.0,0.0,0.0,0.0,1.0,0.0,0.0,0.0,0.0,1.0,0.0,0.0,0.0
0.42371537284607913,-0.5352557911375404,0.9307695954641584,0.6932923026628613,0.2939268163823473,0.672457300763408,0.0,0.0,0.0,1.0,0.0,1.0,0.0,0.0,1.0,0.0,0.0,0.0,0.0,0.0,0.0,0.0
-0.4988509476821572,-0.07345433294764002,0.7424942735478228,-0.7070023526930482,0.41185793174651625,0.35351625312860663,0.0,0.0,0.0,1.0,0.0,1.0,0.0,0.0,0.0,1.0,0.0,0.0,0.0,0.0,0.0,0.0
2.2688480139025518,-1.5700955551105291,-1.2364620213637945,-1.407149680371003,1.1784101816136143,-0.630055961891042,0.0,0.0,1.0,0.0,0.0,0.0,1.0,0.0,0.0,0.0,1.0,0.0,0.0,0.0,0.0,0.0
-0.4988509476821572,0.6512705831897954,-0.732591319521091,0.6932923026628613,-0.0598665297101595,-0.45350321550305905,0.0,0.0,0.0,1.0,0.0,0.0,1.0,0.0,0.0,0.0,0.0,0.0,1.0,0.0,0.0,0.0
-0.4988509476821572,0.6512705831897954,-0.732591319521091,0.6932923026628613,-0.0598665297101595,-0.4847019632471736,0.0,0.0,0.0,1.0,0.0,0.0,1.0,0.0,0.0,0.0,0.0,0.0,1.0,0.0,0.0,0.0
-0.4988509476821572,0.6816079052606644,-0.43476662920724557,0.6932923026628613,-0.8853843372593421,-0.4760155126928751,1.0,0.0,0.0,0.0,0.0,0.0,1.0,0.0,1.0,0.0,0.0,0.0,0.0,0.0,0.0,0.0
-0.4988509476821572,-1.634141012815698,1.360238951047969,1.393439630340816,0.21530607280623468,-0.18557177396350147,0.0,0.0,0.0,1.0,0.0,0.0,0.0,1.0,0.0,0.0,1.0,0.0,0.0,0.0,0.0,0.0
-0.4988509476821572,0.4186844473131299,-0.4509116749316098,0.6932923026628613,1.394617226447924,0.03576755520440569,0.0,1.0,0.0,0.0,0.0,1.0,0.0,0.0,0.0,0.0,0.0,0.0,0.0,0.0,1.0,0.0
-0.4988509476821572,-1.3442510463607238,-0.6376158891930086,-1.407149680371003,-0.5905565488489197,-0.5671280166742055,0.0,0.0,0.0,1.0,0.0,0.0,1.0,0.0,0.0,0.0,0.0,0.0,0.0,0.0,1.0,0.0
-0.4988509476821572,-1.3442510463607238,-0.6376158891930086,-1.407149680371003,-0.5905565488489197,-0.5639335920493902,0.0,0.0,0.0,1.0,0.0,0.0,1.0,0.0,0.0,0.0,0.0,0.0,0.0,0.0,1.0,0.0
-0.4988509476821572,0.9714978717156387,-0.10012650043266787,-0.0068550250150934385,-0.37434950401461,2.3156066354059743,0.0,0.0,0.0,1.0,1.0,0.0,0.0,0.0,0.0,0.0,0.0,0.0,0.0,1.0,0.0,0.0
-0.4988509476821572,1.682739533599354,1.6875445366269375,1.393439630340816,-1.750212516596581,-0.5227861435579476,0.0,0.0,0.0,1.0,0.0,0.0,1.0,0.0,0.0,0.0,0.0,1.0,0.0,0.0,0.0,0.0
3.1914143344307884,0.128794480858156,-1.3190380008789864,0.6932923026628613,0.19565088691220653,0.8451629546837713,0.0,0.0,0.0,1.0,0.0,1.0,0.0,0.0,0.0,0.0,0.0,0.0,0.0,0.0,0.0,1.0
-0.4988509476821572,-0.8622247067902438,1.5823882358672345,-0.7070023526930482,0.254616444594291,-0.5356846955907194,0.0,0.0,0.0,1.0,0.0,0.0,1.0,0.0,0.0,0.0,0.0,0.0,1.0,0.0,0.0,0.0
-0.4988509476821572,-0.8622247067902438,1.5823882358672345,-0.7070023526930482,0.254616444594291,-0.5865786322532419,0.0,0.0,0.0,1.0,0.0,0.0,1.0,0.0,0.0,0.0,0.0,0.0,1.0,0.0,0.0,0.0
-0.4988509476821572,-0.8622247067902438,1.5823882358672345,-0.7070023526930482,0.254616444594291,-0.544523972652791,0.0,0.0,0.0,1.0,0.0,0.0,1.0,0.0,0.0,0.0,0.0,0.0,1.0,0.0,0.0,0.0
-0.4988509476821572,-0.18469118054082764,-1.2892879054839186,-0.0068550250150934385,-0.9443498949414265,-0.5069616693699491,0.0,0.0,0.0,1.0,0.0,0.0,1.0,0.0,0.0,0.0,0.0,0.0,0.0,0.0,1.0,0.0
-0.4988509476821572,-0.18469118054082764,-1.2892879054839186,-0.0068550250150934385,-0.9443498949414265,-0.5764309638894796,0.0,0.0,0.0,1.0,0.0,0.0,1.0,0.0,0.0,0.0,0.0,0.0,0.0,0.0,1.0,0.0
-0.4988509476821572,-0.18469118054082764,-1.2892879054839186,-0.0068550250150934385,-0.9443498949414265,-0.5068465614393284,0.0,0.0,0.0,1.0,0.0,0.0,1.0,0.0,0.0,0.0,0.0,0.0,0.0,0.0,1.0,0.0
0.8849985331101973,1.2243088889728833,-1.1340325322651705,-1.407149680371003,1.3356516687658395,-0.3784026164167226,0.0,0.0,0.0,1.0,0.0,0.0,0.0,1.0,0.0,0.0,1.0,0.0,0.0,0.0,0.0,0.0
0.8849985331101973,1.2243088889728833,-1.1340325322651705,-1.407149680371003,1.3356516687658395,-0.04085775060332635,0.0,0.0,0.0,1.0,0.0,0.0,0.0,1.0,0.0,0.0,1.0,0.0,0.0,0.0,0.0,0.0
-0.4988509476821572,-1.098181656230339,-0.9035519675622674,1.393439630340816,0.1563405151241502,-0.6063112720559404,0.0,0.0,0.0,1.0,0.0,0.0,1.0,0.0,0.0,0.0,1.0,0.0,0.0,0.0,0.0,0.0
-0.4988509476821572,-1.098181656230339,-0.9035519675622674,1.393439630340816,0.1563405151241502,-0.5386944904899481,0.0,0.0,0.0,1.0,0.0,0.0,1.0,0.0,0.0,0.0,1.0,0.0,0.0,0.0,0.0,0.0
0.42371537284607913,-0.7644711134507757,1.7048406449758935,0.6932923026628613,-1.2981432410339333,-0.4118145703939675,0.0,0.0,0.0,1.0,0.0,0.0,0.0,1.0,0.0,1.0,0.0,0.0,0.0,0.0,0.0,0.0
-0.4988509476821572,-0.1610954855968181,1.4263415070940797,1.393439630340816,-0.8657291513653139,4.020928211787115,1.0,0.0,0.0,0.0,1.0,0.0,0.0,0.0,1.0,0.0,0.0,0.0,0.0,0.0,0.0,0.0
1.3462816933743154,0.7389117358389733,0.674195183682809,0.6932923026628613,-1.7109021448085246,0.7321811452378353,0.0,0.0,0.0,1.0,0.0,1.0,0.0,0.0,0.0,0.0,0.0,1.0,0.0,0.0,0.0,0.0
1.3462816933743154,0.7389117358389733,0.674195183682809,0.6932923026628613,-1.7109021448085246,0.8089064441231315,0.0,0.0,0.0,1.0,0.0,1.0,0.0,0.0,0.0,0.0,0.0,1.0,0.0,0.0,0.0,0.0
-0.4988509476821572,-0.39368162147348335,1.5901544275470656,1.393439630340816,-0.6495221065310042,-0.6231131516446152,1.0,0.0,0.0,0.0,0.0,0.0,1.0,0.0,0.0,0.0,0.0,0.0,0.0,0.0,0.0,1.0
-0.4988509476821572,-1.3442510463607238,0.25062154301386785,-1.407149680371003,-0.8460739654712858,1.5144625223529506,0.0,1.0,0.0,0.0,1.0,0.0,0.0,0.0,1.0,0.0,0.0,0.0,0.0,0.0,0.0,0.0
-0.4988509476821572,-0.410535689290633,-1.1007712317269427,-0.0068550250150934385,1.2963412969777832,-0.520219556630721,1.0,0.0,0.0,0.0,0.0,0.0,1.0,0.0,1.0,0.0,0.0,0.0,0.0,0.0,0.0,0.0
-0.4988509476821572,0.7287992951486835,-1.2939791818863624,-1.407149680371003,1.0408238803554173,0.022855154962850774,0.0,0.0,0.0,1.0,0.0,1.0,0.0,0.0,0.0,0.0,0.0,1.0,0.0,0.0,0.0,0.0
-0.4988509476821572,0.7287992951486835,-1.2939791818863624,-1.407149680371003,1.0408238803554173,0.25283933129685926,0.0,0.0,0.0,1.0,0.0,1.0,0.0,0.0,0.0,0.0,0.0,1.0,0.0,0.0,0.0,0.0
0.8849985331101973,-0.8993036559879729,-0.945163113510336,1.393439630340816,-0.4333150616966945,-0.5983687856685455,0.0,0.0,0.0,1.0,0.0,0.0,1.0,0.0,0.0,0.0,0.0,0.0,0.0,1.0,0.0,0.0
1.8075648536384334,0.5501461762868973,-0.8201579445487517,1.393439630340816,-1.514350285868243,-0.3940606705228385,0.0,0.0,0.0,1.0,0.0,0.0,0.0,1.0,0.0,1.0,0.0,0.0,0.0,0.0,0.0,0.0
1.8075648536384334,0.5501461762868973,-0.8201579445487517,1.393439630340816,-1.514350285868243,-0.34400553312037124,0.0,0.0,0.0,1.0,0.0,0.0,0.0,1.0,0.0,1.0,0.0,0.0,0.0,0.0,0.0,0.0
1.3462816933743154,-1.1082940969206287,1.121794935949327,-1.407149680371003,-1.7895228883846372,-0.5876866782996238,0.0,0.0,0.0,1.0,0.0,0.0,1.0,0.0,0.0,0.0,0.0,0.0,1.0,0.0,0.0,0.0
-0.4988509476821572,-1.4723419617710611,0.5624574038841096,-0.7070023526930482,0.9622031367793046,-0.01388396665324521,0.0,0.0,0.0,1.0,0.0,0.0,0.0,1.0,0.0,0.0,1.0,0.0,0.0,0.0,0.0,0.0
-0.4988509476821572,-1.2532390801481157,-1.254244314430194,1.393439630340816,1.6501346430702901,-0.5541778978554983,0.0,0.0,0.0,1.0,0.0,0.0,1.0,0.0,0.0,0.0,1.0,0.0,0.0,0.0,0.0,0.0
-0.4988509476821572,1.4737490926666985,0.6443476192751748,-0.0068550250150934385,0.7066857201569385,-0.5120239699069385,0.0,0.0,0.0,1.0,0.0,0.0,1.0,0.0,0.0,0.0,1.0,0.0,0.0,0.0,0.0,0.0
-0.4988509476821572,0.19958156569018462,1.2856902409248392,-0.7070023526930482,1.3749620405538958,-0.5673921707670616,0.0,0.0,0.0,1.0,0.0,0.0,1.0,0.0,0.0,0.0,0.0,1.0,0.0,0.0,0.0,0.0
-0.4988509476821572,0.19958156569018462,1.2856902409248392,-0.7070023526930482,1.3749620405538958,-0.4522339857083372,0.0,0.0,0.0,1.0,0.0,0.0,1.0,0.0,0.0,0.0,0.0,1.0,0.0,0.0,0.0,0.0
-0.4988509476821572,-0.5386266047009703,0.994549140044107,0.6932923026628613,1.2963412969777832,-0.4635087389571479,0.0,0.0,0.0,1.0,0.0,0.0,1.0,0.0,0.0,1.0,0.0,0.0,0.0,0.0,0.0,0.0
-0.4988509476821572,0.0074451925746783845,0.28220498412149114,0.6932923026628613,0.5297890471106852,-0.5797818125529683,0.0,0.0,0.0,1.0,0.0,0.0,1.0,0.0,0.0,0.0,0.0,0.0,1.0,0.0,0.0,0.0
-0.03756778741803903,1.527682109681577,0.6290264187760728,-0.0068550250150934385,-0.5512461770608634,-0.5127441681709799,0.0,0.0,0.0,1.0,0.0,0.0,1.0,0.0,1.0,0.0,0.0,0.0,0.0,0.0,0.0,0.0
-0.03756778741803903,1.527682109681577,0.6290264187760728,-0.0068550250150934385,-0.5512461770608634,-0.6034165197963905,0.0,0.0,0.0,1.0,0.0,0.0,1.0,0.0,1.0,0.0,0.0,0.0,0.0,0.0,0.0,0.0
-0.03756778741803903,1.527682109681577,0.6290264187760728,-0.0068550250150934385,-0.5512461770608634,-0.6242359730311556,0.0,0.0,0.0,1.0,0.0,0.0,1.0,0.0,1.0,0.0,0.0,0.0,0.0,0.0,0.0,0.0
-0.4988509476821572,-1.5060500974053606,1.0134813353897105,-0.0068550250150934385,-0.9443498949414265,-0.6088395266711606,0.0,0.0,0.0,1.0,0.0,0.0,1.0,0.0,0.0,0.0,0.0,0.0,1.0,0.0,0.0,0.0
-0.4988509476821572,-1.5060500974053606,1.0134813353897105,-0.0068550250150934385,-0.9443498949414265,-0.5209598645048765,0.0,0.0,0.0,1.0,0.0,0.0,1.0,0.0,0.0,0.0,0.0,0.0,1.0,0.0,0.0,0.0
1.3462816933743154,0.19283993856332474,1.5756396670924104,0.6932923026628613,-1.5733158435503276,-0.5614293579717057,0.0,0.0,0.0,1.0,0.0,0.0,1.0,0.0,0.0,0.0,0.0,1.0,0.0,0.0,0.0,0.0
-0.4988509476821572,-0.08693758720135958,1.3584845088217767,0.6932923026628613,0.5887546047927696,-0.5359070504225526,1.0,0.0,0.0,0.0,0.0,0.0,1.0,0.0,1.0,0.0,0.0,0.0,0.0,0.0,0.0,0.0
-0.4988509476821572,-0.08693758720135958,1.3584845088217767,0.6932923026628613,0.5887546047927696,-0.4853909393827845,1.0,0.0,0.0,0.0,0.0,0.0,1.0,0.0,1.0,0.0,0.0,0.0,0.0,0.0,0.0,0.0
-0.4988509476821572,1.4670074655398386,-1.2814578948077644,-0.0068550250150934385,1.4928931559180647,-0.07351725259121701,1.0,0.0,0.0,0.0,0.0,0.0,0.0,1.0,0.0,0.0,0.0,1.0,0.0,0.0,0.0,0.0
2.2688480139025518,-0.7948084355216452,0.7092538592265736,1.393439630340816,-1.3374536128219896,0.7754076858385921,0.0,0.0,0.0,1.0,0.0,1.0,0.0,0.0,0.0,1.0,0.0,0.0,0.0,0.0,0.0,0.0
2.2688480139025518,-0.7948084355216452,0.7092538592265736,1.393439630340816,-1.3374536128219896,0.3690302623586389,0.0,0.0,0.0,1.0,0.0,1.0,0.0,0.0,0.0,1.0,0.0,0.0,0.0,0.0,0.0,0.0
2.2688480139025518,-0.7948084355216452,0.7092538592265736,1.393439630340816,-1.3374536128219896,0.5461329412923008,0.0,0.0,0.0,1.0,0.0,1.0,0.0,0.0,0.0,1.0,0.0,0.0,0.0,0.0,0.0,0.0
-0.4988509476821572,-0.2757031467534359,0.23022963317054623,-0.0068550250150934385,-1.7895228883846372,-0.5746169073007376,1.0,0.0,0.0,0.0,0.0,0.0,1.0,0.0,0.0,0.0,0.0,0.0,0.0,0.0,0.0,1.0
-0.4988509476821572,-0.2757031467534359,0.23022963317054623,-0.0068550250150934385,-1.7895228883846372,-0.5991948923694898,1.0,0.0,0.0,0.0,0.0,0.0,1.0,0.0,0.0,0.0,0.0,0.0,0.0,0.0,0.0,1.0
-0.4988509476821572,-1.2262725716406762,0.4695288228199182,1.393439630340816,-0.4726254334847508,-0.06265529479365788,0.0,0.0,0.0,1.0,0.0,0.0,0.0,1.0,1.0,0.0,0.0,0.0,0.0,0.0,0.0,0.0
0.42371537284607913,1.2276797025363133,-0.9088593873655765,-0.0068550250150934385,0.254616444594291,0.7493912825572976,0.0,0.0,0.0,1.0,0.0,1.0,0.0,0.0,0.0,0.0,1.0,0.0,0.0,0.0,0.0,0.0
-0.4988509476821572,0.21980644707076422,-0.41508253005041684,0.6932923026628613,0.038409399759981276,-0.4808544855629966,0.0,0.0,0.0,1.0,0.0,0.0,1.0,0.0,1.0,0.0,0.0,0.0,0.0,0.0,0.0,0.0
-0.4988509476821572,0.21980644707076422,-0.41508253005041684,0.6932923026628613,0.038409399759981276,-0.4773086781469081,0.0,0.0,0.0,1.0,0.0,0.0,1.0,0.0,1.0,0.0,0.0,0.0,0.0,0.0,0.0,0.0
-0.4988509476821572,0.21980644707076422,-0.41508253005041684,0.6932923026628613,0.038409399759981276,-0.4900866443390313,0.0,0.0,0.0,1.0,0.0,0.0,1.0,0.0,1.0,0.0,0.0,0.0,0.0,0.0,0.0,0.0
1.8075648536384334,1.241162956790033,1.2939542207759906,-1.407149680371003,0.6280649765808259,-0.6007749592805469,1.0,0.0,0.0,0.0,0.0,0.0,1.0,0.0,0.0,0.0,0.0,1.0,0.0,0.0,0.0,0.0
-0.4988509476821572,-0.7105380964358969,0.16580261586426479,0.6932923026628613,-1.376763984610046,-0.488985251439632,0.0,0.0,0.0,1.0,0.0,0.0,1.0,0.0,0.0,1.0,0.0,0.0,0.0,0.0,0.0,0.0
-0.4988509476821572,0.18609831143646488,-0.3038854712023825,-0.7070023526930482,1.276686111083755,-0.48024647672447174,0.0,0.0,0.0,1.0,0.0,0.0,0.0,1.0,0.0,0.0,0.0,0.0,0.0,1.0,0.0,0.0
1.8075648536384334,-1.381329995558453,-1.2501552572839627,-0.0068550250150934385,-0.0598665297101595,0.20682206649432802,0.0,0.0,0.0,1.0,0.0,1.0,0.0,0.0,0.0,0.0,0.0,0.0,0.0,0.0,0.0,1.0
-0.4988509476821572,-0.2992988416974452,1.4190000018261442,1.393439630340816,0.6280649765808259,-0.5506779834424916,0.0,1.0,0.0,0.0,0.0,0.0,1.0,0.0,0.0,0.0,0.0,0.0,0.0,0.0,0.0,1.0
-0.4988509476821572,-0.2992988416974452,1.4190000018261442,1.393439630340816,0.6280649765808259,-0.4658756465966733,0.0,1.0,0.0,0.0,0.0,0.0,1.0,0.0,0.0,0.0,0.0,0.0,0.0,0.0,0.0,1.0
-0.4988509476821572,-0.33300697733174456,0.3195379366251346,1.393439630340816,1.0408238803554173,-0.4766168030934755,0.0,0.0,0.0,1.0,0.0,0.0,1.0,0.0,0.0,0.0,1.0,0.0,0.0,0.0,0.0,0.0
-0.4988509476821572,-0.33300697733174456,0.3195379366251346,1.393439630340816,1.0408238803554173,-0.5788650885537209,0.0,0.0,0.0,1.0,0.0,0.0,1.0,0.0,0.0,0.0,1.0,0.0,0.0,0.0,0.0,0.0
2.73013117416667,-0.10716246858193917,0.7933023170387483,-0.7070023526930482,-1.0426258244115674,-0.6302780359718249,0.0,0.0,0.0,1.0,0.0,0.0,1.0,0.0,0.0,0.0,0.0,0.0,0.0,0.0,0.0,1.0
2.73013117416667,-0.10716246858193917,0.7933023170387483,-0.7070023526930482,-1.0426258244115674,-0.5374421384037149,0.0,0.0,0.0,1.0,0.0,0.0,1.0,0.0,0.0,0.0,0.0,0.0,0.0,0.0,0.0,1.0
-0.9601341079462753,-0.8116625033387947,0.11384815113029835,0.6932923026628613,1.4928931559180647,-0.6175643160665597,0.0,0.0,0.0,1.0,0.0,0.0,1.0,0.0,0.0,1.0,0.0,0.0,0.0,0.0,0.0,0.0
-0.4988509476821572,1.0355433294208074,1.0386086147602085,1.393439630340816,0.7459960919449948,-0.13352748272422715,1.0,0.0,0.0,0.0,0.0,0.0,0.0,1.0,0.0,1.0,0.0,0.0,0.0,0.0,0.0,0.0
-0.4988509476821572,1.1501509905774248,-0.8944351338511614,-1.407149680371003,1.2373757392956988,-0.5418331435921677,0.0,0.0,0.0,1.0,0.0,0.0,1.0,0.0,0.0,1.0,0.0,0.0,0.0,0.0,0.0,0.0
-0.4988509476821572,1.1501509905774248,-0.8944351338511614,-1.407149680371003,1.2373757392956988,-0.544569872184967,0.0,0.0,0.0,1.0,0.0,0.0,1.0,0.0,0.0,1.0,0.0,0.0,0.0,0.0,0.0,0.0
-0.4988509476821572,-0.6363801980404384,-1.3045383249143712,-1.407149680371003,1.1194446239315299,-0.2367457500050514,1.0,0.0,0.0,0.0,0.0,0.0,0.0,1.0,0.0,0.0,0.0,0.0,0.0,0.0,0.0,1.0
2.2688480139025518,-0.08019596007449989,1.2061404421807513,0.6932923026628613,-0.09917690149821581,-0.5173301255829383,0.0,0.0,0.0,1.0,0.0,0.0,1.0,0.0,0.0,0.0,1.0,0.0,0.0,0.0,0.0,0.0
-0.4988509476821572,1.3355457365660712,-0.8888144207931752,-0.0068550250150934385,1.6501346430702901,-0.3437398708067566,0.0,0.0,0.0,1.0,0.0,0.0,0.0,1.0,0.0,0.0,0.0,0.0,0.0,0.0,0.0,1.0
-0.4988509476821572,1.3355457365660712,-0.8888144207931752,-0.0068550250150934385,1.6501346430702901,-0.2820621165459755,0.0,0.0,0.0,1.0,0.0,0.0,0.0,1.0,0.0,0.0,0.0,0.0,0.0,0.0,0.0,1.0
-0.4988509476821572,-0.9228993509319824,-0.9025772774366051,-0.7070023526930482,0.6673753483688822,0.3426770622824981,0.0,0.0,0.0,1.0,0.0,1.0,0.0,0.0,0.0,0.0,0.0,0.0,0.0,0.0,0.0,1.0
-0.4988509476821572,0.6276748882457858,1.5959851631202242,1.393439630340816,1.0801342521434736,-0.5163243447388998,0.0,0.0,0.0,1.0,0.0,0.0,1.0,0.0,0.0,0.0,0.0,0.0,0.0,0.0,1.0,0.0
-0.4988509476821572,0.3040767861565122,1.5796892724954599,-0.7070023526930482,-0.37434950401461,-0.5494283866340078,1.0,0.0,0.0,0.0,0.0,0.0,1.0,0.0,1.0,0.0,0.0,0.0,0.0,0.0,0.0,0.0
-0.4988509476821572,0.20295237925361453,-0.9801544890216145,1.393439630340816,0.9425479508852764,-0.3861639922603009,1.0,0.0,0.0,0.0,0.0,0.0,0.0,1.0,0.0,0.0,0.0,0.0,0.0,0.0,0.0,1.0
-0.4988509476821572,0.20295237925361453,-0.9801544890216145,1.393439630340816,0.9425479508852764,-0.3659298723199288,1.0,0.0,0.0,0.0,0.0,0.0,0.0,1.0,0.0,0.0,0.0,0.0,0.0,0.0,0.0,1.0
-0.4988509476821572,0.20295237925361453,-0.9801544890216145,1.393439630340816,0.9425479508852764,-0.1619963835408217,1.0,0.0,0.0,0.0,0.0,0.0,0.0,1.0,0.0,0.0,0.0,0.0,0.0,0.0,0.0,1.0
-0.4988509476821572,1.2344213296631732,-0.9727804940828236,1.393439630340816,0.038409399759981276,1.2081076814138272,0.0,0.0,1.0,0.0,0.0,1.0,0.0,0.0,0.0,1.0,0.0,0.0,0.0,0.0,0.0,0.0
-0.03756778741803903,-1.3172845378532845,0.9059068748420546,1.393439630340816,-1.769867702490609,-0.5263121286440665,1.0,0.0,0.0,0.0,0.0,0.0,1.0,0.0,0.0,0.0,0.0,0.0,0.0,1.0,0.0,0.0
-0.03756778741803903,-1.3172845378532845,0.9059068748420546,1.393439630340816,-1.769867702490609,-0.5834864989471467,1.0,0.0,0.0,0.0,0.0,0.0,1.0,0.0,0.0,0.0,0.0,0.0,0.0,1.0,0.0,0.0
2.73013117416667,0.15239017580216555,-0.4494995345947871,-0.0068550250150934385,0.6477201624748541,-0.46978882655571336,0.0,0.0,0.0,1.0,0.0,0.0,1.0,0.0,1.0,0.0,0.0,0.0,0.0,0.0,0.0,0.0
2.73013117416667,-0.9330117916222722,-0.7161213770881726,-0.7070023526930482,-1.396419170504074,-0.47476699318493315,1.0,0.0,0.0,0.0,0.0,0.0,1.0,0.0,0.0,0.0,1.0,0.0,0.0,0.0,0.0,0.0
2.2688480139025518,1.0456557701110973,1.6595210351687573,0.6932923026628613,-0.27607357454446924,-0.5838166687113872,1.0,0.0,0.0,0.0,0.0,0.0,1.0,0.0,0.0,0.0,0.0,0.0,0.0,0.0,1.0,0.0
-0.4988509476821572,-0.31278209595116496,-1.2578367437504923,1.393439630340816,-0.2564183886504411,-0.20420438544748698,0.0,0.0,0.0,1.0,0.0,0.0,0.0,1.0,0.0,0.0,0.0,0.0,0.0,0.0,0.0,1.0
-0.4988509476821572,-0.31278209595116496,-1.2578367437504923,1.393439630340816,-0.2564183886504411,-0.5049882506501469,0.0,0.0,0.0,1.0,0.0,0.0,0.0,1.0,0.0,0.0,0.0,0.0,0.0,0.0,0.0,1.0
-0.4988509476821572,-0.31278209595116496,-1.2578367437504923,1.393439630340816,-0.2564183886504411,-0.3529612239319021,0.0,0.0,0.0,1.0,0.0,0.0,0.0,1.0,0.0,0.0,0.0,0.0,0.0,0.0,0.0,1.0
2.2688480139025518,0.8973399733201801,-1.1511220991351172,-1.407149680371003,0.27427163048831915,-0.50982700806016,0.0,0.0,0.0,1.0,0.0,0.0,1.0,0.0,0.0,0.0,0.0,0.0,0.0,0.0,0.0,1.0
-0.4988509476821572,-1.3543634870510135,-1.6950664892871956,-1.407149680371003,0.254616444594291,1.6101788865225164,0.0,0.0,0.0,1.0,1.0,0.0,0.0,0.0,0.0,0.0,0.0,0.0,0.0,0.0,1.0,0.0
-0.4988509476821572,-1.3543634870510135,-1.6950664892871956,-1.407149680371003,0.254616444594291,1.40817591378527,0.0,0.0,0.0,1.0,1.0,0.0,0.0,0.0,0.0,0.0,0.0,0.0,0.0,0.0,1.0,0.0
-0.4988509476821572,0.07486146384327706,-0.903285088123098,0.6932923026628613,-1.612626215338384,2.783520608426599,0.0,0.0,0.0,1.0,1.0,0.0,0.0,0.0,0.0,0.0,0.0,0.0,0.0,0.0,1.0,0.0
-0.4988509476821572,0.07486146384327706,-0.903285088123098,0.6932923026628613,-1.612626215338384,2.7976300070938196,0.0,0.0,0.0,1.0,1.0,0.0,0.0,0.0,0.0,0.0,0.0,0.0,0.0,0.0,1.0,0.0
-0.4988509476821572,-0.461097892742082,0.43264144294514895,-1.407149680371003,-0.7281428501071168,-0.40023864308822704,0.0,0.0,0.0,1.0,0.0,0.0,0.0,1.0,0.0,0.0,0.0,0.0,0.0,0.0,1.0,0.0
-0.4988509476821572,0.21306481994390433,1.0398571463973665,-0.7070023526930482,-0.8067635936832295,-0.031347576467464,0.0,1.0,0.0,0.0,0.0,0.0,0.0,1.0,1.0,0.0,0.0,0.0,0.0,0.0,0.0,0.0
0.8849985331101973,-0.21502850261169706,-1.6961746191324427,-1.407149680371003,-1.4750399140801866,-0.49732542495431614,1.0,0.0,0.0,0.0,0.0,0.0,1.0,0.0,0.0,0.0,0.0,0.0,0.0,0.0,1.0,0.0
0.8849985331101973,-0.21502850261169706,-1.6961746191324427,-1.407149680371003,-1.4750399140801866,-0.5084043837264703,1.0,0.0,0.0,0.0,0.0,0.0,1.0,0.0,0.0,0.0,0.0,0.0,0.0,0.0,1.0,0.0
-0.4988509476821572,-0.895932842424543,0.6459059631308469,-0.7070023526930482,-0.6102117347429479,0.8205424064499757,0.0,0.0,0.0,1.0,0.0,1.0,0.0,0.0,0.0,0.0,1.0,0.0,0.0,0.0,0.0,0.0
-0.4988509476821572,-0.12401653639908884,1.5060978473171769,-0.0068550250150934385,-0.02055615792210319,-0.551644968408836,0.0,0.0,0.0,1.0,0.0,0.0,1.0,0.0,0.0,0.0,0.0,1.0,0.0,0.0,0.0,0.0
-0.4988509476821572,1.5512778046255866,1.112171031303799,1.393439630340816,0.9622031367793046,-0.6255817956298543,0.0,0.0,0.0,1.0,0.0,0.0,1.0,0.0,0.0,0.0,0.0,0.0,1.0,0.0,0.0,0.0
-0.4988509476821572,1.5512778046255866,1.112171031303799,1.393439630340816,0.9622031367793046,-0.6292439645626485,0.0,0.0,0.0,1.0,0.0,0.0,1.0,0.0,0.0,0.0,0.0,0.0,1.0,0.0,0.0,0.0
-0.4988509476821572,1.2040840075923038,-0.6883473498883463,-0.0068550250150934385,0.05806458565400943,-0.46275097881421484,0.0,0.0,0.0,1.0,0.0,0.0,1.0,0.0,0.0,0.0,0.0,1.0,0.0,0.0,0.0,0.0
-0.4988509476821572,1.2040840075923038,-0.6883473498883463,-0.0068550250150934385,0.05806458565400943,-0.4644425234795214,0.0,0.0,0.0,1.0,0.0,0.0,1.0,0.0,0.0,0.0,0.0,1.0,0.0,0.0,0.0,0.0
1.8075648536384334,-1.1723395546257975,0.23848781129475927,0.6932923026628613,-0.2367632027564129,0.8893000623479517,0.0,0.0,0.0,1.0,0.0,1.0,0.0,0.0,0.0,0.0,0.0,1.0,0.0,0.0,0.0,0.0
-0.4988509476821572,1.4872323469204183,-0.9011964664252501,1.393439630340816,-0.8657291513653139,-0.5625293209994767,1.0,0.0,0.0,0.0,0.0,0.0,1.0,0.0,0.0,0.0,0.0,0.0,0.0,0.0,1.0,0.0
-0.4988509476821572,0.11531122660443627,-1.4550200372081492,-0.7070023526930482,-0.11883208739224398,-0.6281664028570533,0.0,1.0,0.0,0.0,0.0,0.0,1.0,0.0,0.0,0.0,0.0,1.0,0.0,0.0,0.0,0.0
-0.4988509476821572,0.15239017580216555,-0.9667524997937571,-0.7070023526930482,-0.4333150616966945,0.5674581120468707,0.0,0.0,0.0,1.0,0.0,1.0,0.0,0.0,0.0,0.0,0.0,0.0,0.0,0.0,0.0,1.0
-0.4988509476821572,0.15239017580216555,-0.9667524997937571,-0.7070023526930482,-0.4333150616966945,0.5231233229978121,0.0,0.0,0.0,1.0,0.0,1.0,0.0,0.0,0.0,0.0,0.0,0.0,0.0,0.0,0.0,1.0
-0.4988509476821572,0.9714978717156387,-1.3257633627460568,-1.407149680371003,-0.8853843372593421,-0.27126677509646646,0.0,0.0,0.0,1.0,0.0,0.0,0.0,1.0,0.0,0.0,0.0,0.0,0.0,0.0,1.0,0.0
-0.4988509476821572,0.9714978717156387,-1.3257633627460568,-1.407149680371003,-0.8853843372593421,-0.19153805370787386,0.0,0.0,0.0,1.0,0.0,0.0,0.0,1.0,0.0,0.0,0.0,0.0,0.0,0.0,1.0,0.0
-0.4988509476821572,0.9714978717156387,-1.3257633627460568,-1.407149680371003,-0.8853843372593421,-0.2925752444280909,0.0,0.0,0.0,1.0,0.0,0.0,0.0,1.0,0.0,0.0,0.0,0.0,0.0,0.0,1.0,0.0
-0.4988509476821572,-0.036375383749910756,-1.4348335084984492,-0.7070023526930482,-0.2367632027564129,-0.5138043559569279,0.0,0.0,0.0,1.0,0.0,0.0,1.0,0.0,0.0,0.0,0.0,1.0,0.0,0.0,0.0,0.0
-0.4988509476821572,0.6040791933017763,1.225677177473343,0.6932923026628613,-0.6691772924250323,-0.5683511380057371,0.0,0.0,0.0,1.0,0.0,0.0,1.0,0.0,0.0,0.0,0.0,0.0,0.0,0.0,1.0,0.0
1.8075648536384334,-1.1420022325549282,0.6127038402073915,0.6932923026628613,-0.1581424591803003,-0.31786800208361016,0.0,0.0,0.0,1.0,0.0,0.0,0.0,1.0,0.0,0.0,0.0,0.0,0.0,0.0,1.0,0.0
-0.4988509476821572,-1.2127893173869566,-0.9151589024753632,0.6932923026628613,-0.4726254334847508,-0.452228729787512,1.0,0.0,0.0,0.0,0.0,0.0,1.0,0.0,0.0,0.0,0.0,1.0,0.0,0.0,0.0,0.0
-0.4988509476821572,-0.9734615543834314,1.0399337291929542,-0.7070023526930482,-0.1581424591803003,-0.5612986063313988,0.0,0.0,1.0,0.0,0.0,0.0,1.0,0.0,0.0,0.0,0.0,0.0,0.0,0.0,1.0,0.0
-0.4988509476821572,0.9243064818276197,-1.1277689878624022,1.393439630340816,-0.11883208739224398,1.99453163821245,0.0,1.0,0.0,0.0,1.0,0.0,0.0,0.0,0.0,0.0,0.0,0.0,0.0,0.0,0.0,1.0
-0.4988509476821572,0.9243064818276197,-1.1277689878624022,1.393439630340816,-0.11883208739224398,2.7163015727497437,0.0,1.0,0.0,0.0,1.0,0.0,0.0,0.0,0.0,0.0,0.0,0.0,0.0,0.0,0.0,1.0
1.3462816933743154,-0.6667175201113078,-0.0927861555101202,-0.0068550250150934385,1.276686111083755,-0.5582826349090636,1.0,0.0,0.0,0.0,0.0,0.0,1.0,0.0,0.0,1.0,0.0,0.0,0.0,0.0,0.0,0.0
1.3462816933743154,-0.6667175201113078,-0.0927861555101202,-0.0068550250150934385,1.276686111083755,-0.6291952705781579,1.0,0.0,0.0,0.0,0.0,0.0,1.0,0.0,0.0,1.0,0.0,0.0,0.0,0.0,0.0,0.0
1.3462816933743154,-0.6667175201113078,-0.0927861555101202,-0.0068550250150934385,1.276686111083755,-0.47214017536377706,1.0,0.0,0.0,0.0,0.0,0.0,1.0,0.0,0.0,1.0,0.0,0.0,0.0,0.0,0.0,0.0
-0.4988509476821572,-1.5903204364911088,-1.5256479402662635,-0.7070023526930482,1.0211686944613891,-0.537656096820416,0.0,0.0,1.0,0.0,0.0,0.0,1.0,0.0,0.0,0.0,0.0,0.0,1.0,0.0,0.0,0.0
-0.4988509476821572,-1.088069215540049,-0.4412808082137556,1.393439630340816,1.630479457176262,1.2957309917548157,0.0,1.0,0.0,0.0,1.0,0.0,0.0,0.0,0.0,0.0,0.0,0.0,1.0,0.0,0.0,0.0
-0.4988509476821572,-1.627399385688838,-1.3879462720725393,1.393439630340816,-0.9640050808354547,-0.3184402771896173,1.0,0.0,0.0,0.0,0.0,0.0,0.0,1.0,1.0,0.0,0.0,0.0,0.0,0.0,0.0,0.0
-0.03756778741803903,-0.8689663339171037,1.1646464911168397,1.393439630340816,1.2963412969777832,-0.6106378742592745,0.0,0.0,0.0,1.0,0.0,0.0,1.0,0.0,0.0,0.0,1.0,0.0,0.0,0.0,0.0,0.0
-0.4988509476821572,1.440040957032399,1.313072071383625,1.393439630340816,-0.4922806193787789,-0.6114874465247481,0.0,0.0,0.0,1.0,0.0,0.0,1.0,0.0,0.0,0.0,0.0,0.0,0.0,1.0,0.0,0.0
-0.4988509476821572,1.440040957032399,1.313072071383625,1.393439630340816,-0.4922806193787789,-0.6066578102593224,0.0,0.0,0.0,1.0,0.0,0.0,1.0,0.0,0.0,0.0,0.0,0.0,0.0,1.0,0.0,0.0
-0.4988509476821572,-0.12064572283565891,-0.9210731829164359,0.6932923026628613,0.17599570101817838,1.1118610307430086,0.0,0.0,0.0,1.0,0.0,1.0,0.0,0.0,0.0,0.0,0.0,1.0,0.0,0.0,0.0,0.0
-0.4988509476821572,-0.12064572283565891,-0.9210731829164359,0.6932923026628613,0.17599570101817838,0.953356737781573,0.0,0.0,0.0,1.0,0.0,1.0,0.0,0.0,0.0,0.0,0.0,1.0,0.0,0.0,0.0,0.0
-0.4988509476821572,-0.2757031467534359,-1.5361919988042323,0.6932923026628613,0.27427163048831915,-0.4771423429432499,0.0,0.0,0.0,1.0,0.0,0.0,1.0,0.0,0.0,0.0,0.0,0.0,0.0,1.0,0.0,0.0
-0.4988509476821572,0.20969400638047442,0.8956250543617045,1.393439630340816,0.17599570101817838,-0.6104270628659744,1.0,0.0,0.0,0.0,0.0,0.0,1.0,0.0,0.0,0.0,0.0,1.0,0.0,0.0,0.0,0.0
-0.4988509476821572,-0.8419998254096642,1.2007181481840605,1.393439630340816,-1.6519365871264402,2.972523260139889,0.0,0.0,0.0,1.0,1.0,0.0,0.0,0.0,0.0,1.0,0.0,0.0,0.0,0.0,0.0,0.0
2.73013117416667,-1.485825216024781,1.3299400122845222,-0.0068550250150934385,1.5715138994941775,0.9024525830866387,0.0,0.0,0.0,1.0,0.0,1.0,0.0,0.0,0.0,0.0,0.0,1.0,0.0,0.0,0.0,0.0
2.73013117416667,-1.485825216024781,1.3299400122845222,-0.0068550250150934385,1.5715138994941775,0.9121207025401213,0.0,0.0,0.0,1.0,0.0,1.0,0.0,0.0,0.0,0.0,0.0,1.0,0.0,0.0,0.0,0.0
2.73013117416667,-1.485825216024781,1.3299400122845222,-0.0068550250150934385,1.5715138994941775,0.5313617144631232,0.0,0.0,0.0,1.0,0.0,1.0,0.0,0.0,0.0,0.0,0.0,1.0,0.0,0.0,0.0,0.0
1.3462816933743154,1.5040864147375674,-0.9653774905093406,-0.0068550250150934385,0.0777197715480376,-0.18236096784135616,0.0,0.0,0.0,1.0,0.0,0.0,0.0,1.0,0.0,0.0,1.0,0.0,0.0,0.0,0.0,0.0
0.8849985331101973,-1.0307653849617402,-1.24574014308379,-0.7070023526930482,1.3749620405538958,-0.4394262011430351,0.0,0.0,0.0,1.0,0.0,0.0,0.0,1.0,0.0,0.0,0.0,0.0,1.0,0.0,0.0,0.0
0.42371537284607913,-0.9936864357640111,1.0935706947390758,0.6932923026628613,-1.12124656798768,-0.5354017572938704,0.0,0.0,0.0,1.0,0.0,0.0,1.0,0.0,0.0,0.0,0.0,0.0,0.0,1.0,0.0,0.0
0.42371537284607913,-0.9936864357640111,1.0935706947390758,0.6932923026628613,-1.12124656798768,-0.5724529369669157,0.0,0.0,0.0,1.0,0.0,0.0,1.0,0.0,0.0,0.0,0.0,0.0,0.0,1.0,0.0,0.0
2.2688480139025518,-0.002667248115611417,-0.7562670068115845,-0.7070023526930482,-0.8264187795772576,-0.5691708788398434,0.0,0.0,0.0,1.0,0.0,0.0,1.0,0.0,0.0,0.0,0.0,0.0,0.0,0.0,1.0,0.0
-0.03756778741803903,-0.3869399943466235,1.5627725970882795,-1.407149680371003,-0.9443498949414265,-0.4077681446806389,0.0,0.0,0.0,1.0,0.0,0.0,0.0,1.0,0.0,0.0,1.0,0.0,0.0,0.0,0.0,0.0
2.2688480139025518,-0.892562028861113,0.9690006552978765,-0.7070023526930482,1.6697898289643183,-0.6118568365578053,0.0,0.0,0.0,1.0,0.0,0.0,1.0,0.0,0.0,1.0,0.0,0.0,0.0,0.0,0.0,0.0
2.2688480139025518,-0.892562028861113,0.9690006552978765,-0.7070023526930482,1.6697898289643183,-0.46556857676768726,0.0,0.0,0.0,1.0,0.0,0.0,1.0,0.0,0.0,1.0,0.0,0.0,0.0,0.0,0.0,0.0
-0.4988509476821572,-0.23525338399227666,0.8637201975816902,-1.407149680371003,0.7459960919449948,3.7721513240504168,0.0,0.0,0.0,1.0,1.0,0.0,0.0,0.0,0.0,0.0,0.0,0.0,0.0,0.0,0.0,1.0
-0.4988509476821572,0.21643563350733427,-0.3005738454659059,-0.0068550250150934385,-0.39400468990863813,-0.5021214037391775,0.0,0.0,0.0,1.0,0.0,0.0,1.0,0.0,0.0,0.0,0.0,0.0,1.0,0.0,0.0,0.0
-0.4988509476821572,0.21643563350733427,-0.3005738454659059,-0.0068550250150934385,-0.39400468990863813,-0.46960937440182166,0.0,0.0,0.0,1.0,0.0,0.0,1.0,0.0,0.0,0.0,0.0,0.0,1.0,0.0,0.0,0.0
-0.4988509476821572,1.3355457365660712,1.0216896186622528,-0.7070023526930482,0.35289237406443175,1.1185758711365963,1.0,0.0,0.0,0.0,1.0,0.0,0.0,0.0,0.0,0.0,0.0,0.0,0.0,1.0,0.0,0.0
-0.4988509476821572,-0.5622222996449798,-0.6824156642664584,-0.0068550250150934385,0.883582393203192,-0.517142120315654,0.0,0.0,0.0,1.0,0.0,0.0,1.0,0.0,0.0,0.0,0.0,1.0,0.0,0.0,0.0,0.0
-0.4988509476821572,-0.5622222996449798,-0.6824156642664584,-0.0068550250150934385,0.883582393203192,-0.5470007975930536,0.0,0.0,0.0,1.0,0.0,0.0,1.0,0.0,0.0,0.0,0.0,1.0,0.0,0.0,0.0,0.0
0.42371537284607913,-1.2094185038235266,0.8650163033797436,1.393439630340816,0.7263409060509667,-0.14460108111004896,0.0,0.0,0.0,1.0,0.0,0.0,0.0,1.0,0.0,0.0,0.0,1.0,0.0,0.0,0.0,0.0
-0.4988509476821572,0.8568902105590209,1.2983588918676743,-0.7070023526930482,0.883582393203192,-0.23451059295724447,1.0,0.0,0.0,0.0,0.0,0.0,0.0,1.0,0.0,0.0,1.0,0.0,0.0,0.0,0.0,0.0
-0.4988509476821572,-0.2285117568654168,0.05246820081209945,-0.0068550250150934385,-1.2784880551399052,-0.5652037620336758,0.0,0.0,0.0,1.0,0.0,0.0,1.0,0.0,0.0,1.0,0.0,0.0,0.0,0.0,0.0,0.0
-0.4988509476821572,-1.6004328771813985,1.5658939261811746,-1.407149680371003,0.883582393203192,-0.6061059124562913,0.0,0.0,0.0,1.0,0.0,0.0,1.0,0.0,0.0,0.0,1.0,0.0,0.0,0.0,0.0,0.0
-0.03756778741803903,-0.03300457018648082,0.9115751620609363,-0.0068550250150934385,0.01875421386595312,-0.5255652067974936,0.0,1.0,0.0,0.0,0.0,0.0,1.0,0.0,0.0,0.0,0.0,0.0,0.0,0.0,1.0,0.0
-0.4988509476821572,-0.656605079421018,-1.3075946746655553,1.393439630340816,0.1563405151241502,-0.5633018499534742,0.0,0.0,0.0,1.0,0.0,0.0,1.0,0.0,0.0,0.0,0.0,0.0,0.0,1.0,0.0,0.0
0.42371537284607913,1.187229939775154,1.2318722614982374,-0.0068550250150934385,0.7656512778390231,-0.5843225951622061,0.0,0.0,0.0,1.0,0.0,0.0,1.0,0.0,0.0,0.0,0.0,0.0,0.0,0.0,1.0,0.0
-0.4988509476821572,-0.1307581635259487,-0.7535332330781792,1.393439630340816,1.1587549957195862,-0.5295137222143056,1.0,0.0,0.0,0.0,0.0,0.0,1.0,0.0,1.0,0.0,0.0,0.0,0.0,0.0,0.0,0.0
-0.4988509476821572,-0.28581558744372565,-1.4278064568305788,1.393439630340816,0.5887546047927696,-0.524016603591352,0.0,1.0,0.0,0.0,0.0,0.0,1.0,0.0,0.0,0.0,0.0,0.0,0.0,0.0,0.0,1.0
-0.4988509476821572,-0.28581558744372565,-1.4278064568305788,1.393439630340816,0.5887546047927696,-0.4897507485591837,0.0,1.0,0.0,0.0,0.0,0.0,1.0,0.0,0.0,0.0,0.0,0.0,0.0,0.0,0.0,1.0
-0.4988509476821572,0.014186819701538253,-1.3503766091098064,-1.407149680371003,0.35289237406443175,-0.364955698820878,0.0,0.0,0.0,1.0,0.0,0.0,0.0,1.0,0.0,0.0,0.0,0.0,1.0,0.0,0.0,0.0
-0.4988509476821572,-1.5262749787859402,0.7293046275259134,-0.0068550250150934385,-0.37434950401461,0.4186621969337111,1.0,0.0,0.0,0.0,0.0,1.0,0.0,0.0,0.0,0.0,0.0,1.0,0.0,0.0,0.0,0.0
-0.4988509476821572,-1.0509902663423198,1.1221070688586166,-0.0068550250150934385,0.19565088691220653,2.851369179365533,1.0,0.0,0.0,0.0,1.0,0.0,0.0,0.0,0.0,0.0,1.0,0.0,0.0,0.0,0.0,0.0
-0.4988509476821572,-1.0509902663423198,1.1221070688586166,-0.0068550250150934385,0.19565088691220653,1.0166027412929222,1.0,0.0,0.0,0.0,1.0,0.0,0.0,0.0,0.0,0.0,1.0,0.0,0.0,0.0,0.0,0.0
-0.4988509476821572,-1.0509902663423198,1.1221070688586166,-0.0068550250150934385,0.19565088691220653,3.4793785464278364,1.0,0.0,0.0,0.0,1.0,0.0,0.0,0.0,0.0,0.0,1.0,0.0,0.0,0.0,0.0,0.0
0.42371537284607913,-1.2566098937115457,1.6338170641405758,-0.0068550250150934385,-0.4922806193787789,0.5266484658307801,0.0,0.0,0.0,1.0,0.0,1.0,0.0,0.0,0.0,1.0,0.0,0.0,0.0,0.0,0.0,0.0
1.8075648536384334,-1.1757103681892274,-0.6169536188743545,1.393439630340816,-0.8264187795772576,0.9951960352100715,1.0,0.0,0.0,0.0,0.0,1.0,0.0,0.0,1.0,0.0,0.0,0.0,0.0,0.0,0.0,0.0
-0.4988509476821572,0.567000244104047,1.4855144804848859,0.6932923026628613,-0.8657291513653139,2.688209243969818,0.0,0.0,0.0,1.0,1.0,0.0,0.0,0.0,0.0,0.0,1.0,0.0,0.0,0.0,0.0,0.0
1.3462816933743154,0.567000244104047,-1.2027934395944864,0.6932923026628613,-1.750212516596581,-0.41424907374567194,0.0,0.0,0.0,1.0,0.0,0.0,0.0,1.0,0.0,0.0,0.0,0.0,0.0,1.0,0.0,0.0
2.2688480139025518,1.197342380465444,-1.0124236942533644,1.393439630340816,-0.5119358052728071,-0.5979774317626234,1.0,0.0,0.0,0.0,0.0,0.0,1.0,0.0,0.0,0.0,0.0,1.0,0.0,0.0,0.0,0.0
-0.4988509476821572,0.8737442783761706,-0.1464231210562419,-1.407149680371003,1.2373757392956988,-0.38406655992539884,0.0,0.0,0.0,1.0,0.0,0.0,0.0,1.0,0.0,0.0,0.0,0.0,0.0,1.0,0.0,0.0
-0.4988509476821572,0.8737442783761706,-0.1464231210562419,-1.407149680371003,1.2373757392956988,-0.3980959445432857,0.0,0.0,0.0,1.0,0.0,0.0,0.0,1.0,0.0,0.0,0.0,0.0,0.0,1.0,0.0,0.0
-0.4988509476821572,-0.14424141777966845,-0.431458484506932,-0.0068550250150934385,0.27427163048831915,1.2800215536774018,1.0,0.0,0.0,0.0,0.0,1.0,0.0,0.0,1.0,0.0,0.0,0.0,0.0,0.0,0.0,0.0
-0.4988509476821572,0.4052011930594102,0.20048766019319217,-0.0068550250150934385,0.37254755995845995,-0.5863947011407339,1.0,0.0,0.0,0.0,0.0,0.0,1.0,0.0,0.0,0.0,0.0,1.0,0.0,0.0,0.0,0.0
-0.4988509476821572,0.6580122103166548,-0.967577505364407,0.6932923026628613,-1.0229706385175392,-0.3123562648187587,0.0,1.0,0.0,0.0,0.0,0.0,0.0,1.0,0.0,0.0,0.0,0.0,1.0,0.0,0.0,0.0
-0.4988509476821572,0.06811983671641719,-0.6869607371500529,1.393439630340816,0.6477201624748541,-0.5694908305716719,0.0,0.0,0.0,1.0,0.0,0.0,1.0,0.0,1.0,0.0,0.0,0.0,0.0,0.0,0.0,0.0
-0.4988509476821572,0.06811983671641719,-0.6869607371500529,1.393439630340816,0.6477201624748541,-0.519739622503884,0.0,0.0,0.0,1.0,0.0,0.0,1.0,0.0,1.0,0.0,0.0,0.0,0.0,0.0,0.0,0.0
-0.4988509476821572,-0.05660026513049036,-0.8994443448898333,-1.407149680371003,-1.4553847281861585,-0.5575941158100463,0.0,0.0,0.0,1.0,0.0,0.0,1.0,0.0,0.0,0.0,1.0,0.0,0.0,0.0,0.0,0.0
-0.4988509476821572,0.21643563350733427,1.6105799874066302,0.6932923026628613,0.9228927649912483,-0.5844489592512154,1.0,0.0,0.0,0.0,0.0,0.0,1.0,0.0,0.0,0.0,0.0,0.0,0.0,0.0,0.0,1.0
-0.4988509476821572,0.21643563350733427,1.6105799874066302,0.6932923026628613,0.9228927649912483,-0.603327280136962,1.0,0.0,0.0,0.0,0.0,0.0,1.0,0.0,0.0,0.0,0.0,0.0,0.0,0.0,0.0,1.0
0.42371537284607913,0.5096964135257381,-0.2879922204271477,0.6932923026628613,1.4732379700240366,-0.27589701282524115,0.0,0.0,0.0,1.0,0.0,0.0,0.0,1.0,0.0,0.0,0.0,0.0,1.0,0.0,0.0,0.0
1.3462816933743154,0.7625074307829828,1.6988184524137655,-0.7070023526930482,-0.0598665297101595,3.4372075906016217,0.0,0.0,0.0,1.0,1.0,0.0,0.0,0.0,0.0,1.0,0.0,0.0,0.0,0.0,0.0,0.0
1.3462816933743154,0.7625074307829828,1.6988184524137655,-0.7070023526930482,-0.0598665297101595,2.783330109045333,0.0,0.0,0.0,1.0,1.0,0.0,0.0,0.0,0.0,1.0,0.0,0.0,0.0,0.0,0.0,0.0
2.2688480139025518,0.5063255999623082,0.45369939104100654,-1.407149680371003,0.8442720214151357,-0.27626848563934586,1.0,0.0,0.0,0.0,0.0,0.0,0.0,1.0,0.0,0.0,0.0,1.0,0.0,0.0,0.0,0.0
1.8075648536384334,0.09171553166042673,-0.7418172256986402,-1.407149680371003,-0.6888324783190605,-0.5222134897644773,0.0,0.0,0.0,1.0,0.0,0.0,1.0,0.0,0.0,0.0,0.0,0.0,0.0,1.0,0.0,0.0
1.8075648536384334,0.09171553166042673,-0.7418172256986402,-1.407149680371003,-0.6888324783190605,-0.5649245126750457,0.0,0.0,0.0,1.0,0.0,0.0,1.0,0.0,0.0,0.0,0.0,0.0,0.0,1.0,0.0,0.0
-0.4988509476821572,0.6377873289360756,-0.8155734199219756,-0.7070023526930482,0.7459960919449948,-0.3973322951573906,0.0,0.0,0.0,1.0,0.0,0.0,0.0,1.0,0.0,0.0,0.0,0.0,0.0,0.0,0.0,1.0
2.73013117416667,-0.1476122313430984,-1.572370407647121,0.6932923026628613,-1.0622810103055955,-0.36057541440508994,0.0,0.0,0.0,1.0,0.0,0.0,0.0,1.0,0.0,0.0,0.0,0.0,1.0,0.0,0.0,0.0
2.73013117416667,-0.8453706389730941,-1.3822745038174946,1.393439630340816,0.8049616496270794,-0.4582478560202816,0.0,0.0,0.0,1.0,0.0,0.0,1.0,0.0,0.0,0.0,0.0,0.0,1.0,0.0,0.0,0.0
2.73013117416667,-0.8453706389730941,-1.3822745038174946,1.393439630340816,0.8049616496270794,-0.602767123029777,0.0,0.0,0.0,1.0,0.0,0.0,1.0,0.0,0.0,0.0,0.0,0.0,1.0,0.0,0.0,0.0
-0.4988509476821572,-1.6577367077597074,0.6510532552706543,-1.407149680371003,-0.19745283096835659,-0.6122532766281036,0.0,0.0,0.0,1.0,0.0,0.0,1.0,0.0,0.0,0.0,0.0,0.0,0.0,1.0,0.0,0.0
-0.4988509476821572,0.33104329466395166,0.47551040329347705,-0.0068550250150934385,-0.07952171560418766,0.46398924507273476,0.0,0.0,0.0,1.0,0.0,1.0,0.0,0.0,0.0,1.0,0.0,0.0,0.0,0.0,0.0,0.0
-0.4988509476821572,1.6153232623307552,1.685129857875148,-0.0068550250150934385,0.5297890471106852,0.5449750978445098,0.0,0.0,0.0,1.0,0.0,1.0,0.0,0.0,0.0,0.0,0.0,0.0,0.0,0.0,0.0,1.0
-0.4988509476821572,-0.44424382492493236,-0.6208465776500655,0.6932923026628613,-0.13848727328627214,-0.5650181594730544,1.0,0.0,0.0,0.0,0.0,0.0,1.0,0.0,0.0,0.0,1.0,0.0,0.0,0.0,0.0,0.0
-0.4988509476821572,-0.33300697733174456,-0.3366803128947575,-1.407149680371003,1.0997894380375017,-0.046352910498022065,0.0,0.0,0.0,1.0,0.0,0.0,0.0,1.0,0.0,0.0,0.0,1.0,0.0,0.0,0.0,0.0
2.2688480139025518,-0.9802031815102913,0.38427012476837935,1.393439630340816,0.8049616496270794,-0.4711248946876878,1.0,0.0,0.0,0.0,0.0,0.0,1.0,0.0,0.0,0.0,0.0,0.0,0.0,0.0,0.0,1.0
2.2688480139025518,-0.9802031815102913,0.38427012476837935,1.393439630340816,0.8049616496270794,-0.5029116330675317,1.0,0.0,0.0,0.0,0.0,0.0,1.0,0.0,0.0,0.0,0.0,0.0,0.0,0.0,0.0,1.0
-0.4988509476821572,0.9445313632081992,-1.603931802192378,-0.0068550250150934385,-1.2195224974578207,0.9189554562776557,0.0,0.0,0.0,1.0,0.0,1.0,0.0,0.0,1.0,0.0,0.0,0.0,0.0,0.0,0.0,0.0
-0.4988509476821572,-0.8184041304656546,0.9788322617678016,-1.407149680371003,-1.258832869245877,-0.4752316296440762,1.0,0.0,0.0,0.0,0.0,0.0,1.0,0.0,0.0,0.0,0.0,1.0,0.0,0.0,0.0,0.0
-0.4988509476821572,-0.8184041304656546,0.9788322617678016,-1.407149680371003,-1.258832869245877,-0.5931759358931692,1.0,0.0,0.0,0.0,0.0,0.0,1.0,0.0,0.0,0.0,0.0,1.0,0.0,0.0,0.0,0.0
-0.4988509476821572,-0.8184041304656546,0.9788322617678016,-1.407149680371003,-1.258832869245877,-0.5978037513279982,1.0,0.0,0.0,0.0,0.0,0.0,1.0,0.0,0.0,0.0,0.0,1.0,0.0,0.0,0.0,0.0
2.2688480139025518,0.6580122103166548,0.4875617504900594,-0.7070023526930482,0.3332371881704036,0.12524648634776822,0.0,0.0,1.0,0.0,0.0,1.0,0.0,0.0,0.0,0.0,1.0,0.0,0.0,0.0,0.0,0.0
2.2688480139025518,0.6580122103166548,0.4875617504900594,-0.7070023526930482,0.3332371881704036,0.5429853563892253,0.0,0.0,1.0,0.0,0.0,1.0,0.0,0.0,0.0,0.0,1.0,0.0,0.0,0.0,0.0,0.0
2.2688480139025518,0.6580122103166548,0.4875617504900594,-0.7070023526930482,0.3332371881704036,0.6787596917477364,0.0,0.0,1.0,0.0,0.0,1.0,0.0,0.0,0.0,0.0,1.0,0.0,0.0,0.0,0.0,0.0
-0.4988509476821572,-0.07345433294764002,-1.14813769079797,-0.7070023526930482,0.8442720214151357,-0.49877064648300745,0.0,0.0,0.0,1.0,0.0,0.0,1.0,0.0,0.0,0.0,1.0,0.0,0.0,0.0,0.0,0.0
-0.4988509476821572,-0.07345433294764002,-1.14813769079797,-0.7070023526930482,0.8442720214151357,-0.4649566243562699,0.0,0.0,0.0,1.0,0.0,0.0,1.0,0.0,0.0,0.0,1.0,0.0,0.0,0.0,0.0,0.0
-0.4988509476821572,-0.07345433294764002,-1.14813769079797,-0.7070023526930482,0.8442720214151357,-0.5902799822802878,0.0,0.0,0.0,1.0,0.0,0.0,1.0,0.0,0.0,0.0,1.0,0.0,0.0,0.0,0.0,0.0
-0.4988509476821572,1.291725160241482,0.5213498478342999,-0.0068550250150934385,1.5322035277061212,-0.3107746962160372,1.0,0.0,0.0,0.0,0.0,0.0,0.0,1.0,0.0,0.0,0.0,0.0,0.0,1.0,0.0,0.0
-0.4988509476821572,1.291725160241482,0.5213498478342999,-0.0068550250150934385,1.5322035277061212,-0.48511675007215393,1.0,0.0,0.0,0.0,0.0,0.0,0.0,1.0,0.0,0.0,0.0,0.0,0.0,1.0,0.0,0.0
-0.4988509476821572,1.291725160241482,0.5213498478342999,-0.0068550250150934385,1.5322035277061212,-0.03475467980651866,1.0,0.0,0.0,0.0,0.0,0.0,0.0,1.0,0.0,0.0,0.0,0.0,0.0,1.0,0.0,0.0
-0.4988509476821572,-0.16446629916024805,-1.1569261467643588,1.393439630340816,-1.12124656798768,-0.11706889637912055,0.0,0.0,0.0,1.0,0.0,0.0,0.0,1.0,0.0,0.0,0.0,0.0,1.0,0.0,0.0,0.0
-0.03756778741803903,-0.7004256557456071,0.5822911875959508,1.393439630340816,0.5297890471106852,-0.46299406352011047,0.0,0.0,0.0,1.0,0.0,0.0,0.0,1.0,0.0,0.0,0.0,1.0,0.0,0.0,0.0,0.0
-0.03756778741803903,-0.7004256557456071,0.5822911875959508,1.393439630340816,0.5297890471106852,-0.23641246586288095,0.0,0.0,0.0,1.0,0.0,0.0,0.0,1.0,0.0,0.0,0.0,1.0,0.0,0.0,0.0,0.0
0.8849985331101973,1.3591414315100807,-0.9841391150829532,-1.407149680371003,-1.1409017538817081,0.9150684383990465,1.0,0.0,0.0,0.0,0.0,1.0,0.0,0.0,1.0,0.0,0.0,0.0,0.0,0.0,0.0,0.0
0.8849985331101973,1.3591414315100807,-0.9841391150829532,-1.407149680371003,-1.1409017538817081,1.2121542899417932,1.0,0.0,0.0,0.0,0.0,1.0,0.0,0.0,1.0,0.0,0.0,0.0,0.0,0.0,0.0,0.0
-0.4988509476821572,-1.1082940969206287,-1.560574336435831,0.6932923026628613,0.49047867532262884,-0.09052152757077732,1.0,0.0,0.0,0.0,0.0,0.0,0.0,1.0,0.0,0.0,1.0,0.0,0.0,0.0,0.0,0.0
-0.4988509476821572,-1.1082940969206287,-1.560574336435831,0.6932923026628613,0.49047867532262884,-0.28718138995889214,1.0,0.0,0.0,0.0,0.0,0.0,0.0,1.0,0.0,0.0,1.0,0.0,0.0,0.0,0.0,0.0
-0.4988509476821572,-1.573466368673959,-1.4816139931486914,1.393439630340816,-0.31538394633252553,0.4754412240543173,0.0,0.0,0.0,1.0,0.0,1.0,0.0,0.0,0.0,0.0,0.0,0.0,0.0,1.0,0.0,0.0
-0.4988509476821572,-1.3577343006144436,0.6497757149988039,1.393439630340816,-0.7477980360011449,0.12958542201003273,0.0,1.0,0.0,0.0,0.0,1.0,0.0,0.0,0.0,0.0,0.0,0.0,0.0,1.0,0.0,0.0
-0.4988509476821572,-1.3577343006144436,0.6497757149988039,1.393439630340816,-0.7477980360011449,0.9744521040078357,0.0,1.0,0.0,0.0,0.0,1.0,0.0,0.0,0.0,0.0,0.0,0.0,0.0,1.0,0.0,0.0
-0.4988509476821572,-1.3577343006144436,0.6497757149988039,1.393439630340816,-0.7477980360011449,0.25163188632048483,0.0,1.0,0.0,0.0,0.0,1.0,0.0,0.0,0.0,0.0,0.0,0.0,0.0,1.0,0.0,0.0
-0.4988509476821572,1.6153232623307552,-1.5503064401001332,1.393439630340816,0.9032375790972201,-0.5974236209349938,0.0,0.0,0.0,1.0,0.0,0.0,1.0,0.0,0.0,0.0,1.0,0.0,0.0,0.0,0.0,0.0
0.8849985331101973,0.22317726063419416,-0.5513999061966228,1.393439630340816,-1.2784880551399052,0.863912077853629,1.0,0.0,0.0,0.0,0.0,1.0,0.0,0.0,1.0,0.0,0.0,0.0,0.0,0.0,0.0,0.0
1.8075648536384334,-0.40379406216377317,-0.5728314855073177,1.393439630340816,-1.5536606576562992,-0.6091088322193349,0.0,0.0,0.0,1.0,0.0,0.0,1.0,0.0,0.0,0.0,0.0,0.0,1.0,0.0,0.0,0.0
1.8075648536384334,-0.40379406216377317,-0.5728314855073177,1.393439630340816,-1.5536606576562992,-0.5999216458441008,0.0,0.0,0.0,1.0,0.0,0.0,1.0,0.0,0.0,0.0,0.0,0.0,1.0,0.0,0.0,0.0
1.8075648536384334,-0.40379406216377317,-0.5728314855073177,1.393439630340816,-1.5536606576562992,-0.5947390793920783,0.0,0.0,0.0,1.0,0.0,0.0,1.0,0.0,0.0,0.0,0.0,0.0,1.0,0.0,0.0,0.0
-0.4988509476821572,-0.5993012488427091,-0.9353222242773094,-0.7070023526930482,-1.396419170504074,0.24535101523061623,1.0,0.0,0.0,0.0,0.0,1.0,0.0,0.0,0.0,0.0,0.0,0.0,0.0,1.0,0.0,0.0
1.3462816933743154,1.5108280418644273,-1.4674473363103442,-1.407149680371003,0.7656512778390231,0.36504321222790037,0.0,0.0,0.0,1.0,0.0,1.0,0.0,0.0,0.0,0.0,0.0,0.0,0.0,0.0,0.0,1.0
-0.4988509476821572,1.1838591262117242,0.9424728390444328,-1.407149680371003,-0.4333150616966945,-0.6228033069505973,0.0,1.0,0.0,0.0,0.0,0.0,1.0,0.0,0.0,1.0,0.0,0.0,0.0,0.0,0.0,0.0
-0.4988509476821572,1.1838591262117242,0.9424728390444328,-1.407149680371003,-0.4333150616966945,-0.5765856511890977,0.0,1.0,0.0,0.0,0.0,0.0,1.0,0.0,0.0,1.0,0.0,0.0,0.0,0.0,0.0,0.0
-0.4988509476821572,0.9984643802230782,-0.21947730632002285,1.393439630340816,-1.612626215338384,-0.5060742544745335,1.0,0.0,0.0,0.0,0.0,0.0,1.0,0.0,1.0,0.0,0.0,0.0,0.0,0.0,0.0,0.0
-0.4988509476821572,0.9984643802230782,-0.21947730632002285,1.393439630340816,-1.612626215338384,-0.5584376225470146,1.0,0.0,0.0,0.0,0.0,0.0,1.0,0.0,1.0,0.0,0.0,0.0,0.0,0.0,0.0,0.0
-0.4988509476821572,-1.0577318934691797,-0.08490624998229518,-1.407149680371003,0.9622031367793046,1.1905426682376985,0.0,0.0,0.0,1.0,0.0,1.0,0.0,0.0,0.0,0.0,0.0,0.0,0.0,1.0,0.0,0.0
-0.4988509476821572,-0.6802007743650276,1.193971900100012,-0.0068550250150934385,0.7066857201569385,-0.26371040628145087,1.0,0.0,0.0,0.0,0.0,0.0,0.0,1.0,0.0,0.0,0.0,0.0,0.0,0.0,0.0,1.0
-0.4988509476821572,1.0153184480402278,0.6760308500861397,-0.7070023526930482,1.1587549957195862,-0.4519237492686677,1.0,0.0,0.0,0.0,0.0,0.0,0.0,1.0,0.0,0.0,0.0,0.0,0.0,1.0,0.0,0.0
-0.4988509476821572,1.0153184480402278,0.6760308500861397,-0.7070023526930482,1.1587549957195862,-0.09812220281898588,1.0,0.0,0.0,0.0,0.0,0.0,0.0,1.0,0.0,0.0,0.0,0.0,0.0,1.0,0.0,0.0
-0.4988509476821572,1.0153184480402278,0.6760308500861397,-0.7070023526930482,1.1587549957195862,-0.32072733400716363,1.0,0.0,0.0,0.0,0.0,0.0,0.0,1.0,0.0,0.0,0.0,0.0,0.0,1.0,0.0,0.0
-0.4988509476821572,-0.009408875242471285,-0.8703045911686921,-0.7070023526930482,0.7066857201569385,-0.36859804542370267,0.0,0.0,0.0,1.0,0.0,0.0,0.0,1.0,0.0,0.0,0.0,0.0,0.0,0.0,0.0,1.0
-0.4988509476821572,-0.009408875242471285,-0.8703045911686921,-0.7070023526930482,0.7066857201569385,-0.44035202017049324,0.0,0.0,0.0,1.0,0.0,0.0,0.0,1.0,0.0,0.0,0.0,0.0,0.0,0.0,0.0,1.0
-0.4988509476821572,-1.5262749787859402,-0.41718275520214165,0.6932923026628613,1.7287553866464027,-0.5862374740234748,0.0,0.0,0.0,1.0,0.0,0.0,1.0,0.0,0.0,0.0,0.0,0.0,0.0,1.0,0.0,0.0
5.036546975487261,0.9108232275738999,-1.2115180765645521,-1.407149680371003,-0.6102117347429479,-0.4813141533814589,0.0,0.0,0.0,1.0,0.0,0.0,1.0,0.0,0.0,0.0,0.0,0.0,0.0,0.0,1.0,0.0
5.036546975487261,0.9108232275738999,-1.2115180765645521,-1.407149680371003,-0.6102117347429479,-0.48723435077901783,0.0,0.0,0.0,1.0,0.0,0.0,1.0,0.0,0.0,0.0,0.0,0.0,0.0,0.0,1.0,0.0
-0.03756778741803903,1.531052923245007,-0.722202747265073,1.393439630340816,-0.0598665297101595,-0.4627611119684022,0.0,0.0,0.0,1.0,0.0,0.0,1.0,0.0,0.0,0.0,0.0,0.0,0.0,0.0,1.0,0.0
-0.4988509476821572,-0.8993036559879729,-0.17474947266061014,-0.7070023526930482,1.2177205534016706,-0.38201273541061115,0.0,0.0,0.0,1.0,0.0,0.0,0.0,1.0,1.0,0.0,0.0,0.0,0.0,0.0,0.0,0.0
-0.4988509476821572,-1.2262725716406762,-0.7929524865888952,-0.7070023526930482,-1.396419170504074,-0.4225890318002477,0.0,0.0,0.0,1.0,0.0,0.0,0.0,1.0,0.0,0.0,0.0,0.0,1.0,0.0,0.0,0.0
-0.4988509476821572,1.527682109681577,-0.11333703267155582,0.6932923026628613,1.1784101816136143,-0.48800347154584656,0.0,0.0,0.0,1.0,0.0,0.0,1.0,0.0,0.0,0.0,0.0,1.0,0.0,0.0,0.0,0.0
-0.4988509476821572,0.7389117358389733,1.5966047875572524,0.6932923026628613,-1.4946950999742148,-0.4561862096506508,0.0,0.0,0.0,1.0,0.0,0.0,1.0,0.0,1.0,0.0,0.0,0.0,0.0,0.0,0.0,0.0
-0.4988509476821572,0.7389117358389733,1.5966047875572524,0.6932923026628613,-1.4946950999742148,-0.5023061966921188,0.0,0.0,0.0,1.0,0.0,0.0,1.0,0.0,1.0,0.0,0.0,0.0,0.0,0.0,0.0,0.0
-0.4988509476821572,0.7389117358389733,1.5966047875572524,0.6932923026628613,-1.4946950999742148,-0.519896712510165,0.0,0.0,0.0,1.0,0.0,0.0,1.0,0.0,1.0,0.0,0.0,0.0,0.0,0.0,0.0,0.0
-0.4988509476821572,0.8400361427418713,0.5381435266303847,0.6932923026628613,1.3356516687658395,-0.14085314599593685,0.0,0.0,1.0,0.0,0.0,0.0,0.0,1.0,0.0,0.0,0.0,0.0,0.0,1.0,0.0,0.0
-0.4988509476821572,0.02092844682839812,-1.1682534384390206,-1.407149680371003,-1.4946950999742148,-0.5525918045905011,1.0,0.0,0.0,0.0,0.0,0.0,1.0,0.0,0.0,0.0,0.0,0.0,0.0,1.0,0.0,0.0
-0.4988509476821572,0.02092844682839812,-1.1682534384390206,-1.407149680371003,-1.4946950999742148,-0.5805211671793716,1.0,0.0,0.0,0.0,0.0,0.0,1.0,0.0,0.0,0.0,0.0,0.0,0.0,1.0,0.0,0.0
-0.4988509476821572,0.22654807419762407,-1.5719375988175113,1.393439630340816,1.6894450148583464,0.20183056745476632,1.0,0.0,0.0,0.0,0.0,1.0,0.0,0.0,0.0,1.0,0.0,0.0,0.0,0.0,0.0,0.0
-0.4988509476821572,-0.8285165711559445,-1.5956295309434325,-1.407149680371003,-1.003315452623511,-0.6029256167913094,0.0,0.0,0.0,1.0,0.0,0.0,1.0,0.0,0.0,0.0,0.0,0.0,1.0,0.0,0.0,0.0
-0.4988509476821572,1.632177330147905,1.460330344190391,-0.0068550250150934385,0.31358200227637545,-0.4542381760490706,0.0,0.0,0.0,1.0,0.0,0.0,1.0,0.0,0.0,0.0,0.0,0.0,0.0,1.0,0.0,0.0
-0.4988509476821572,1.632177330147905,1.460330344190391,-0.0068550250150934385,0.31358200227637545,-0.581131428555393,0.0,0.0,0.0,1.0,0.0,0.0,1.0,0.0,0.0,0.0,0.0,0.0,0.0,1.0,0.0,0.0
-0.4988509476821572,1.632177330147905,1.460330344190391,-0.0068550250150934385,0.31358200227637545,-0.62978910475319,0.0,0.0,0.0,1.0,0.0,0.0,1.0,0.0,0.0,0.0,0.0,0.0,0.0,1.0,0.0,0.0
-0.4988509476821572,-1.1521146732452179,0.08783204719282742,-0.7070023526930482,-1.5536606576562992,-0.5929403335292186,0.0,0.0,0.0,1.0,0.0,0.0,1.0,0.0,0.0,0.0,0.0,1.0,0.0,0.0,0.0,0.0
-0.4988509476821572,0.9849811259693584,-1.6803811580605494,-0.0068550250150934385,-0.2564183886504411,-0.46821957835373385,1.0,0.0,0.0,0.0,0.0,0.0,1.0,0.0,0.0,0.0,0.0,0.0,0.0,1.0,0.0,0.0
-0.4988509476821572,0.9849811259693584,-1.6803811580605494,-0.0068550250150934385,-0.2564183886504411,-0.47618528872917293,1.0,0.0,0.0,0.0,0.0,0.0,1.0,0.0,0.0,0.0,0.0,0.0,0.0,1.0,0.0,0.0
-0.4988509476821572,0.9849811259693584,-1.6803811580605494,-0.0068550250150934385,-0.2564183886504411,-0.483788216514878,1.0,0.0,0.0,0.0,0.0,0.0,1.0,0.0,0.0,0.0,0.0,0.0,0.0,1.0,0.0,0.0
-0.4988509476821572,-1.2498682665846859,0.7866222086417981,-1.407149680371003,0.9032375790972201,1.390171805966481,0.0,0.0,0.0,1.0,1.0,0.0,0.0,0.0,0.0,0.0,0.0,0.0,0.0,0.0,0.0,1.0
-0.4988509476821572,-1.2498682665846859,0.7866222086417981,-1.407149680371003,0.9032375790972201,4.4179886896738445,0.0,0.0,0.0,1.0,1.0,0.0,0.0,0.0,0.0,0.0,0.0,0.0,0.0,0.0,0.0,1.0
-0.4988509476821572,-0.946495045875992,0.8441567743451815,0.6932923026628613,1.5125483418120929,0.6358947846161357,0.0,0.0,0.0,1.0,0.0,1.0,0.0,0.0,0.0,0.0,0.0,1.0,0.0,0.0,0.0,0.0
-0.4988509476821572,0.21643563350733427,-1.3852020552306448,-1.407149680371003,0.5690994188987415,-0.28350123990069065,1.0,0.0,0.0,0.0,0.0,0.0,0.0,1.0,0.0,0.0,0.0,0.0,0.0,0.0,0.0,1.0
-0.4988509476821572,0.9917227530962183,1.2526470853194978,-0.7070023526930482,0.7656512778390231,-0.5256563660106148,0.0,0.0,0.0,1.0,0.0,0.0,1.0,0.0,0.0,1.0,0.0,0.0,0.0,0.0,0.0,0.0
-0.4988509476821572,0.9917227530962183,1.2526470853194978,-0.7070023526930482,0.7656512778390231,-0.5995566368332471,0.0,0.0,0.0,1.0,0.0,0.0,1.0,0.0,0.0,1.0,0.0,0.0,0.0,0.0,0.0,0.0
-0.4988509476821572,-0.602672062406139,-0.374304512090712,-0.0068550250150934385,-1.4946950999742148,-0.025199846666376913,1.0,0.0,0.0,0.0,0.0,0.0,0.0,1.0,0.0,0.0,0.0,0.0,0.0,0.0,1.0,0.0
-0.4988509476821572,-1.3745883684315932,-0.8191438026799078,0.6932923026628613,-0.9443498949414265,-0.6271023237309664,1.0,0.0,0.0,0.0,0.0,0.0,1.0,0.0,1.0,0.0,0.0,0.0,0.0,0.0,0.0,0.0
-0.4988509476821572,-0.09367921432821943,-0.007454355699156704,0.6932923026628613,1.2963412969777832,-0.5526218188365059,0.0,0.0,0.0,1.0,0.0,0.0,1.0,0.0,1.0,0.0,0.0,0.0,0.0,0.0,0.0,0.0
0.8849985331101973,0.8602610241224509,0.7344031851594377,-1.407149680371003,0.5690994188987415,-0.16470079311736613,0.0,1.0,0.0,0.0,0.0,0.0,0.0,1.0,0.0,0.0,0.0,0.0,1.0,0.0,0.0,0.0
-0.4988509476821572,-0.9127869102416926,0.687976605852442,0.6932923026628613,1.4339275982359803,-0.14355420614716033,0.0,0.0,0.0,1.0,0.0,0.0,0.0,1.0,0.0,0.0,0.0,0.0,0.0,1.0,0.0,0.0
-0.4988509476821572,-0.9195285373685524,-0.14063531826242784,-0.7070023526930482,-1.3374536128219896,-0.4689110420742323,0.0,1.0,0.0,0.0,0.0,0.0,0.0,1.0,0.0,0.0,0.0,0.0,0.0,0.0,1.0,0.0
-0.4988509476821572,1.531052923245007,1.1196529383636453,1.393439630340816,-1.2981432410339333,-0.2906896942579366,0.0,0.0,0.0,1.0,0.0,0.0,0.0,1.0,1.0,0.0,0.0,0.0,0.0,0.0,0.0,0.0
-0.4988509476821572,1.531052923245007,1.1196529383636453,1.393439630340816,-1.2981432410339333,-0.42532052405950427,0.0,0.0,0.0,1.0,0.0,0.0,0.0,1.0,1.0,0.0,0.0,0.0,0.0,0.0,0.0,0.0
-0.4988509476821572,1.531052923245007,1.1196529383636453,1.393439630340816,-1.2981432410339333,-0.10223990012452416,0.0,0.0,0.0,1.0,0.0,0.0,0.0,1.0,1.0,0.0,0.0,0.0,0.0,0.0,0.0,0.0
-0.4988509476821572,1.5546486181890165,0.9665221575497637,-0.0068550250150934385,-0.6691772924250323,0.6915658505685846,1.0,0.0,0.0,0.0,0.0,1.0,0.0,0.0,0.0,0.0,0.0,0.0,1.0,0.0,0.0,0.0
-0.4988509476821572,1.5546486181890165,0.9665221575497637,-0.0068550250150934385,-0.6691772924250323,0.4601811965883887,1.0,0.0,0.0,0.0,0.0,1.0,0.0,0.0,0.0,0.0,0.0,0.0,1.0,0.0,0.0,0.0
-0.4988509476821572,1.6759979064724941,-1.163455410260909,-1.407149680371003,-1.632281401232412,-0.27085960119531505,1.0,0.0,0.0,0.0,0.0,0.0,0.0,1.0,0.0,1.0,0.0,0.0,0.0,0.0,0.0,0.0
-0.4988509476821572,-0.946495045875992,-1.6234917443927235,-1.407149680371003,-1.258832869245877,0.5329051727430407,0.0,0.0,0.0,1.0,0.0,1.0,0.0,0.0,0.0,0.0,0.0,0.0,1.0,0.0,0.0,0.0
-0.4988509476821572,-0.946495045875992,-1.6234917443927235,-1.407149680371003,-1.258832869245877,0.8659793588315483,0.0,0.0,0.0,1.0,0.0,1.0,0.0,0.0,0.0,0.0,0.0,0.0,1.0,0.0,0.0,0.0
-0.4988509476821572,-0.946495045875992,-1.6234917443927235,-1.407149680371003,-1.258832869245877,0.6448146307005475,0.0,0.0,0.0,1.0,0.0,1.0,0.0,0.0,0.0,0.0,0.0,0.0,1.0,0.0,0.0,0.0
-0.4988509476821572,-0.5891888081524194,0.8890621408489113,-0.0068550250150934385,-0.9246947090473984,-0.016319390607230803,1.0,0.0,0.0,0.0,0.0,0.0,0.0,1.0,0.0,0.0,1.0,0.0,0.0,0.0,0.0,0.0
-0.4988509476821572,-0.5891888081524194,0.8890621408489113,-0.0068550250150934385,-0.9246947090473984,-0.07763673886856415,1.0,0.0,0.0,0.0,0.0,0.0,0.0,1.0,0.0,0.0,1.0,0.0,0.0,0.0,0.0,0.0
1.3462816933743154,1.5647610588793064,1.414540794501239,-1.407149680371003,0.7066857201569385,-0.24621703685590088,0.0,1.0,0.0,0.0,0.0,0.0,0.0,1.0,0.0,0.0,0.0,0.0,0.0,0.0,1.0,0.0
1.3462816933743154,1.5647610588793064,1.414540794501239,-1.407149680371003,0.7066857201569385,-0.480069087764345,0.0,1.0,0.0,0.0,0.0,0.0,0.0,1.0,0.0,0.0,0.0,0.0,0.0,0.0,1.0,0.0
-0.4988509476821572,0.9984643802230782,1.2074829617943124,1.393439630340816,0.038409399759981276,-0.09964790849179297,0.0,1.0,0.0,0.0,0.0,0.0,0.0,1.0,0.0,0.0,1.0,0.0,0.0,0.0,0.0,0.0
-0.4988509476821572,0.9984643802230782,1.2074829617943124,1.393439630340816,0.038409399759981276,-0.5024399647739429,0.0,1.0,0.0,0.0,0.0,0.0,0.0,1.0,0.0,0.0,1.0,0.0,0.0,0.0,0.0,0.0
-0.4988509476821572,0.9984643802230782,1.2074829617943124,1.393439630340816,0.038409399759981276,-0.4193626733757349,0.0,1.0,0.0,0.0,0.0,0.0,0.0,1.0,0.0,0.0,1.0,0.0,0.0,0.0,0.0,0.0
-0.4988509476821572,0.7793614986001325,1.485593383971249,1.393439630340816,1.4339275982359803,-0.5603662451515593,1.0,0.0,0.0,0.0,0.0,0.0,1.0,0.0,0.0,0.0,0.0,0.0,0.0,0.0,0.0,1.0
-0.4988509476821572,0.7793614986001325,1.485593383971249,1.393439630340816,1.4339275982359803,-0.48267972649009105,1.0,0.0,0.0,0.0,0.0,0.0,1.0,0.0,0.0,0.0,0.0,0.0,0.0,0.0,0.0,1.0
-0.4988509476821572,-1.1082940969206287,0.9436122982151476,-1.407149680371003,-0.7871084077892013,-0.4816449172932709,1.0,0.0,0.0,0.0,0.0,0.0,0.0,1.0,0.0,0.0,0.0,0.0,0.0,1.0,0.0,0.0
-0.4988509476821572,-1.1082940969206287,0.9436122982151476,-1.407149680371003,-0.7871084077892013,-0.08378463842610025,1.0,0.0,0.0,0.0,0.0,0.0,0.0,1.0,0.0,0.0,0.0,0.0,0.0,1.0,0.0,0.0
1.3462816933743154,1.2748710924243323,-0.9776318981487693,-0.0068550250150934385,1.1587549957195862,0.2623206533654832,0.0,0.0,0.0,1.0,0.0,1.0,0.0,0.0,0.0,0.0,0.0,0.0,0.0,0.0,0.0,1.0
1.3462816933743154,1.2748710924243323,-0.9776318981487693,-0.0068550250150934385,1.1587549957195862,1.040105293140786,0.0,0.0,0.0,1.0,0.0,1.0,0.0,0.0,0.0,0.0,0.0,0.0,0.0,0.0,0.0,1.0
-0.4988509476821572,-1.388071622685313,0.09680499807585952,1.393439630340816,1.4142724123419521,-0.37984438405458587,1.0,0.0,0.0,0.0,0.0,0.0,0.0,1.0,0.0,0.0,0.0,0.0,1.0,0.0,0.0,0.0
2.2688480139025518,0.5434045491600374,0.029291462038313957,-0.0068550250150934385,-0.8460739654712858,-0.5760604834976922,1.0,0.0,0.0,0.0,0.0,0.0,1.0,0.0,0.0,0.0,0.0,0.0,0.0,0.0,0.0,1.0
-0.4988509476821572,1.6861103471627836,1.2130502989644647,-0.0068550250150934385,0.1170301433360939,-0.5971601915715931,1.0,0.0,0.0,0.0,0.0,0.0,1.0,0.0,0.0,0.0,0.0,0.0,1.0,0.0,0.0,0.0
-0.4988509476821572,1.6861103471627836,1.2130502989644647,-0.0068550250150934385,0.1170301433360939,-0.6224749261581656,1.0,0.0,0.0,0.0,0.0,0.0,1.0,0.0,0.0,0.0,0.0,0.0,1.0,0.0,0.0,0.0
-0.4988509476821572,0.6243040746823559,-0.28049058749571065,-0.0068550250150934385,0.2939268163823473,-0.6318233681017758,1.0,0.0,0.0,0.0,0.0,0.0,1.0,0.0,0.0,0.0,0.0,0.0,1.0,0.0,0.0,0.0
-0.4988509476821572,-0.943124232312562,0.07985003127088537,0.6932923026628613,-1.0819361961996237,-0.6167762805138541,0.0,0.0,0.0,1.0,0.0,0.0,1.0,0.0,0.0,0.0,0.0,1.0,0.0,0.0,0.0,0.0
-0.4988509476821572,-1.3948132498121728,0.3097863939869603,-0.7070023526930482,0.4708234894286007,-0.6019710501621199,0.0,0.0,0.0,1.0,0.0,0.0,1.0,0.0,0.0,0.0,0.0,0.0,0.0,0.0,1.0,0.0
-0.4988509476821572,-1.3948132498121728,0.3097863939869603,-0.7070023526930482,0.4708234894286007,-0.5111477132334986,0.0,0.0,0.0,1.0,0.0,0.0,1.0,0.0,0.0,0.0,0.0,0.0,0.0,0.0,1.0,0.0
-0.4988509476821572,-0.7273921642530464,1.303871692804605,1.393439630340816,-1.4750399140801866,-0.5942037981337681,0.0,0.0,0.0,1.0,0.0,0.0,1.0,0.0,0.0,0.0,0.0,1.0,0.0,0.0,0.0,0.0
-0.4988509476821572,-0.7273921642530464,1.303871692804605,1.393439630340816,-1.4750399140801866,-0.49223721044247515,0.0,0.0,0.0,1.0,0.0,0.0,1.0,0.0,0.0,0.0,0.0,1.0,0.0,0.0,0.0,0.0
-0.4988509476821572,-0.8217749440290846,0.9594510127571608,-0.0068550250150934385,-1.1802121256697644,-0.5372302040062136,0.0,0.0,0.0,1.0,0.0,0.0,1.0,0.0,0.0,0.0,0.0,0.0,0.0,1.0,0.0,0.0
-0.4988509476821572,-0.8217749440290846,0.9594510127571608,-0.0068550250150934385,-1.1802121256697644,-0.5680651375637116,0.0,0.0,0.0,1.0,0.0,0.0,1.0,0.0,0.0,0.0,0.0,0.0,0.0,1.0,0.0,0.0
-0.4988509476821572,-0.8689663339171037,-0.6752157211358215,-1.407149680371003,1.257030925189727,-0.46130751361186145,0.0,0.0,0.0,1.0,0.0,0.0,0.0,1.0,0.0,0.0,0.0,0.0,0.0,1.0,0.0,0.0
-0.4988509476821572,-1.0105405035811608,-1.6287191003642818,-1.407149680371003,-1.3177984269279615,-0.07257256448154137,1.0,0.0,0.0,0.0,0.0,0.0,0.0,1.0,0.0,0.0,1.0,0.0,0.0,0.0,0.0,0.0
-0.03756778741803903,1.1029596006894058,-0.23289554038330787,-0.7070023526930482,-0.6102117347429479,4.29408408433066,0.0,0.0,0.0,1.0,1.0,0.0,0.0,0.0,0.0,0.0,0.0,1.0,0.0,0.0,0.0,0.0
-0.03756778741803903,1.1029596006894058,-0.23289554038330787,-0.7070023526930482,-0.6102117347429479,4.530826513005544,0.0,0.0,0.0,1.0,1.0,0.0,0.0,0.0,0.0,0.0,0.0,1.0,0.0,0.0,0.0,0.0
-0.03756778741803903,1.1029596006894058,-0.23289554038330787,-0.7070023526930482,-0.6102117347429479,4.056380070250328,0.0,0.0,0.0,1.0,1.0,0.0,0.0,0.0,0.0,0.0,0.0,1.0,0.0,0.0,0.0,0.0
-0.4988509476821572,-1.0408778256520301,-0.9903272370355214,-0.0068550250150934385,0.6673753483688822,-0.4131120581083562,0.0,0.0,0.0,1.0,0.0,0.0,0.0,1.0,0.0,0.0,0.0,0.0,0.0,1.0,0.0,0.0
-0.4988509476821572,-1.0408778256520301,-0.9903272370355214,-0.0068550250150934385,0.6673753483688822,-0.24622576625483678,0.0,0.0,0.0,1.0,0.0,0.0,0.0,1.0,0.0,0.0,0.0,0.0,0.0,1.0,0.0,0.0
-0.4988509476821572,-1.0408778256520301,-0.9903272370355214,-0.0068550250150934385,0.6673753483688822,-0.024184024075469688,0.0,0.0,0.0,1.0,0.0,0.0,0.0,1.0,0.0,0.0,0.0,0.0,0.0,1.0,0.0,0.0
-0.4988509476821572,-1.6139161314351183,-0.5746474260390576,0.6932923026628613,0.19565088691220653,-0.5358740132059366,0.0,0.0,0.0,1.0,0.0,0.0,1.0,0.0,0.0,0.0,0.0,0.0,0.0,1.0,0.0,0.0
-0.4988509476821572,-1.6139161314351183,-0.5746474260390576,0.6932923026628613,0.19565088691220653,-0.49989266479096206,0.0,0.0,0.0,1.0,0.0,0.0,1.0,0.0,0.0,0.0,0.0,0.0,0.0,1.0,0.0,0.0
-0.4988509476821572,-0.036375383749910756,-0.9681692815121306,-0.0068550250150934385,-1.4160743563981022,-0.24908135700741768,0.0,0.0,0.0,1.0,0.0,0.0,0.0,1.0,1.0,0.0,0.0,0.0,0.0,0.0,0.0,0.0
-0.4988509476821572,-0.036375383749910756,-0.9681692815121306,-0.0068550250150934385,-1.4160743563981022,-0.3032533364040839,0.0,0.0,0.0,1.0,0.0,0.0,0.0,1.0,1.0,0.0,0.0,0.0,0.0,0.0,0.0,0.0
-0.4988509476821572,-1.4723419617710611,0.18306043281542686,-0.7070023526930482,0.3332371881704036,-0.6314068380086459,0.0,0.0,0.0,1.0,0.0,0.0,1.0,0.0,1.0,0.0,0.0,0.0,0.0,0.0,0.0,0.0
-0.4988509476821572,-1.4723419617710611,0.18306043281542686,-0.7070023526930482,0.3332371881704036,-0.6295023599944265,0.0,0.0,0.0,1.0,0.0,0.0,1.0,0.0,1.0,0.0,0.0,0.0,0.0,0.0,0.0,0.0
3.1914143344307884,1.6355481437113348,-1.328262746711148,0.6932923026628613,1.6894450148583464,-0.48658482343052034,1.0,0.0,0.0,0.0,0.0,0.0,0.0,1.0,1.0,0.0,0.0,0.0,0.0,0.0,0.0,0.0
-0.4988509476821572,1.005206007349938,-0.7164497548328899,-0.7070023526930482,-0.07952171560418766,-0.45457835491470877,0.0,0.0,0.0,1.0,0.0,0.0,1.0,0.0,0.0,0.0,0.0,1.0,0.0,0.0,0.0,0.0
-0.4988509476821572,-0.009408875242471285,-0.16760174507241957,0.6932923026628613,1.630479457176262,-0.5892041442555594,0.0,0.0,0.0,1.0,0.0,0.0,1.0,0.0,0.0,0.0,0.0,0.0,0.0,1.0,0.0,0.0
-0.4988509476821572,-1.3678467413047333,1.6405412656622584,-0.0068550250150934385,-0.8853843372593421,-0.6003885936025882,0.0,1.0,0.0,0.0,0.0,0.0,1.0,0.0,0.0,1.0,0.0,0.0,0.0,0.0,0.0,0.0
-0.4988509476821572,-1.3678467413047333,1.6405412656622584,-0.0068550250150934385,-0.8853843372593421,-0.5051366504320571,0.0,1.0,0.0,0.0,0.0,0.0,1.0,0.0,0.0,1.0,0.0,0.0,0.0,0.0,0.0,0.0
-0.4988509476821572,0.3344141082273816,0.8917436990398705,-1.407149680371003,-0.8067635936832295,-0.47264604305274827,0.0,0.0,0.0,1.0,0.0,0.0,1.0,0.0,1.0,0.0,0.0,0.0,0.0,0.0,0.0,0.0
-0.4988509476821572,0.3344141082273816,0.8917436990398705,-1.407149680371003,-0.8067635936832295,-0.5282259563211702,0.0,0.0,0.0,1.0,0.0,0.0,1.0,0.0,1.0,0.0,0.0,0.0,0.0,0.0,0.0,0.0
-0.4988509476821572,0.3344141082273816,0.8917436990398705,-1.407149680371003,-0.8067635936832295,-0.6156004951152211,0.0,0.0,0.0,1.0,0.0,0.0,1.0,0.0,1.0,0.0,0.0,0.0,0.0,0.0,0.0,0.0
-0.4988509476821572,0.8973399733201801,0.12560593094379432,0.6932923026628613,-1.0426258244115674,0.7838088998548856,1.0,0.0,0.0,0.0,0.0,1.0,0.0,0.0,0.0,0.0,1.0,0.0,0.0,0.0,0.0,0.0
-0.03756778741803903,-1.0172821307080206,0.07417826301584064,1.393439630340816,-1.534005471762271,-0.49145861595997253,0.0,1.0,0.0,0.0,0.0,0.0,1.0,0.0,0.0,0.0,0.0,0.0,0.0,1.0,0.0,0.0
2.2688480139025518,0.25351458270506316,-0.9649481627158941,-0.7070023526930482,1.630479457176262,-0.48978412528869775,0.0,0.0,0.0,1.0,0.0,0.0,1.0,0.0,0.0,0.0,0.0,0.0,0.0,0.0,1.0,0.0
-0.4988509476821572,0.9276772953910496,1.1204489352996028,-0.7070023526930482,1.001513508567361,1.2154480939093186,0.0,0.0,0.0,1.0,0.0,1.0,0.0,0.0,1.0,0.0,0.0,0.0,0.0,0.0,0.0,0.0
-0.4988509476821572,0.9276772953910496,1.1204489352996028,-0.7070023526930482,1.001513508567361,1.0406493756180684,0.0,0.0,0.0,1.0,0.0,1.0,0.0,0.0,1.0,0.0,0.0,0.0,0.0,0.0,0.0,0.0
-0.4988509476821572,1.0456557701110973,0.822096287834357,-1.407149680371003,0.1563405151241502,-0.46742532710335666,0.0,0.0,0.0,1.0,0.0,0.0,1.0,0.0,1.0,0.0,0.0,0.0,0.0,0.0,0.0,0.0
-0.4988509476821572,1.3018376009317718,-1.499823293317762,-0.7070023526930482,0.09737495744206574,-0.5913552000410678,0.0,0.0,0.0,1.0,0.0,0.0,1.0,0.0,1.0,0.0,0.0,0.0,0.0,0.0,0.0,0.0
-0.4988509476821572,1.3018376009317718,-1.499823293317762,-0.7070023526930482,0.09737495744206574,-0.5624303007569473,0.0,0.0,0.0,1.0,0.0,0.0,1.0,0.0,1.0,0.0,0.0,0.0,0.0,0.0,0.0,0.0
-0.4988509476821572,1.3018376009317718,-1.499823293317762,-0.7070023526930482,0.09737495744206574,-0.5360152113969521,0.0,0.0,0.0,1.0,0.0,0.0,1.0,0.0,1.0,0.0,0.0,0.0,0.0,0.0,0.0,0.0
-0.4988509476821572,1.5007156011741376,-0.8097322412403276,-0.7070023526930482,-1.7895228883846372,-0.13828720544903528,0.0,0.0,0.0,1.0,0.0,0.0,0.0,1.0,0.0,0.0,0.0,0.0,1.0,0.0,0.0,0.0
-0.4988509476821572,-0.29255721457058537,-0.1762381957930206,1.393439630340816,0.3332371881704036,-0.49297584686851725,0.0,0.0,0.0,1.0,0.0,0.0,1.0,0.0,1.0,0.0,0.0,0.0,0.0,0.0,0.0,0.0
-0.4988509476821572,-0.29255721457058537,-0.1762381957930206,1.393439630340816,0.3332371881704036,-0.6147371464610005,0.0,0.0,0.0,1.0,0.0,0.0,1.0,0.0,1.0,0.0,0.0,0.0,0.0,0.0,0.0,0.0
-0.4988509476821572,-0.29255721457058537,-0.1762381957930206,1.393439630340816,0.3332371881704036,-0.6059399494110022,0.0,0.0,0.0,1.0,0.0,0.0,1.0,0.0,1.0,0.0,0.0,0.0,0.0,0.0,0.0,0.0
3.1914143344307884,0.2568853962684931,1.1307214730168513,-0.7070023526930482,-0.19745283096835659,-0.49422003758700933,0.0,0.0,0.0,1.0,0.0,0.0,1.0,0.0,0.0,0.0,0.0,0.0,1.0,0.0,0.0,0.0
-0.4988509476821572,1.005206007349938,1.2599793078243315,0.6932923026628613,0.9032375790972201,-0.607108787853414,1.0,0.0,0.0,0.0,0.0,0.0,1.0,0.0,0.0,1.0,0.0,0.0,0.0,0.0,0.0,0.0
-0.4988509476821572,1.005206007349938,1.2599793078243315,0.6932923026628613,0.9032375790972201,-0.6057039357141174,1.0,0.0,0.0,0.0,0.0,0.0,1.0,0.0,0.0,1.0,0.0,0.0,0.0,0.0,0.0,0.0
-0.4988509476821572,0.6883495323875243,0.8532562028754722,-0.7070023526930482,1.1587549957195862,-0.4770102920131986,0.0,0.0,0.0,1.0,0.0,0.0,1.0,0.0,0.0,0.0,0.0,1.0,0.0,0.0,0.0,0.0
-0.4988509476821572,0.6883495323875243,0.8532562028754722,-0.7070023526930482,1.1587549957195862,-0.4892639262379731,0.0,0.0,0.0,1.0,0.0,0.0,1.0,0.0,0.0,0.0,0.0,1.0,0.0,0.0,0.0,0.0
-0.4988509476821572,1.6962227878530738,1.207708068799525,-0.0068550250150934385,-1.4553847281861585,-0.24643627730980408,1.0,0.0,0.0,0.0,0.0,0.0,0.0,1.0,1.0,0.0,0.0,0.0,0.0,0.0,0.0,0.0
-0.4988509476821572,1.6962227878530738,1.207708068799525,-0.0068550250150934385,-1.4553847281861585,-0.4890767501656512,1.0,0.0,0.0,0.0,0.0,0.0,0.0,1.0,1.0,0.0,0.0,0.0,0.0,0.0,0.0,0.0
-0.4988509476821572,1.6962227878530738,1.207708068799525,-0.0068550250150934385,-1.4553847281861585,-0.3659328757032575,1.0,0.0,0.0,0.0,0.0,0.0,0.0,1.0,1.0,0.0,0.0,0.0,0.0,0.0,0.0,0.0
1.8075648536384334,-1.6139161314351183,0.07950772938151586,-0.7070023526930482,-0.6691772924250323,-0.4634370886774751,1.0,0.0,0.0,0.0,0.0,0.0,1.0,0.0,0.0,0.0,0.0,1.0,0.0,0.0,0.0,0.0
-0.4988509476821572,-0.7139089099993267,-1.0862727161077153,-0.7070023526930482,-0.37434950401461,2.532768271421805,0.0,0.0,0.0,1.0,1.0,0.0,0.0,0.0,0.0,0.0,1.0,0.0,0.0,0.0,0.0,0.0
2.73013117416667,-0.9094160966782626,1.2451013592633284,0.6932923026628613,-0.7871084077892013,0.9916666223495013,0.0,0.0,0.0,1.0,0.0,1.0,0.0,0.0,0.0,0.0,0.0,1.0,0.0,0.0,0.0,0.0
2.73013117416667,-0.9094160966782626,1.2451013592633284,0.6932923026628613,-0.7871084077892013,1.1952785140650433,0.0,0.0,0.0,1.0,0.0,1.0,0.0,0.0,0.0,0.0,0.0,1.0,0.0,0.0,0.0,0.0
-0.4988509476821572,0.7287992951486835,0.2710436218372695,-0.0068550250150934385,-0.9050395231533702,-0.49506164435756755,0.0,0.0,0.0,1.0,0.0,0.0,1.0,0.0,0.0,0.0,0.0,0.0,0.0,0.0,1.0,0.0
-0.4988509476821572,0.7287992951486835,0.2710436218372695,-0.0068550250150934385,-0.9050395231533702,-0.5363265512535402,0.0,0.0,0.0,1.0,0.0,0.0,1.0,0.0,0.0,0.0,0.0,0.0,0.0,0.0,1.0,0.0
-0.4988509476821572,-1.3745883684315932,-0.9270710082254224,-0.0068550250150934385,0.2939268163823473,-0.4640414999850997,1.0,0.0,0.0,0.0,0.0,0.0,1.0,0.0,0.0,0.0,0.0,0.0,0.0,0.0,0.0,1.0
-0.4988509476821572,-1.3745883684315932,-0.9270710082254224,-0.0068550250150934385,0.2939268163823473,-0.61460051863592,1.0,0.0,0.0,0.0,0.0,0.0,1.0,0.0,0.0,0.0,0.0,0.0,0.0,0.0,0.0,1.0
0.8849985331101973,0.8400361427418713,-1.4725957887955392,1.393439630340816,-1.5536606576562992,-0.47485731014490346,0.0,0.0,0.0,1.0,0.0,0.0,1.0,0.0,0.0,0.0,0.0,0.0,1.0,0.0,0.0,0.0
-0.4988509476821572,0.6748662781338045,0.9681826117995527,-0.7070023526930482,0.0777197715480376,-0.20306225100032402,1.0,0.0,0.0,0.0,0.0,0.0,0.0,1.0,0.0,0.0,0.0,0.0,0.0,0.0,0.0,1.0
-0.4988509476821572,-0.8150333169022247,-0.06296643939179071,-0.7070023526930482,-1.4750399140801866,-0.28706567482251144,1.0,0.0,0.0,0.0,0.0,0.0,0.0,1.0,0.0,0.0,0.0,0.0,1.0,0.0,0.0,0.0
-0.4988509476821572,-0.8082916897753648,0.3416912507669746,0.6932923026628613,-0.4922806193787789,-0.5982052188008251,1.0,0.0,0.0,0.0,0.0,0.0,1.0,0.0,0.0,0.0,0.0,0.0,0.0,0.0,0.0,1.0
-0.4988509476821572,-0.8082916897753648,0.3416912507669746,0.6932923026628613,-0.4922806193787789,-0.4575271550159874,1.0,0.0,0.0,0.0,0.0,0.0,1.0,0.0,0.0,0.0,0.0,0.0,0.0,0.0,0.0,1.0
-0.4988509476821572,0.4591342100742891,1.2285467116171085,1.393439630340816,-0.6102117347429479,-0.34894063384429475,0.0,0.0,0.0,1.0,0.0,0.0,0.0,1.0,0.0,0.0,0.0,0.0,0.0,0.0,1.0,0.0
-0.4988509476821572,0.9074524140104699,0.2630302765898597,1.393439630340816,-0.5315909911668353,-0.5939345970511009,0.0,0.0,0.0,1.0,0.0,0.0,1.0,0.0,0.0,0.0,0.0,0.0,0.0,0.0,1.0,0.0
-0.4988509476821572,0.9074524140104699,0.2630302765898597,1.393439630340816,-0.5315909911668353,-0.4904824772035697,0.0,0.0,0.0,1.0,0.0,0.0,1.0,0.0,0.0,0.0,0.0,0.0,0.0,0.0,1.0,0.0
0.8849985331101973,1.291725160241482,0.8878600230272611,0.6932923026628613,0.8049616496270794,-0.6150754710638878,0.0,0.0,0.0,1.0,0.0,0.0,1.0,0.0,1.0,0.0,0.0,0.0,0.0,0.0,0.0,0.0
-0.4988509476821572,1.2108256347191637,-1.5489534773780829,-0.0068550250150934385,1.3356516687658395,-0.5796375848622473,0.0,0.0,0.0,1.0,0.0,0.0,1.0,0.0,0.0,0.0,0.0,0.0,0.0,0.0,1.0,0.0
-0.4988509476821572,1.2108256347191637,-1.5489534773780829,-0.0068550250150934385,1.3356516687658395,-0.5169830324065499,0.0,0.0,0.0,1.0,0.0,0.0,1.0,0.0,0.0,0.0,0.0,0.0,0.0,0.0,1.0,0.0
-0.4988509476821572,1.2108256347191637,-1.5489534773780829,-0.0068550250150934385,1.3356516687658395,-0.541911982404547,0.0,0.0,0.0,1.0,0.0,0.0,1.0,0.0,0.0,0.0,0.0,0.0,0.0,0.0,1.0,0.0
0.8849985331101973,0.2973351590296523,1.1464128236946276,0.6932923026628613,1.5911690853882057,0.5969752589361343,0.0,0.0,0.0,1.0,0.0,1.0,0.0,0.0,0.0,1.0,0.0,0.0,0.0,0.0,0.0,0.0
0.8849985331101973,0.2973351590296523,1.1464128236946276,0.6932923026628613,1.5911690853882057,0.0710513351958114,0.0,0.0,0.0,1.0,0.0,1.0,0.0,0.0,0.0,1.0,0.0,0.0,0.0,0.0,0.0,0.0
-0.4988509476821572,1.0658806514916768,0.050260063539319146,1.393439630340816,-1.7109021448085246,-0.055480727819760156,1.0,0.0,0.0,0.0,0.0,0.0,0.0,1.0,0.0,0.0,0.0,1.0,0.0,0.0,0.0,0.0
-0.4988509476821572,1.3557706179466507,-1.1597156170763736,0.6932923026628613,0.17599570101817838,-0.5638258946406784,0.0,1.0,0.0,0.0,0.0,0.0,1.0,0.0,0.0,0.0,1.0,0.0,0.0,0.0,0.0,0.0
-0.4988509476821572,1.3557706179466507,-1.1597156170763736,0.6932923026628613,0.17599570101817838,-0.4788899333531083,0.0,1.0,0.0,0.0,0.0,0.0,1.0,0.0,0.0,0.0,1.0,0.0,0.0,0.0,0.0,0.0
-0.4988509476821572,1.3557706179466507,-1.1597156170763736,0.6932923026628613,0.17599570101817838,-0.4559002092086253,0.0,1.0,0.0,0.0,0.0,0.0,1.0,0.0,0.0,0.0,1.0,0.0,0.0,0.0,0.0,0.0
3.6526974946949062,-1.6206577585619781,-0.6902410335610618,-1.407149680371003,-0.09917690149821581,-0.6008839233335321,0.0,0.0,0.0,1.0,0.0,0.0,1.0,0.0,0.0,0.0,0.0,0.0,1.0,0.0,0.0,0.0
3.6526974946949062,-1.6206577585619781,-0.6902410335610618,-1.407149680371003,-0.09917690149821581,-0.5554920869928324,0.0,0.0,0.0,1.0,0.0,0.0,1.0,0.0,0.0,0.0,0.0,0.0,1.0,0.0,0.0,0.0
0.42371537284607913,1.5950983809501758,0.04460918150125289,-0.7070023526930482,1.3749620405538958,-0.4527500649006262,0.0,0.0,0.0,1.0,0.0,0.0,1.0,0.0,0.0,0.0,0.0,0.0,0.0,1.0,0.0,0.0
0.42371537284607913,1.5950983809501758,0.04460918150125289,-0.7070023526930482,1.3749620405538958,-0.5396026026139552,0.0,0.0,0.0,1.0,0.0,0.0,1.0,0.0,0.0,0.0,0.0,0.0,0.0,1.0,0.0,0.0
-0.4988509476821572,1.0288017022939475,-1.0421494223952907,-1.407149680371003,-0.45297024759072263,-0.23501007519209505,0.0,0.0,0.0,1.0,0.0,0.0,0.0,1.0,0.0,0.0,1.0,0.0,0.0,0.0,0.0,0.0
-0.4988509476821572,1.0288017022939475,-1.0421494223952907,-1.407149680371003,-0.45297024759072263,-0.018053237273813163,0.0,0.0,0.0,1.0,0.0,0.0,0.0,1.0,0.0,0.0,1.0,0.0,0.0,0.0,0.0,0.0
-0.4988509476821572,-1.233014198767536,0.48895068391912827,-1.407149680371003,-0.5709013629548916,-0.5318267582976455,1.0,0.0,0.0,0.0,0.0,0.0,1.0,0.0,0.0,0.0,0.0,0.0,0.0,1.0,0.0,0.0
-0.4988509476821572,-1.233014198767536,0.48895068391912827,-1.407149680371003,-0.5709013629548916,-0.6268557329014891,1.0,0.0,0.0,0.0,0.0,0.0,1.0,0.0,0.0,0.0,0.0,0.0,0.0,1.0,0.0,0.0
1.8075648536384334,-0.3262653502048847,-1.6858022917118525,0.6932923026628613,-0.9443498949414265,0.1005584338091122,0.0,0.0,0.0,1.0,0.0,1.0,0.0,0.0,0.0,0.0,1.0,0.0,0.0,0.0,0.0,0.0
-0.4988509476821572,-0.6768299608015976,-0.1418501998833427,0.6932923026628613,-1.5536606576562992,-0.4950935977445476,0.0,0.0,0.0,1.0,0.0,0.0,1.0,0.0,0.0,0.0,1.0,0.0,0.0,0.0,0.0,0.0
-0.4988509476821572,1.055768210801387,0.09539981981136296,-1.407149680371003,-1.2195224974578207,-0.16879392797055073,0.0,0.0,0.0,1.0,0.0,0.0,0.0,1.0,0.0,0.0,0.0,0.0,0.0,0.0,1.0,0.0
-0.4988509476821572,1.055768210801387,0.09539981981136296,-1.407149680371003,-1.2195224974578207,-0.2585551967340966,0.0,0.0,0.0,1.0,0.0,0.0,0.0,1.0,0.0,0.0,0.0,0.0,0.0,0.0,1.0,0.0
-0.4988509476821572,1.055768210801387,0.09539981981136296,-1.407149680371003,-1.2195224974578207,-0.040372795603054956,0.0,0.0,0.0,1.0,0.0,0.0,0.0,1.0,0.0,0.0,0.0,0.0,0.0,0.0,1.0,0.0
-0.03756778741803903,-0.606042875969569,-1.5512648853903679,-0.7070023526930482,-0.5709013629548916,-0.21087683243248018,1.0,0.0,0.0,0.0,0.0,0.0,0.0,1.0,0.0,0.0,1.0,0.0,0.0,0.0,0.0,0.0
-0.03756778741803903,-0.606042875969569,-1.5512648853903679,-0.7070023526930482,-0.5709013629548916,-0.11973198984761235,1.0,0.0,0.0,0.0,0.0,0.0,0.0,1.0,0.0,0.0,1.0,0.0,0.0,0.0,0.0,0.0
-0.03756778741803903,-0.606042875969569,-1.5512648853903679,-0.7070023526930482,-0.5709013629548916,-0.04739701059587871,1.0,0.0,0.0,0.0,0.0,0.0,0.0,1.0,0.0,0.0,1.0,0.0,0.0,0.0,0.0,0.0
-0.4988509476821572,-1.0745859612863293,-1.1897349126013863,-1.407149680371003,-0.37434950401461,0.20297870866858675,0.0,0.0,0.0,1.0,0.0,1.0,0.0,0.0,0.0,0.0,0.0,0.0,1.0,0.0,0.0,0.0
-0.4988509476821572,-0.7880668083947853,0.16099298423227615,-1.407149680371003,1.6697898289643183,-0.4697205061140789,0.0,0.0,0.0,1.0,0.0,0.0,0.0,1.0,0.0,0.0,0.0,0.0,0.0,1.0,0.0,0.0
2.2688480139025518,0.5400337355966075,0.524958521990026,0.6932923026628613,-0.5709013629548916,-0.5436895282985623,0.0,0.0,0.0,1.0,0.0,0.0,1.0,0.0,0.0,1.0,0.0,0.0,0.0,0.0,0.0,0.0
1.8075648536384334,-1.2532390801481157,-0.5392893813852682,1.393439630340816,0.9622031367793046,-0.3176648362596099,0.0,0.0,0.0,1.0,0.0,0.0,0.0,1.0,1.0,0.0,0.0,0.0,0.0,0.0,0.0,0.0
-0.4988509476821572,-0.8285165711559445,1.0445124520927918,1.393439630340816,0.2939268163823473,-0.5010398005242768,0.0,0.0,0.0,1.0,0.0,0.0,1.0,0.0,0.0,0.0,0.0,0.0,1.0,0.0,0.0,0.0
-0.4988509476821572,-0.8285165711559445,1.0445124520927918,1.393439630340816,0.2939268163823473,-0.4831607313883758,0.0,0.0,0.0,1.0,0.0,0.0,1.0,0.0,0.0,0.0,0.0,0.0,1.0,0.0,0.0,0.0
-0.4988509476821572,-0.8285165711559445,1.0445124520927918,1.393439630340816,0.2939268163823473,-0.5593227457303684,0.0,0.0,0.0,1.0,0.0,0.0,1.0,0.0,0.0,0.0,0.0,0.0,1.0,0.0,0.0,0.0
-0.4988509476821572,1.622064889457615,0.3638004717840823,-1.407149680371003,0.3332371881704036,-0.6061896546184093,1.0,0.0,0.0,0.0,0.0,0.0,1.0,0.0,0.0,1.0,0.0,0.0,0.0,0.0,0.0,0.0
-0.4988509476821572,1.622064889457615,0.3638004717840823,-1.407149680371003,0.3332371881704036,-0.47007685754603284,1.0,0.0,0.0,0.0,0.0,0.0,1.0,0.0,0.0,1.0,0.0,0.0,0.0,0.0,0.0,0.0
-0.4988509476821572,0.35800980317139114,1.6002540738015478,0.6932923026628613,-0.9246947090473984,-0.5110329121703049,1.0,0.0,0.0,0.0,0.0,0.0,1.0,0.0,0.0,0.0,0.0,1.0,0.0,0.0,0.0,0.0
-0.4988509476821572,-0.8453706389730941,0.06604888322966154,-1.407149680371003,0.31358200227637545,-0.5955720416419251,0.0,0.0,0.0,1.0,0.0,0.0,1.0,0.0,1.0,0.0,0.0,0.0,0.0,0.0,0.0,0.0
-0.4988509476821572,-0.009408875242471285,-0.8382372860344006,-1.407149680371003,-0.9050395231533702,-0.35799811323429276,1.0,0.0,0.0,0.0,0.0,0.0,0.0,1.0,1.0,0.0,0.0,0.0,0.0,0.0,0.0,0.0
-0.4988509476821572,-1.4116673176293224,0.944980345427238,1.393439630340816,-0.2957287604384974,0.8266077978441961,0.0,0.0,0.0,1.0,0.0,1.0,0.0,0.0,0.0,0.0,0.0,0.0,0.0,1.0,0.0,0.0
-0.4988509476821572,-0.3161529095145949,-0.7995026363024237,1.393439630340816,0.7263409060509667,-0.4805998835349447,0.0,1.0,0.0,0.0,0.0,0.0,1.0,0.0,0.0,0.0,0.0,1.0,0.0,0.0,0.0,0.0
-0.4988509476821572,-0.3161529095145949,-0.7995026363024237,1.393439630340816,0.7263409060509667,-0.627469291470078,0.0,1.0,0.0,0.0,0.0,0.0,1.0,0.0,0.0,0.0,0.0,1.0,0.0,0.0,0.0,0.0
0.8849985331101973,-1.1993060631332368,-0.09400683885797353,1.393439630340816,-0.0009009720280750351,1.1188699219517617,0.0,1.0,0.0,0.0,0.0,1.0,0.0,0.0,0.0,0.0,0.0,0.0,0.0,1.0,0.0,0.0
-0.4988509476821572,0.6580122103166548,1.6237719541193152,-0.0068550250150934385,-1.5733158435503276,-0.5486247596043696,0.0,0.0,0.0,1.0,0.0,0.0,1.0,0.0,0.0,0.0,0.0,0.0,0.0,1.0,0.0,0.0
-0.4988509476821572,-0.3262653502048847,1.2734068246507182,-1.407149680371003,-0.37434950401461,-0.5676461721184478,0.0,0.0,0.0,1.0,0.0,0.0,1.0,0.0,0.0,0.0,0.0,0.0,0.0,0.0,1.0,0.0
-0.4988509476821572,0.4456509558205694,-1.3844617548732965,-0.7070023526930482,1.394617226447924,-0.2728115391952226,0.0,0.0,0.0,1.0,0.0,0.0,0.0,1.0,1.0,0.0,0.0,0.0,0.0,0.0,0.0,0.0
-0.4988509476821572,1.5849859402598858,0.13486316644681126,1.393439630340816,0.19565088691220653,1.1512540855084439,1.0,0.0,0.0,0.0,0.0,1.0,0.0,0.0,0.0,1.0,0.0,0.0,0.0,0.0,0.0,0.0
-0.4988509476821572,1.5849859402598858,0.13486316644681126,1.393439630340816,0.19565088691220653,0.14368107693397744,1.0,0.0,0.0,0.0,0.0,1.0,0.0,0.0,0.0,1.0,0.0,0.0,0.0,0.0,0.0,0.0
-0.4988509476821572,1.5849859402598858,0.13486316644681126,1.393439630340816,0.19565088691220653,0.303080717640273,1.0,0.0,0.0,0.0,0.0,1.0,0.0,0.0,0.0,1.0,0.0,0.0,0.0,0.0,0.0,0.0
-0.4988509476821572,-0.09705002789164938,0.16844356196665466,1.393439630340816,1.3553068546598677,-0.4245909304289193,0.0,1.0,0.0,0.0,0.0,0.0,0.0,1.0,0.0,0.0,0.0,1.0,0.0,0.0,0.0,0.0
-0.4988509476821572,0.8231820749247216,0.7985575212996112,0.6932923026628613,-0.6691772924250323,-0.577064240322531,0.0,0.0,0.0,1.0,0.0,0.0,1.0,0.0,0.0,0.0,0.0,1.0,0.0,0.0,0.0,0.0
-0.4988509476821572,-1.2296433852041062,1.19703637226891,1.393439630340816,0.7066857201569385,-0.506842115126183,1.0,0.0,0.0,0.0,0.0,0.0,1.0,0.0,0.0,0.0,1.0,0.0,0.0,0.0,0.0,0.0
-0.4988509476821572,-1.2296433852041062,1.19703637226891,1.393439630340816,0.7066857201569385,-0.584575636736746,1.0,0.0,0.0,0.0,0.0,0.0,1.0,0.0,0.0,0.0,1.0,0.0,0.0,0.0,0.0,0.0
-0.4988509476821572,0.06474902315298726,-0.23426242725001056,1.393439630340816,0.49047867532262884,-0.5146353007166691,1.0,0.0,0.0,0.0,0.0,0.0,1.0,0.0,0.0,0.0,0.0,0.0,0.0,1.0,0.0,0.0
-0.4988509476821572,0.06474902315298726,-0.23426242725001056,1.393439630340816,0.49047867532262884,-0.5833004197626492,1.0,0.0,0.0,0.0,0.0,0.0,1.0,0.0,0.0,0.0,0.0,0.0,0.0,1.0,0.0,0.0
-0.4988509476821572,-0.7206505371261865,-0.1720447075618971,0.6932923026628613,-1.12124656798768,-0.6295651698805621,0.0,0.0,0.0,1.0,0.0,0.0,1.0,0.0,0.0,1.0,0.0,0.0,0.0,0.0,0.0,0.0
-0.4988509476821572,-0.7206505371261865,-0.1720447075618971,0.6932923026628613,-1.12124656798768,-0.6323104189412831,0.0,0.0,0.0,1.0,0.0,0.0,1.0,0.0,0.0,1.0,0.0,0.0,0.0,0.0,0.0,0.0
-0.4988509476821572,-1.1184065376109185,0.8544246706808794,0.6932923026628613,1.6108242712822338,0.5138887353987376,0.0,0.0,0.0,1.0,0.0,1.0,0.0,0.0,0.0,0.0,1.0,0.0,0.0,0.0,0.0,0.0
-0.4988509476821572,-0.22514094330198686,-0.01122199717299677,-0.0068550250150934385,-0.1581424591803003,-0.5714026211713874,0.0,0.0,0.0,1.0,0.0,0.0,1.0,0.0,0.0,0.0,0.0,0.0,0.0,0.0,0.0,1.0
-0.4988509476821572,-1.2195309445138163,-1.4502254900662006,-1.407149680371003,-0.5119358052728071,3.59244475094531,1.0,0.0,0.0,0.0,1.0,0.0,0.0,0.0,0.0,0.0,0.0,1.0,0.0,0.0,0.0,0.0
-0.4988509476821572,-1.2195309445138163,-1.4502254900662006,-1.407149680371003,-0.5119358052728071,2.919904682833596,1.0,0.0,0.0,0.0,1.0,0.0,0.0,0.0,0.0,0.0,0.0,1.0,0.0,0.0,0.0,0.0
-0.4988509476821572,-1.2195309445138163,-1.4502254900662006,-1.407149680371003,-0.5119358052728071,2.943731136515275,1.0,0.0,0.0,0.0,1.0,0.0,0.0,0.0,0.0,0.0,0.0,1.0,0.0,0.0,0.0,0.0
2.73013117416667,0.6950911595143842,0.8278678457927433,-0.7070023526930482,1.5715138994941775,-0.5377125930724672,1.0,0.0,0.0,0.0,0.0,0.0,1.0,0.0,0.0,0.0,0.0,1.0,0.0,0.0,0.0,0.0
-0.4988509476821572,0.128794480858156,1.357023633978671,-1.407149680371003,-0.9836602667294828,-0.4600928213409328,0.0,1.0,0.0,0.0,0.0,0.0,1.0,0.0,1.0,0.0,0.0,0.0,0.0,0.0,0.0,0.0
-0.4988509476821572,-1.1689687410623675,0.12257858982730256,-0.0068550250150934385,-0.2957287604384974,0.8630301147518645,0.0,1.0,0.0,0.0,0.0,1.0,0.0,0.0,0.0,0.0,0.0,0.0,0.0,0.0,0.0,1.0
0.8849985331101973,-1.189193622442947,-1.3356994003008742,1.393439630340816,-1.2195224974578207,-0.4511415572552648,0.0,0.0,0.0,1.0,0.0,0.0,0.0,1.0,0.0,1.0,0.0,0.0,0.0,0.0,0.0,0.0
-0.4988509476821572,1.6591438386553443,0.3425557080808061,-0.0068550250150934385,1.3356516687658395,-0.17209744070114094,0.0,0.0,0.0,1.0,0.0,0.0,0.0,1.0,0.0,1.0,0.0,0.0,0.0,0.0,0.0,0.0
-0.4988509476821572,-1.337509419233864,0.5030790493596816,0.6932923026628613,-1.1015913820936518,3.446919565980798,1.0,0.0,0.0,0.0,1.0,0.0,0.0,0.0,0.0,0.0,0.0,1.0,0.0,0.0,0.0,0.0
-0.4988509476821572,-1.337509419233864,0.5030790493596816,0.6932923026628613,-1.1015913820936518,1.2577211843559928,1.0,0.0,0.0,0.0,1.0,0.0,0.0,0.0,0.0,0.0,0.0,1.0,0.0,0.0,0.0,0.0
-0.4988509476821572,-1.337509419233864,0.5030790493596816,0.6932923026628613,-1.1015913820936518,2.081477652967339,1.0,0.0,0.0,0.0,1.0,0.0,0.0,0.0,0.0,0.0,0.0,1.0,0.0,0.0,0.0,0.0
-0.4988509476821572,1.2681294652974724,-0.24835946336509618,0.6932923026628613,-1.376763984610046,-0.2078743044150882,1.0,0.0,0.0,0.0,0.0,0.0,0.0,1.0,1.0,0.0,0.0,0.0,0.0,0.0,0.0,0.0
0.8849985331101973,-1.4184089447561823,0.7587367882847533,1.393439630340816,-0.5315909911668353,-0.04448894551326952,1.0,0.0,0.0,0.0,0.0,0.0,0.0,1.0,1.0,0.0,0.0,0.0,0.0,0.0,0.0,0.0
0.8849985331101973,-1.4184089447561823,0.7587367882847533,1.393439630340816,-0.5315909911668353,-0.014444828902603193,1.0,0.0,0.0,0.0,0.0,0.0,0.0,1.0,1.0,0.0,0.0,0.0,0.0,0.0,0.0,0.0
0.8849985331101973,-1.4184089447561823,0.7587367882847533,1.393439630340816,-0.5315909911668353,-0.16399526572797618,1.0,0.0,0.0,0.0,0.0,0.0,0.0,1.0,1.0,0.0,0.0,0.0,0.0,0.0,0.0,0.0
4.575263815223143,1.291725160241482,0.06329306293389002,0.6932923026628613,-0.6888324783190605,-0.6091035762985096,0.0,0.0,0.0,1.0,0.0,0.0,1.0,0.0,0.0,0.0,0.0,1.0,0.0,0.0,0.0,0.0
4.575263815223143,1.291725160241482,0.06329306293389002,0.6932923026628613,-0.6888324783190605,-0.5422908722696548,0.0,0.0,0.0,1.0,0.0,0.0,1.0,0.0,0.0,0.0,0.0,1.0,0.0,0.0,0.0,0.0
4.575263815223143,1.291725160241482,0.06329306293389002,0.6932923026628613,-0.6888324783190605,-0.5164381142052109,0.0,0.0,0.0,1.0,0.0,0.0,1.0,0.0,0.0,0.0,0.0,1.0,0.0,0.0,0.0,0.0
-0.4988509476821572,0.10519878591414647,0.9402542586631633,1.393439630340816,-1.5929710294443558,0.27883042127996793,1.0,0.0,0.0,0.0,0.0,1.0,0.0,0.0,0.0,0.0,0.0,0.0,1.0,0.0,0.0,0.0
-0.4988509476821572,-0.6599758929844479,-0.13658223182321522,-1.407149680371003,-1.4357295422921303,1.1114645645563335,0.0,0.0,0.0,1.0,0.0,1.0,0.0,0.0,0.0,0.0,0.0,0.0,1.0,0.0,0.0,0.0
-0.4988509476821572,-0.6599758929844479,-0.13658223182321522,-1.407149680371003,-1.4357295422921303,1.085776150321819,0.0,0.0,0.0,1.0,0.0,1.0,0.0,0.0,0.0,0.0,0.0,0.0,1.0,0.0,0.0,0.0
0.8849985331101973,-0.6296385709135786,-0.7587211373065559,-0.7070023526930482,-0.17779764507432844,1.9371248190979145,0.0,0.0,0.0,1.0,1.0,0.0,0.0,0.0,0.0,0.0,0.0,0.0,0.0,0.0,1.0,0.0
-0.4988509476821572,1.3220624823123515,-1.6092914375381333,0.6932923026628613,0.9425479508852764,-0.13661212715928317,0.0,0.0,0.0,1.0,0.0,0.0,0.0,1.0,0.0,1.0,0.0,0.0,0.0,0.0,0.0,0.0
-0.4988509476821572,1.3220624823123515,-1.6092914375381333,0.6932923026628613,0.9425479508852764,-0.46728825529987106,0.0,0.0,0.0,1.0,0.0,0.0,0.0,1.0,0.0,1.0,0.0,0.0,0.0,0.0,0.0,0.0
-0.4988509476821572,1.3220624823123515,-1.6092914375381333,0.6932923026628613,0.9425479508852764,-0.21976596565780865,0.0,0.0,0.0,1.0,0.0,0.0,0.0,1.0,0.0,1.0,0.0,0.0,0.0,0.0,0.0,0.0
-0.4988509476821572,0.7793614986001325,0.8645742117870324,-0.0068550250150934385,-0.4922806193787789,-0.6155274737257678,1.0,0.0,0.0,0.0,0.0,0.0,1.0,0.0,0.0,0.0,0.0,0.0,0.0,0.0,0.0,1.0
-0.4988509476821572,0.7793614986001325,0.8645742117870324,-0.0068550250150934385,-0.4922806193787789,-0.5839873261754011,1.0,0.0,0.0,0.0,0.0,0.0,1.0,0.0,0.0,0.0,0.0,0.0,0.0,0.0,0.0,1.0
-0.4988509476821572,0.7793614986001325,0.8645742117870324,-0.0068550250150934385,-0.4922806193787789,-0.5035154436984907,1.0,0.0,0.0,0.0,0.0,0.0,1.0,0.0,0.0,0.0,0.0,0.0,0.0,0.0,0.0,1.0
-0.4988509476821572,0.5973375661749164,-0.6724529387677238,-1.407149680371003,-0.7084876642130886,-0.4647732155712973,0.0,0.0,0.0,1.0,0.0,0.0,0.0,1.0,0.0,0.0,0.0,1.0,0.0,0.0,0.0,0.0
2.73013117416667,1.0321725158573776,1.3397716187544473,-0.0068550250150934385,-1.4553847281861585,-0.6128522165547946,0.0,1.0,0.0,0.0,0.0,0.0,1.0,0.0,1.0,0.0,0.0,0.0,0.0,0.0,0.0,0.0
2.73013117416667,1.0321725158573776,1.3397716187544473,-0.0068550250150934385,-1.4553847281861585,-0.47826985874851496,0.0,1.0,0.0,0.0,0.0,0.0,1.0,0.0,1.0,0.0,0.0,0.0,0.0,0.0,0.0,0.0
2.73013117416667,1.0321725158573776,1.3397716187544473,-0.0068550250150934385,-1.4553847281861585,-0.5283159207100541,0.0,1.0,0.0,0.0,0.0,0.0,1.0,0.0,1.0,0.0,0.0,0.0,0.0,0.0,0.0,0.0
-0.4988509476821572,-0.7948084355216452,-1.287258461400843,-0.7070023526930482,0.41185793174651625,0.8173972177244689,1.0,0.0,0.0,0.0,0.0,1.0,0.0,0.0,0.0,0.0,0.0,0.0,0.0,1.0,0.0,0.0
-0.4988509476821572,-0.7948084355216452,-1.287258461400843,-0.7070023526930482,0.41185793174651625,-0.051154634885773084,1.0,0.0,0.0,0.0,0.0,1.0,0.0,0.0,0.0,0.0,0.0,0.0,0.0,1.0,0.0,0.0
-0.4988509476821572,0.42205526087655987,1.0769557091326958,-1.407149680371003,-1.7109021448085246,-0.545683781357934,0.0,0.0,0.0,1.0,0.0,0.0,1.0,0.0,0.0,0.0,0.0,1.0,0.0,0.0,0.0,0.0
-0.4988509476821572,0.42205526087655987,1.0769557091326958,-1.407149680371003,-1.7109021448085246,-0.5411782493282437,0.0,0.0,0.0,1.0,0.0,0.0,1.0,0.0,0.0,0.0,0.0,1.0,0.0,0.0,0.0,0.0
-0.4988509476821572,-0.11053328214536912,-0.6100008293112964,0.6932923026628613,0.3922027458524881,-0.5509127500823855,0.0,0.0,0.0,1.0,0.0,0.0,1.0,0.0,0.0,0.0,0.0,0.0,1.0,0.0,0.0,0.0
-0.4988509476821572,0.9748686852790687,-0.2684879748054114,-0.0068550250150934385,1.1784101816136143,-0.5129451467484255,0.0,0.0,0.0,1.0,0.0,0.0,0.0,1.0,0.0,0.0,0.0,1.0,0.0,0.0,0.0,0.0
-0.4988509476821572,-0.6195261302232887,-1.6089769839380683,0.6932923026628613,0.45116830353457255,3.1849091314464792,0.0,0.0,0.0,1.0,1.0,0.0,0.0,0.0,0.0,0.0,0.0,0.0,0.0,0.0,0.0,1.0
-0.4988509476821572,0.5063255999623082,-0.591942374042626,1.393439630340816,1.4535827841300084,2.030859505243524,0.0,0.0,0.0,1.0,1.0,0.0,0.0,0.0,0.0,0.0,0.0,0.0,0.0,0.0,0.0,1.0
-0.4988509476821572,1.3119500416220615,1.078736839302805,-1.407149680371003,-0.4922806193787789,-0.40862846383515394,1.0,0.0,0.0,0.0,0.0,0.0,0.0,1.0,0.0,0.0,1.0,0.0,0.0,0.0,0.0,0.0
-0.4988509476821572,-0.3060404688243051,0.6984208746870691,-0.0068550250150934385,-0.4333150616966945,-0.47073431774397473,0.0,0.0,0.0,1.0,0.0,0.0,1.0,0.0,0.0,0.0,0.0,0.0,0.0,1.0,0.0,0.0
-0.4988509476821572,-0.3060404688243051,0.6984208746870691,-0.0068550250150934385,-0.4333150616966945,-0.5400931465188556,0.0,0.0,0.0,1.0,0.0,0.0,1.0,0.0,0.0,0.0,0.0,0.0,0.0,1.0,0.0,0.0
-0.4988509476821572,-1.4352630125733319,1.0623272348300468,-0.7070023526930482,-0.7871084077892013,2.243333447501682,0.0,0.0,0.0,1.0,1.0,0.0,0.0,0.0,0.0,0.0,0.0,0.0,1.0,0.0,0.0,0.0
0.42371537284607913,0.07823227740670699,-0.8629039082859843,-0.7070023526930482,0.6870305342629104,-0.5987409766830114,0.0,0.0,0.0,1.0,0.0,0.0,1.0,0.0,0.0,0.0,0.0,0.0,1.0,0.0,0.0,0.0
0.42371537284607913,0.07823227740670699,-0.8629039082859843,-0.7070023526930482,0.6870305342629104,-0.5413393677856417,0.0,0.0,0.0,1.0,0.0,0.0,1.0,0.0,0.0,0.0,0.0,0.0,1.0,0.0,0.0,0.0
-0.4988509476821572,0.6040791933017763,1.4977340777626837,-0.7070023526930482,1.2177205534016706,-0.30924016973697555,0.0,0.0,0.0,1.0,0.0,0.0,0.0,1.0,0.0,0.0,0.0,0.0,1.0,0.0,0.0,0.0
-0.4988509476821572,0.6040791933017763,1.4977340777626837,-0.7070023526930482,1.2177205534016706,-0.14075801056445217,0.0,0.0,0.0,1.0,0.0,0.0,0.0,1.0,0.0,0.0,0.0,0.0,1.0,0.0,0.0,0.0
3.6526974946949062,-0.02289212949619102,-0.29553910682870477,1.393439630340816,-0.2367632027564129,-0.20185913481339945,0.0,0.0,1.0,0.0,0.0,0.0,0.0,1.0,0.0,0.0,0.0,0.0,0.0,0.0,1.0,0.0
3.6526974946949062,-0.02289212949619102,-0.29553910682870477,1.393439630340816,-0.2367632027564129,0.003832625973665642,0.0,0.0,1.0,0.0,0.0,0.0,0.0,1.0,0.0,0.0,0.0,0.0,0.0,0.0,1.0,0.0
-0.4988509476821572,-0.0903084007647895,0.6089211142435115,-0.7070023526930482,1.6501346430702901,0.5497020771619405,0.0,0.0,0.0,1.0,0.0,1.0,0.0,0.0,0.0,0.0,1.0,0.0,0.0,0.0,0.0,0.0
-0.4988509476821572,-1.3139137242898544,-0.2385336586221095,-0.7070023526930482,0.37254755995845995,-0.6196451775604002,1.0,0.0,0.0,0.0,0.0,0.0,1.0,0.0,0.0,0.0,0.0,0.0,0.0,0.0,0.0,1.0
-0.4988509476821572,-0.8049208762119349,-1.2868302939527843,1.393439630340816,-0.7674532218951731,1.349781732401414,0.0,0.0,0.0,1.0,1.0,0.0,0.0,0.0,1.0,0.0,0.0,0.0,0.0,0.0,0.0,0.0
-0.4988509476821572,-0.8049208762119349,-1.2868302939527843,1.393439630340816,-0.7674532218951731,1.1808063915699363,0.0,0.0,0.0,1.0,1.0,0.0,0.0,0.0,1.0,0.0,0.0,0.0,0.0,0.0,0.0,0.0
-0.4988509476821572,1.4366701434689693,0.6232769073800526,-1.407149680371003,0.883582393203192,1.1114740643883843,0.0,0.0,0.0,1.0,0.0,1.0,0.0,0.0,1.0,0.0,0.0,0.0,0.0,0.0,0.0,0.0
-0.4988509476821572,0.5973375661749164,-0.18329889747713418,-0.7070023526930482,0.8049616496270794,3.1813435082295154,0.0,0.0,0.0,1.0,1.0,0.0,0.0,0.0,0.0,0.0,0.0,0.0,0.0,1.0,0.0,0.0
-0.4988509476821572,-1.617286944998548,-0.8549833906695901,-0.7070023526930482,0.4708234894286007,-0.28509502443864704,1.0,0.0,0.0,0.0,0.0,0.0,0.0,1.0,1.0,0.0,0.0,0.0,0.0,0.0,0.0,0.0
-0.4988509476821572,-1.617286944998548,-0.8549833906695901,-0.7070023526930482,0.4708234894286007,-0.48545731415434945,1.0,0.0,0.0,0.0,0.0,0.0,0.0,1.0,1.0,0.0,0.0,0.0,0.0,0.0,0.0,0.0
-0.4988509476821572,-1.617286944998548,-0.8549833906695901,-0.7070023526930482,0.4708234894286007,-0.24379479514309074,1.0,0.0,0.0,0.0,0.0,0.0,0.0,1.0,1.0,0.0,0.0,0.0,0.0,0.0,0.0,0.0
-0.4988509476821572,-0.9700907408200015,0.8200517592612414,-0.7070023526930482,-0.39400468990863813,3.005150652042539,0.0,0.0,0.0,1.0,1.0,0.0,0.0,0.0,0.0,0.0,1.0,0.0,0.0,0.0,0.0,0.0
-0.4988509476821572,0.6411581424995055,-1.389865483343784,-1.407149680371003,-1.396419170504074,1.1859516768941174,0.0,0.0,0.0,1.0,0.0,1.0,0.0,0.0,1.0,0.0,0.0,0.0,0.0,0.0,0.0,0.0
-0.4988509476821572,0.9141940411373298,-1.4345120928260582,-0.7070023526930482,0.21530607280623468,-0.4690325746335388,1.0,0.0,0.0,0.0,0.0,0.0,1.0,0.0,0.0,0.0,0.0,1.0,0.0,0.0,0.0,0.0
-0.4988509476821572,0.9141940411373298,-1.4345120928260582,-0.7070023526930482,0.21530607280623468,-0.5654343369950978,1.0,0.0,0.0,0.0,0.0,0.0,1.0,0.0,0.0,0.0,0.0,1.0,0.0,0.0,0.0,0.0
-0.4988509476821572,0.9141940411373298,-1.4345120928260582,-0.7070023526930482,0.21530607280623468,-0.587559889819492,1.0,0.0,0.0,0.0,0.0,0.0,1.0,0.0,0.0,0.0,0.0,1.0,0.0,0.0,0.0,0.0
-0.4988509476821572,1.1703758719580044,1.0045223086513306,-1.407149680371003,0.2939268163823473,-0.45556992192068935,0.0,0.0,0.0,1.0,0.0,0.0,1.0,0.0,0.0,0.0,0.0,0.0,1.0,0.0,0.0,0.0
-0.4988509476821572,1.1703758719580044,1.0045223086513306,-1.407149680371003,0.2939268163823473,-0.6014187214388721,0.0,0.0,0.0,1.0,0.0,0.0,1.0,0.0,0.0,0.0,0.0,0.0,1.0,0.0,0.0,0.0
-0.4988509476821572,-0.6768299608015976,-0.4890069743549677,-1.407149680371003,-0.5709013629548916,1.1930558210580504,0.0,0.0,0.0,1.0,0.0,1.0,0.0,0.0,0.0,0.0,0.0,0.0,0.0,1.0,0.0,0.0
-0.4988509476821572,-0.6768299608015976,-0.4890069743549677,-1.407149680371003,-0.5709013629548916,0.8913901233355099,0.0,0.0,0.0,1.0,0.0,1.0,0.0,0.0,0.0,0.0,0.0,0.0,0.0,1.0,0.0,0.0
-0.4988509476821572,-0.6768299608015976,-0.4890069743549677,-1.407149680371003,-0.5709013629548916,0.6784190558455048,0.0,0.0,0.0,1.0,0.0,1.0,0.0,0.0,0.0,0.0,0.0,0.0,0.0,1.0,0.0,0.0
-0.4988509476821572,0.20295237925361453,0.6216361790018543,0.6932923026628613,1.5911690853882057,-0.49040871802647257,0.0,0.0,0.0,1.0,0.0,0.0,1.0,0.0,0.0,0.0,0.0,0.0,0.0,0.0,0.0,1.0
-0.4988509476821572,0.35126817604453126,1.5622260744106762,-0.0068550250150934385,-0.2957287604384974,-0.4805035402210343,0.0,0.0,0.0,1.0,0.0,0.0,1.0,0.0,0.0,0.0,1.0,0.0,0.0,0.0,0.0,0.0
-0.4988509476821572,-1.2464974530212558,0.6919739957130453,0.6932923026628613,-0.3350391322265537,-0.4558051978299303,0.0,1.0,0.0,0.0,0.0,0.0,1.0,0.0,0.0,0.0,0.0,0.0,0.0,0.0,0.0,1.0
-0.4988509476821572,1.5849859402598858,1.115428120807054,0.6932923026628613,1.2963412969777832,-0.5053953919058274,0.0,0.0,0.0,1.0,0.0,0.0,1.0,0.0,0.0,0.0,1.0,0.0,0.0,0.0,0.0,0.0
